2025-12-15T17:54:02.363+05:30  INFO 18252 --- [user-service] [main] com.app_ecom.EcomApplication             : Starting EcomApplication using Java 21.0.8 with PID 18252 (D:\Personal\CODE\Java-Code\MicroService\MicroserverWithDiffrentServices\user-model\target\classes started by Fintern in D:\Personal\CODE\Java-Code\MicroService\MicroserverWithDiffrentServices)
2025-12-15T17:54:02.366+05:30  INFO 18252 --- [user-service] [main] com.app_ecom.EcomApplication             : No active profile set, falling back to 1 default profile: "default"
2025-12-15T17:54:02.404+05:30  INFO 18252 --- [user-service] [main] o.s.c.c.c.ConfigServerConfigDataLoader   : Fetching config from server at : http://localhost:8888
2025-12-15T17:54:02.404+05:30  INFO 18252 --- [user-service] [main] o.s.c.c.c.ConfigServerConfigDataLoader   : Located environment: name=user-service, profiles=[default], label=null, version=null, state=null
2025-12-15T17:54:03.926+05:30  INFO 18252 --- [user-service] [main] .s.d.r.c.RepositoryConfigurationDelegate : Bootstrapping Spring Data MongoDB repositories in DEFAULT mode.
2025-12-15T17:54:04.151+05:30  INFO 18252 --- [user-service] [main] .s.d.r.c.RepositoryConfigurationDelegate : Finished Spring Data repository scanning in 203 ms. Found 1 MongoDB repository interface.
2025-12-15T17:54:04.460+05:30  INFO 18252 --- [user-service] [main] faultConfiguringBeanFactoryPostProcessor : No bean named 'errorChannel' has been explicitly defined. Therefore, a default PublishSubscribeChannel will be created.
2025-12-15T17:54:04.482+05:30  INFO 18252 --- [user-service] [main] faultConfiguringBeanFactoryPostProcessor : No bean named 'integrationHeaderChannelRegistry' has been explicitly defined. Therefore, a default DefaultHeaderChannelRegistry will be created.
2025-12-15T17:54:04.626+05:30  INFO 18252 --- [user-service] [main] o.s.cloud.context.scope.GenericScope     : BeanFactory id=99f91e0a-a5d3-358c-bfad-35471311acf4
2025-12-15T17:54:05.186+05:30  INFO 18252 --- [user-service] [main] o.s.b.w.embedded.tomcat.TomcatWebServer  : Tomcat initialized with port 8081 (http)
2025-12-15T17:54:05.201+05:30  INFO 18252 --- [user-service] [main] o.apache.catalina.core.StandardService   : Starting service [Tomcat]
2025-12-15T17:54:05.201+05:30  INFO 18252 --- [user-service] [main] o.apache.catalina.core.StandardEngine    : Starting Servlet engine: [Apache Tomcat/10.1.46]
2025-12-15T17:54:05.276+05:30  INFO 18252 --- [user-service] [main] o.a.c.c.C.[Tomcat].[localhost].[/]       : Initializing Spring embedded WebApplicationContext
2025-12-15T17:54:05.276+05:30  INFO 18252 --- [user-service] [main] w.s.c.ServletWebServerApplicationContext : Root WebApplicationContext: initialization completed in 2869 ms
2025-12-15T17:54:05.772+05:30  INFO 18252 --- [user-service] [main] org.mongodb.driver.client                : MongoClient with metadata {"driver": {"name": "mongo-java-driver|sync|spring-boot", "version": "5.5.1"}, "os": {"type": "Windows", "name": "Windows 11", "architecture": "amd64", "version": "10.0"}, "platform": "Java/Oracle Corporation/21.0.8+12-LTS-250"} created with settings MongoClientSettings{readPreference=primary, writeConcern=WriteConcern{w=null, wTimeout=null ms, journal=null}, retryWrites=true, retryReads=true, readConcern=ReadConcern{level=null}, credential=null, transportSettings=null, commandListeners=[io.micrometer.core.instrument.binder.mongodb.MongoMetricsCommandListener@50e6ee24], codecRegistry=ProvidersCodecRegistry{codecProviders=[ValueCodecProvider{}, BsonValueCodecProvider{}, DBRefCodecProvider{}, DBObjectCodecProvider{}, DocumentCodecProvider{}, CollectionCodecProvider{}, IterableCodecProvider{}, MapCodecProvider{}, GeoJsonCodecProvider{}, GridFSFileCodecProvider{}, Jsr310CodecProvider{}, JsonObjectCodecProvider{}, BsonCodecProvider{}, EnumCodecProvider{}, com.mongodb.client.model.mql.ExpressionCodecProvider@7acb5200, com.mongodb.Jep395RecordCodecProvider@3d50a3d9, com.mongodb.KotlinCodecProvider@3661b732]}, loggerSettings=LoggerSettings{maxDocumentLength=1000}, clusterSettings={hosts=[localhost:27017], srvServiceName=mongodb, mode=SINGLE, requiredClusterType=UNKNOWN, requiredReplicaSetName='null', serverSelector='null', clusterListeners='[]', serverSelectionTimeout='30000 ms', localThreshold='15 ms'}, socketSettings=SocketSettings{connectTimeoutMS=10000, readTimeoutMS=0, receiveBufferSize=0, proxySettings=ProxySettings{host=null, port=null, username=null, password=null}}, heartbeatSocketSettings=SocketSettings{connectTimeoutMS=10000, readTimeoutMS=10000, receiveBufferSize=0, proxySettings=ProxySettings{host=null, port=null, username=null, password=null}}, connectionPoolSettings=ConnectionPoolSettings{maxSize=100, minSize=0, maxWaitTimeMS=120000, maxConnectionLifeTimeMS=0, maxConnectionIdleTimeMS=0, maintenanceInitialDelayMS=0, maintenanceFrequencyMS=60000, connectionPoolListeners=[io.micrometer.core.instrument.binder.mongodb.MongoMetricsConnectionPoolListener@5111f814], maxConnecting=2}, serverSettings=ServerSettings{heartbeatFrequencyMS=10000, minHeartbeatFrequencyMS=500, serverMonitoringMode=AUTO, serverListeners='[]', serverMonitorListeners='[]'}, sslSettings=SslSettings{enabled=false, invalidHostNameAllowed=false, context=null}, applicationName='null', compressorList=[], uuidRepresentation=JAVA_LEGACY, serverApi=null, autoEncryptionSettings=null, dnsClient=null, inetAddressResolver=null, contextProvider=null, timeoutMS=null}
2025-12-15T17:54:05.784+05:30  INFO 18252 --- [user-service] [cluster-ClusterId{value='693ffde551c94de8f058aec2', description='null'}-localhost:27017] org.mongodb.driver.cluster               : Monitor thread successfully connected to server with description ServerDescription{address=localhost:27017, type=STANDALONE, cryptd=false, state=CONNECTED, ok=true, minWireVersion=0, maxWireVersion=27, maxDocumentSize=16777216, logicalSessionTimeoutMinutes=30, roundTripTimeNanos=23775900, minRoundTripTimeNanos=0}
2025-12-15T17:54:07.180+05:30  WARN 18252 --- [user-service] [main] c.f.c.c.BeanFactoryAwareFunctionRegistry : Failed to locate function 'busConsumer' for function definition 'busConsumer'. Returning null.
2025-12-15T17:54:07.269+05:30  INFO 18252 --- [user-service] [main] o.s.c.s.m.DirectWithAttributesChannel    : Channel 'user-service.springCloudBusInput' has 1 subscriber(s).
2025-12-15T17:54:07.515+05:30  INFO 18252 --- [user-service] [main] DiscoveryClientOptionalArgsConfiguration : Eureka HTTP Client uses RestTemplate.
2025-12-15T17:54:07.602+05:30  WARN 18252 --- [user-service] [main] iguration$LoadBalancerCaffeineWarnLogger : Spring Cloud LoadBalancer is currently working with the default cache. While this cache implementation is useful for development and tests, it's recommended to use Caffeine cache in production.You can switch to using Caffeine cache, by adding it and org.springframework.cache.caffeine.CaffeineCacheManager to the classpath.
2025-12-15T17:54:07.613+05:30  INFO 18252 --- [user-service] [main] o.s.b.a.e.web.EndpointLinksResolver      : Exposing 25 endpoints beneath base path '/actuator'
2025-12-15T17:54:07.760+05:30  INFO 18252 --- [user-service] [main] o.s.i.endpoint.EventDrivenConsumer       : Adding {logging-channel-adapter:_org.springframework.integration.errorLogger} as a subscriber to the 'errorChannel' channel
2025-12-15T17:54:07.761+05:30  INFO 18252 --- [user-service] [main] o.s.i.channel.PublishSubscribeChannel    : Channel 'user-service.errorChannel' has 1 subscriber(s).
2025-12-15T17:54:07.761+05:30  INFO 18252 --- [user-service] [main] o.s.i.endpoint.EventDrivenConsumer       : started bean '_org.springframework.integration.errorLogger'
2025-12-15T17:54:07.850+05:30  INFO 18252 --- [user-service] [main] o.s.c.n.eureka.InstanceInfoFactory       : Setting initial instance status as: STARTING
2025-12-15T17:54:07.881+05:30  INFO 18252 --- [user-service] [main] com.netflix.discovery.DiscoveryClient    : Initializing Eureka in region us-east-1
2025-12-15T17:54:07.886+05:30  INFO 18252 --- [user-service] [main] c.n.d.s.r.aws.ConfigClusterResolver      : Resolving eureka endpoints via configuration
2025-12-15T17:54:07.894+05:30  INFO 18252 --- [user-service] [main] com.netflix.discovery.DiscoveryClient    : Disable delta property : false
2025-12-15T17:54:07.895+05:30  INFO 18252 --- [user-service] [main] com.netflix.discovery.DiscoveryClient    : Single vip registry refresh property : null
2025-12-15T17:54:07.895+05:30  INFO 18252 --- [user-service] [main] com.netflix.discovery.DiscoveryClient    : Force full registry fetch : false
2025-12-15T17:54:07.895+05:30  INFO 18252 --- [user-service] [main] com.netflix.discovery.DiscoveryClient    : Application is null : false
2025-12-15T17:54:07.895+05:30  INFO 18252 --- [user-service] [main] com.netflix.discovery.DiscoveryClient    : Registered Applications size is zero : true
2025-12-15T17:54:07.895+05:30  INFO 18252 --- [user-service] [main] com.netflix.discovery.DiscoveryClient    : Application version is -1: true
2025-12-15T17:54:07.895+05:30  INFO 18252 --- [user-service] [main] com.netflix.discovery.DiscoveryClient    : Getting all instance registry info from the eureka server
2025-12-15T17:54:08.207+05:30  INFO 18252 --- [user-service] [main] com.netflix.discovery.DiscoveryClient    : The response status is 200
2025-12-15T17:54:08.209+05:30  INFO 18252 --- [user-service] [main] com.netflix.discovery.DiscoveryClient    : Starting heartbeat executor: renew interval is: 30
2025-12-15T17:54:08.212+05:30  INFO 18252 --- [user-service] [main] c.n.discovery.InstanceInfoReplicator     : InstanceInfoReplicator onDemand update allowed rate per min is 4
2025-12-15T17:54:08.214+05:30  INFO 18252 --- [user-service] [main] com.netflix.discovery.DiscoveryClient    : Discovery Client initialized at timestamp 1765801448214 with initial instances count: 3
2025-12-15T17:54:08.218+05:30  INFO 18252 --- [user-service] [main] o.s.c.n.e.s.EurekaServiceRegistry        : Registering application USER-SERVICE with eureka with status UP
2025-12-15T17:54:08.219+05:30  INFO 18252 --- [user-service] [main] com.netflix.discovery.DiscoveryClient    : Saw local status change event StatusChangeEvent [timestamp=1765801448219, current=UP, previous=STARTING]
2025-12-15T17:54:08.223+05:30  INFO 18252 --- [user-service] [main] o.s.c.s.binder.DefaultBinderFactory      : Creating binder: rabbit
2025-12-15T17:54:08.223+05:30  INFO 18252 --- [user-service] [main] o.s.c.s.binder.DefaultBinderFactory      : Constructing binder child context for rabbit
2025-12-15T17:54:08.225+05:30  INFO 18252 --- [user-service] [DiscoveryClient-InstanceInfoReplicator-%d] com.netflix.discovery.DiscoveryClient    : DiscoveryClient_USER-SERVICE/FON-LAP-52.mshome.net:user-service:8081: registering service...
2025-12-15T17:54:08.298+05:30  INFO 18252 --- [user-service] [DiscoveryClient-InstanceInfoReplicator-%d] com.netflix.discovery.DiscoveryClient    : DiscoveryClient_USER-SERVICE/FON-LAP-52.mshome.net:user-service:8081 - registration status: 204
2025-12-15T17:54:08.401+05:30  INFO 18252 --- [user-service] [main] o.s.c.s.binder.DefaultBinderFactory      : Caching the binder: rabbit
2025-12-15T17:54:08.428+05:30  INFO 18252 --- [user-service] [main] c.s.b.r.p.RabbitExchangeQueueProvisioner : declaring queue for inbound: springCloudBus.anonymous.GJUSfB1ST5mLtdG6ByXBYQ, bound to: springCloudBus
2025-12-15T17:54:08.435+05:30  INFO 18252 --- [user-service] [main] o.s.a.r.c.CachingConnectionFactory       : Attempting to connect to: [localhost:5672]
2025-12-15T17:54:08.465+05:30  INFO 18252 --- [user-service] [main] o.s.a.r.c.CachingConnectionFactory       : Attempting to connect to: [localhost:5672]
2025-12-15T17:54:08.479+05:30  INFO 18252 --- [user-service] [main] o.s.a.r.c.CachingConnectionFactory       : Attempting to connect to: [localhost:5672]
2025-12-15T17:54:08.544+05:30  INFO 18252 --- [user-service] [main] o.s.c.stream.binder.BinderErrorChannel   : Channel 'rabbit-633324888.springCloudBusInput.errors' has 1 subscriber(s).
2025-12-15T17:54:08.546+05:30  INFO 18252 --- [user-service] [main] o.s.c.stream.binder.BinderErrorChannel   : Channel 'rabbit-633324888.springCloudBusInput.errors' has 2 subscriber(s).
2025-12-15T17:54:08.552+05:30  INFO 18252 --- [user-service] [main] o.s.a.r.c.CachingConnectionFactory       : Attempting to connect to: [localhost:5672]
2025-12-15T17:54:08.588+05:30  INFO 18252 --- [user-service] [main] o.s.a.r.l.SimpleMessageListenerContainer : Broker not available; cannot force queue declarations during start: java.net.ConnectException: Connection refused: getsockopt
2025-12-15T17:54:08.608+05:30  INFO 18252 --- [user-service] [springCloudBus.anonymous.GJUSfB1ST5mLtdG6ByXBYQ-1] o.s.a.r.c.CachingConnectionFactory       : Attempting to connect to: [localhost:5672]
2025-12-15T17:54:08.636+05:30  INFO 18252 --- [user-service] [main] o.s.i.a.i.AmqpInboundChannelAdapter      : started bean 'inbound.springCloudBus.anonymous.GJUSfB1ST5mLtdG6ByXBYQ'
2025-12-15T17:54:08.689+05:30  INFO 18252 --- [user-service] [main] o.s.b.w.embedded.tomcat.TomcatWebServer  : Tomcat started on port 8081 (http) with context path '/'
2025-12-15T17:54:08.692+05:30  INFO 18252 --- [user-service] [main] .s.c.n.e.s.EurekaAutoServiceRegistration : Updating port to 8081
2025-12-15T17:54:08.773+05:30  INFO 18252 --- [user-service] [main] com.app_ecom.EcomApplication             : Started EcomApplication in 7.487 seconds (process running for 8.19)
2025-12-15T17:54:13.724+05:30  WARN 18252 --- [user-service] [springCloudBus.anonymous.GJUSfB1ST5mLtdG6ByXBYQ-1] o.s.a.r.l.SimpleMessageListenerContainer : Consumer raised exception, processing can restart if the connection factory supports it. Exception summary: org.springframework.amqp.AmqpConnectException: java.net.ConnectException: Connection refused: getsockopt
2025-12-15T17:54:13.729+05:30  INFO 18252 --- [user-service] [springCloudBus.anonymous.GJUSfB1ST5mLtdG6ByXBYQ-1] o.s.a.r.l.SimpleMessageListenerContainer : Restarting Consumer@6517bc6b: tags=[[]], channel=null, acknowledgeMode=AUTO local queue size=0
2025-12-15T17:54:13.732+05:30  INFO 18252 --- [user-service] [springCloudBus.anonymous.GJUSfB1ST5mLtdG6ByXBYQ-2] o.s.a.r.c.CachingConnectionFactory       : Attempting to connect to: [localhost:5672]
2025-12-15T17:54:18.797+05:30  WARN 18252 --- [user-service] [springCloudBus.anonymous.GJUSfB1ST5mLtdG6ByXBYQ-2] o.s.a.r.l.SimpleMessageListenerContainer : Consumer raised exception, processing can restart if the connection factory supports it. Exception summary: org.springframework.amqp.AmqpConnectException: java.net.ConnectException: Connection refused: getsockopt
2025-12-15T17:54:18.798+05:30  INFO 18252 --- [user-service] [springCloudBus.anonymous.GJUSfB1ST5mLtdG6ByXBYQ-2] o.s.a.r.l.SimpleMessageListenerContainer : Restarting Consumer@15dbd38f: tags=[[]], channel=null, acknowledgeMode=AUTO local queue size=0
2025-12-15T17:54:18.799+05:30  INFO 18252 --- [user-service] [springCloudBus.anonymous.GJUSfB1ST5mLtdG6ByXBYQ-3] o.s.a.r.c.CachingConnectionFactory       : Attempting to connect to: [localhost:5672]
2025-12-15T17:54:23.946+05:30  WARN 18252 --- [user-service] [springCloudBus.anonymous.GJUSfB1ST5mLtdG6ByXBYQ-3] o.s.a.r.l.SimpleMessageListenerContainer : Consumer raised exception, processing can restart if the connection factory supports it. Exception summary: org.springframework.amqp.AmqpConnectException: java.net.ConnectException: Connection refused: getsockopt
2025-12-15T17:54:23.947+05:30  INFO 18252 --- [user-service] [springCloudBus.anonymous.GJUSfB1ST5mLtdG6ByXBYQ-3] o.s.a.r.l.SimpleMessageListenerContainer : Restarting Consumer@123599d3: tags=[[]], channel=null, acknowledgeMode=AUTO local queue size=0
2025-12-15T17:54:23.950+05:30  INFO 18252 --- [user-service] [springCloudBus.anonymous.GJUSfB1ST5mLtdG6ByXBYQ-4] o.s.a.r.c.CachingConnectionFactory       : Attempting to connect to: [localhost:5672]
2025-12-15T17:54:29.092+05:30  WARN 18252 --- [user-service] [springCloudBus.anonymous.GJUSfB1ST5mLtdG6ByXBYQ-4] o.s.a.r.l.SimpleMessageListenerContainer : Consumer raised exception, processing can restart if the connection factory supports it. Exception summary: org.springframework.amqp.AmqpConnectException: java.net.ConnectException: Connection refused: getsockopt
2025-12-15T17:54:29.093+05:30  INFO 18252 --- [user-service] [springCloudBus.anonymous.GJUSfB1ST5mLtdG6ByXBYQ-4] o.s.a.r.l.SimpleMessageListenerContainer : Restarting Consumer@7680e1a6: tags=[[]], channel=null, acknowledgeMode=AUTO local queue size=0
2025-12-15T17:54:29.098+05:30  INFO 18252 --- [user-service] [springCloudBus.anonymous.GJUSfB1ST5mLtdG6ByXBYQ-5] o.s.a.r.c.CachingConnectionFactory       : Attempting to connect to: [localhost:5672]
2025-12-15T17:54:34.217+05:30  WARN 18252 --- [user-service] [springCloudBus.anonymous.GJUSfB1ST5mLtdG6ByXBYQ-5] o.s.a.r.l.SimpleMessageListenerContainer : Consumer raised exception, processing can restart if the connection factory supports it. Exception summary: org.springframework.amqp.AmqpConnectException: java.net.ConnectException: Connection refused: getsockopt
2025-12-15T17:54:34.217+05:30  INFO 18252 --- [user-service] [springCloudBus.anonymous.GJUSfB1ST5mLtdG6ByXBYQ-5] o.s.a.r.l.SimpleMessageListenerContainer : Restarting Consumer@3decf47f: tags=[[]], channel=null, acknowledgeMode=AUTO local queue size=0
2025-12-15T17:54:34.220+05:30  INFO 18252 --- [user-service] [springCloudBus.anonymous.GJUSfB1ST5mLtdG6ByXBYQ-6] o.s.a.r.c.CachingConnectionFactory       : Attempting to connect to: [localhost:5672]
2025-12-15T17:54:39.348+05:30  WARN 18252 --- [user-service] [springCloudBus.anonymous.GJUSfB1ST5mLtdG6ByXBYQ-6] o.s.a.r.l.SimpleMessageListenerContainer : Consumer raised exception, processing can restart if the connection factory supports it. Exception summary: org.springframework.amqp.AmqpConnectException: java.net.ConnectException: Connection refused: getsockopt
2025-12-15T17:54:39.349+05:30  INFO 18252 --- [user-service] [springCloudBus.anonymous.GJUSfB1ST5mLtdG6ByXBYQ-6] o.s.a.r.l.SimpleMessageListenerContainer : Restarting Consumer@5d137d0f: tags=[[]], channel=null, acknowledgeMode=AUTO local queue size=0
2025-12-15T17:54:39.351+05:30  INFO 18252 --- [user-service] [springCloudBus.anonymous.GJUSfB1ST5mLtdG6ByXBYQ-7] o.s.a.r.c.CachingConnectionFactory       : Attempting to connect to: [localhost:5672]
2025-12-15T17:54:44.445+05:30  WARN 18252 --- [user-service] [springCloudBus.anonymous.GJUSfB1ST5mLtdG6ByXBYQ-7] o.s.a.r.l.SimpleMessageListenerContainer : Consumer raised exception, processing can restart if the connection factory supports it. Exception summary: org.springframework.amqp.AmqpConnectException: java.net.ConnectException: Connection refused: getsockopt
2025-12-15T17:54:44.445+05:30  INFO 18252 --- [user-service] [springCloudBus.anonymous.GJUSfB1ST5mLtdG6ByXBYQ-7] o.s.a.r.l.SimpleMessageListenerContainer : Restarting Consumer@473d1272: tags=[[]], channel=null, acknowledgeMode=AUTO local queue size=0
2025-12-15T17:54:44.448+05:30  INFO 18252 --- [user-service] [springCloudBus.anonymous.GJUSfB1ST5mLtdG6ByXBYQ-8] o.s.a.r.c.CachingConnectionFactory       : Attempting to connect to: [localhost:5672]
2025-12-15T17:54:49.572+05:30  WARN 18252 --- [user-service] [springCloudBus.anonymous.GJUSfB1ST5mLtdG6ByXBYQ-8] o.s.a.r.l.SimpleMessageListenerContainer : Consumer raised exception, processing can restart if the connection factory supports it. Exception summary: org.springframework.amqp.AmqpConnectException: java.net.ConnectException: Connection refused: getsockopt
2025-12-15T17:54:49.573+05:30  INFO 18252 --- [user-service] [springCloudBus.anonymous.GJUSfB1ST5mLtdG6ByXBYQ-8] o.s.a.r.l.SimpleMessageListenerContainer : Restarting Consumer@d33fc2f: tags=[[]], channel=null, acknowledgeMode=AUTO local queue size=0
2025-12-15T17:54:49.576+05:30  INFO 18252 --- [user-service] [springCloudBus.anonymous.GJUSfB1ST5mLtdG6ByXBYQ-9] o.s.a.r.c.CachingConnectionFactory       : Attempting to connect to: [localhost:5672]
2025-12-15T17:54:54.617+05:30  WARN 18252 --- [user-service] [springCloudBus.anonymous.GJUSfB1ST5mLtdG6ByXBYQ-9] o.s.a.r.l.SimpleMessageListenerContainer : Consumer raised exception, processing can restart if the connection factory supports it. Exception summary: org.springframework.amqp.AmqpConnectException: java.net.ConnectException: Connection refused: getsockopt
2025-12-15T17:54:54.619+05:30  INFO 18252 --- [user-service] [springCloudBus.anonymous.GJUSfB1ST5mLtdG6ByXBYQ-9] o.s.a.r.l.SimpleMessageListenerContainer : Restarting Consumer@71b123d: tags=[[]], channel=null, acknowledgeMode=AUTO local queue size=0
2025-12-15T17:54:54.628+05:30  INFO 18252 --- [user-service] [springCloudBus.anonymous.GJUSfB1ST5mLtdG6ByXBYQ-10] o.s.a.r.c.CachingConnectionFactory       : Attempting to connect to: [localhost:5672]
2025-12-15T17:54:59.713+05:30  WARN 18252 --- [user-service] [springCloudBus.anonymous.GJUSfB1ST5mLtdG6ByXBYQ-10] o.s.a.r.l.SimpleMessageListenerContainer : Consumer raised exception, processing can restart if the connection factory supports it. Exception summary: org.springframework.amqp.AmqpConnectException: java.net.ConnectException: Connection refused: getsockopt
2025-12-15T17:54:59.713+05:30  INFO 18252 --- [user-service] [springCloudBus.anonymous.GJUSfB1ST5mLtdG6ByXBYQ-10] o.s.a.r.l.SimpleMessageListenerContainer : Restarting Consumer@788e9ccc: tags=[[]], channel=null, acknowledgeMode=AUTO local queue size=0
2025-12-15T17:54:59.717+05:30  INFO 18252 --- [user-service] [springCloudBus.anonymous.GJUSfB1ST5mLtdG6ByXBYQ-11] o.s.a.r.c.CachingConnectionFactory       : Attempting to connect to: [localhost:5672]
2025-12-15T17:55:04.846+05:30  WARN 18252 --- [user-service] [springCloudBus.anonymous.GJUSfB1ST5mLtdG6ByXBYQ-11] o.s.a.r.l.SimpleMessageListenerContainer : Consumer raised exception, processing can restart if the connection factory supports it. Exception summary: org.springframework.amqp.AmqpConnectException: java.net.ConnectException: Connection refused: getsockopt
2025-12-15T17:55:04.847+05:30  INFO 18252 --- [user-service] [springCloudBus.anonymous.GJUSfB1ST5mLtdG6ByXBYQ-11] o.s.a.r.l.SimpleMessageListenerContainer : Restarting Consumer@436dc3a6: tags=[[]], channel=null, acknowledgeMode=AUTO local queue size=0
2025-12-15T17:55:04.849+05:30  INFO 18252 --- [user-service] [springCloudBus.anonymous.GJUSfB1ST5mLtdG6ByXBYQ-12] o.s.a.r.c.CachingConnectionFactory       : Attempting to connect to: [localhost:5672]
2025-12-15T17:55:07.014+05:30  INFO 18252 --- [user-service] [http-nio-8081-exec-1] o.a.c.c.C.[Tomcat].[localhost].[/]       : Initializing Spring DispatcherServlet 'dispatcherServlet'
2025-12-15T17:55:07.014+05:30  INFO 18252 --- [user-service] [http-nio-8081-exec-1] o.s.web.servlet.DispatcherServlet        : Initializing Servlet 'dispatcherServlet'
2025-12-15T17:55:07.016+05:30  INFO 18252 --- [user-service] [http-nio-8081-exec-1] o.s.web.servlet.DispatcherServlet        : Completed initialization in 2 ms
2025-12-15T17:55:07.045+05:30  INFO 18252 --- [user-service] [http-nio-8081-exec-1] c.a.user.controllers.UserController      : Request received for user:693d83170ca8a57d58d02325
2025-12-15T17:55:07.046+05:30 TRACE 18252 --- [user-service] [http-nio-8081-exec-1] c.a.user.controllers.UserController      : this is TRACE level - very details logs
2025-12-15T17:55:07.046+05:30 DEBUG 18252 --- [user-service] [http-nio-8081-exec-1] c.a.user.controllers.UserController      : this is DEBUG level - used for developer debugging
2025-12-15T17:55:07.046+05:30  WARN 18252 --- [user-service] [http-nio-8081-exec-1] c.a.user.controllers.UserController      : this is WARM level - general System information
2025-12-15T17:55:07.046+05:30 ERROR 18252 --- [user-service] [http-nio-8081-exec-1] c.a.user.controllers.UserController      : this is ERROR level - something failed
2025-12-15T17:55:09.965+05:30  WARN 18252 --- [user-service] [springCloudBus.anonymous.GJUSfB1ST5mLtdG6ByXBYQ-12] o.s.a.r.l.SimpleMessageListenerContainer : Consumer raised exception, processing can restart if the connection factory supports it. Exception summary: org.springframework.amqp.AmqpConnectException: java.net.ConnectException: Connection refused: getsockopt
2025-12-15T17:55:09.965+05:30  INFO 18252 --- [user-service] [springCloudBus.anonymous.GJUSfB1ST5mLtdG6ByXBYQ-12] o.s.a.r.l.SimpleMessageListenerContainer : Restarting Consumer@5f65c571: tags=[[]], channel=null, acknowledgeMode=AUTO local queue size=0
2025-12-15T17:55:09.968+05:30  INFO 18252 --- [user-service] [springCloudBus.anonymous.GJUSfB1ST5mLtdG6ByXBYQ-13] o.s.a.r.c.CachingConnectionFactory       : Attempting to connect to: [localhost:5672]
2025-12-15T17:55:15.093+05:30  WARN 18252 --- [user-service] [springCloudBus.anonymous.GJUSfB1ST5mLtdG6ByXBYQ-13] o.s.a.r.l.SimpleMessageListenerContainer : Consumer raised exception, processing can restart if the connection factory supports it. Exception summary: org.springframework.amqp.AmqpConnectException: java.net.ConnectException: Connection refused: getsockopt
2025-12-15T17:55:15.093+05:30  INFO 18252 --- [user-service] [springCloudBus.anonymous.GJUSfB1ST5mLtdG6ByXBYQ-13] o.s.a.r.l.SimpleMessageListenerContainer : Restarting Consumer@25f0ef18: tags=[[]], channel=null, acknowledgeMode=AUTO local queue size=0
2025-12-15T17:55:15.096+05:30  INFO 18252 --- [user-service] [springCloudBus.anonymous.GJUSfB1ST5mLtdG6ByXBYQ-14] o.s.a.r.c.CachingConnectionFactory       : Attempting to connect to: [localhost:5672]
2025-12-15T17:55:20.224+05:30  WARN 18252 --- [user-service] [springCloudBus.anonymous.GJUSfB1ST5mLtdG6ByXBYQ-14] o.s.a.r.l.SimpleMessageListenerContainer : Consumer raised exception, processing can restart if the connection factory supports it. Exception summary: org.springframework.amqp.AmqpConnectException: java.net.ConnectException: Connection refused: getsockopt
2025-12-15T17:55:20.225+05:30  INFO 18252 --- [user-service] [springCloudBus.anonymous.GJUSfB1ST5mLtdG6ByXBYQ-14] o.s.a.r.l.SimpleMessageListenerContainer : Restarting Consumer@3f2578e5: tags=[[]], channel=null, acknowledgeMode=AUTO local queue size=0
2025-12-15T17:55:20.228+05:30  INFO 18252 --- [user-service] [springCloudBus.anonymous.GJUSfB1ST5mLtdG6ByXBYQ-15] o.s.a.r.c.CachingConnectionFactory       : Attempting to connect to: [localhost:5672]
2025-12-15T17:55:25.331+05:30  WARN 18252 --- [user-service] [springCloudBus.anonymous.GJUSfB1ST5mLtdG6ByXBYQ-15] o.s.a.r.l.SimpleMessageListenerContainer : Consumer raised exception, processing can restart if the connection factory supports it. Exception summary: org.springframework.amqp.AmqpConnectException: java.net.ConnectException: Connection refused: getsockopt
2025-12-15T17:55:25.332+05:30  INFO 18252 --- [user-service] [springCloudBus.anonymous.GJUSfB1ST5mLtdG6ByXBYQ-15] o.s.a.r.l.SimpleMessageListenerContainer : Restarting Consumer@571157d9: tags=[[]], channel=null, acknowledgeMode=AUTO local queue size=0
2025-12-15T17:55:25.334+05:30  INFO 18252 --- [user-service] [springCloudBus.anonymous.GJUSfB1ST5mLtdG6ByXBYQ-16] o.s.a.r.c.CachingConnectionFactory       : Attempting to connect to: [localhost:5672]
2025-12-15T17:55:30.430+05:30  WARN 18252 --- [user-service] [springCloudBus.anonymous.GJUSfB1ST5mLtdG6ByXBYQ-16] o.s.a.r.l.SimpleMessageListenerContainer : Consumer raised exception, processing can restart if the connection factory supports it. Exception summary: org.springframework.amqp.AmqpConnectException: java.net.ConnectException: Connection refused: getsockopt
2025-12-15T17:55:30.430+05:30  INFO 18252 --- [user-service] [springCloudBus.anonymous.GJUSfB1ST5mLtdG6ByXBYQ-16] o.s.a.r.l.SimpleMessageListenerContainer : Restarting Consumer@1fdc0967: tags=[[]], channel=null, acknowledgeMode=AUTO local queue size=0
2025-12-15T17:55:30.432+05:30  INFO 18252 --- [user-service] [springCloudBus.anonymous.GJUSfB1ST5mLtdG6ByXBYQ-17] o.s.a.r.c.CachingConnectionFactory       : Attempting to connect to: [localhost:5672]
2025-12-15T17:55:35.579+05:30  WARN 18252 --- [user-service] [springCloudBus.anonymous.GJUSfB1ST5mLtdG6ByXBYQ-17] o.s.a.r.l.SimpleMessageListenerContainer : Consumer raised exception, processing can restart if the connection factory supports it. Exception summary: org.springframework.amqp.AmqpConnectException: java.net.ConnectException: Connection refused: getsockopt
2025-12-15T17:55:35.579+05:30  INFO 18252 --- [user-service] [springCloudBus.anonymous.GJUSfB1ST5mLtdG6ByXBYQ-17] o.s.a.r.l.SimpleMessageListenerContainer : Restarting Consumer@654a2100: tags=[[]], channel=null, acknowledgeMode=AUTO local queue size=0
2025-12-15T17:55:35.581+05:30  INFO 18252 --- [user-service] [springCloudBus.anonymous.GJUSfB1ST5mLtdG6ByXBYQ-18] o.s.a.r.c.CachingConnectionFactory       : Attempting to connect to: [localhost:5672]
2025-12-15T17:55:40.669+05:30  WARN 18252 --- [user-service] [springCloudBus.anonymous.GJUSfB1ST5mLtdG6ByXBYQ-18] o.s.a.r.l.SimpleMessageListenerContainer : Consumer raised exception, processing can restart if the connection factory supports it. Exception summary: org.springframework.amqp.AmqpConnectException: java.net.ConnectException: Connection refused: getsockopt
2025-12-15T17:55:40.670+05:30  INFO 18252 --- [user-service] [springCloudBus.anonymous.GJUSfB1ST5mLtdG6ByXBYQ-18] o.s.a.r.l.SimpleMessageListenerContainer : Restarting Consumer@2a6f5d9e: tags=[[]], channel=null, acknowledgeMode=AUTO local queue size=0
2025-12-15T17:55:40.672+05:30  INFO 18252 --- [user-service] [springCloudBus.anonymous.GJUSfB1ST5mLtdG6ByXBYQ-19] o.s.a.r.c.CachingConnectionFactory       : Attempting to connect to: [localhost:5672]
2025-12-15T17:55:45.746+05:30  WARN 18252 --- [user-service] [springCloudBus.anonymous.GJUSfB1ST5mLtdG6ByXBYQ-19] o.s.a.r.l.SimpleMessageListenerContainer : Consumer raised exception, processing can restart if the connection factory supports it. Exception summary: org.springframework.amqp.AmqpConnectException: java.net.ConnectException: Connection refused: getsockopt
2025-12-15T17:55:45.746+05:30  INFO 18252 --- [user-service] [springCloudBus.anonymous.GJUSfB1ST5mLtdG6ByXBYQ-19] o.s.a.r.l.SimpleMessageListenerContainer : Restarting Consumer@3737a09a: tags=[[]], channel=null, acknowledgeMode=AUTO local queue size=0
2025-12-15T17:55:45.749+05:30  INFO 18252 --- [user-service] [springCloudBus.anonymous.GJUSfB1ST5mLtdG6ByXBYQ-20] o.s.a.r.c.CachingConnectionFactory       : Attempting to connect to: [localhost:5672]
2025-12-15T17:55:50.826+05:30  WARN 18252 --- [user-service] [springCloudBus.anonymous.GJUSfB1ST5mLtdG6ByXBYQ-20] o.s.a.r.l.SimpleMessageListenerContainer : Consumer raised exception, processing can restart if the connection factory supports it. Exception summary: org.springframework.amqp.AmqpConnectException: java.net.ConnectException: Connection refused: getsockopt
2025-12-15T17:55:50.827+05:30  INFO 18252 --- [user-service] [springCloudBus.anonymous.GJUSfB1ST5mLtdG6ByXBYQ-20] o.s.a.r.l.SimpleMessageListenerContainer : Restarting Consumer@11e0c95c: tags=[[]], channel=null, acknowledgeMode=AUTO local queue size=0
2025-12-15T17:55:50.830+05:30  INFO 18252 --- [user-service] [springCloudBus.anonymous.GJUSfB1ST5mLtdG6ByXBYQ-21] o.s.a.r.c.CachingConnectionFactory       : Attempting to connect to: [localhost:5672]
2025-12-15T17:55:55.963+05:30  WARN 18252 --- [user-service] [springCloudBus.anonymous.GJUSfB1ST5mLtdG6ByXBYQ-21] o.s.a.r.l.SimpleMessageListenerContainer : Consumer raised exception, processing can restart if the connection factory supports it. Exception summary: org.springframework.amqp.AmqpConnectException: java.net.ConnectException: Connection refused: getsockopt
2025-12-15T17:55:55.964+05:30  INFO 18252 --- [user-service] [springCloudBus.anonymous.GJUSfB1ST5mLtdG6ByXBYQ-21] o.s.a.r.l.SimpleMessageListenerContainer : Restarting Consumer@42e104a1: tags=[[]], channel=null, acknowledgeMode=AUTO local queue size=0
2025-12-15T17:55:55.965+05:30  INFO 18252 --- [user-service] [springCloudBus.anonymous.GJUSfB1ST5mLtdG6ByXBYQ-22] o.s.a.r.c.CachingConnectionFactory       : Attempting to connect to: [localhost:5672]
2025-12-15T17:56:01.121+05:30  WARN 18252 --- [user-service] [springCloudBus.anonymous.GJUSfB1ST5mLtdG6ByXBYQ-22] o.s.a.r.l.SimpleMessageListenerContainer : Consumer raised exception, processing can restart if the connection factory supports it. Exception summary: org.springframework.amqp.AmqpConnectException: java.net.ConnectException: Connection refused: getsockopt
2025-12-15T17:56:01.121+05:30  INFO 18252 --- [user-service] [springCloudBus.anonymous.GJUSfB1ST5mLtdG6ByXBYQ-22] o.s.a.r.l.SimpleMessageListenerContainer : Restarting Consumer@4dc92208: tags=[[]], channel=null, acknowledgeMode=AUTO local queue size=0
2025-12-15T17:56:01.128+05:30  INFO 18252 --- [user-service] [springCloudBus.anonymous.GJUSfB1ST5mLtdG6ByXBYQ-23] o.s.a.r.c.CachingConnectionFactory       : Attempting to connect to: [localhost:5672]
2025-12-15T17:56:06.257+05:30  WARN 18252 --- [user-service] [springCloudBus.anonymous.GJUSfB1ST5mLtdG6ByXBYQ-23] o.s.a.r.l.SimpleMessageListenerContainer : Consumer raised exception, processing can restart if the connection factory supports it. Exception summary: org.springframework.amqp.AmqpConnectException: java.net.ConnectException: Connection refused: getsockopt
2025-12-15T17:56:06.258+05:30  INFO 18252 --- [user-service] [springCloudBus.anonymous.GJUSfB1ST5mLtdG6ByXBYQ-23] o.s.a.r.l.SimpleMessageListenerContainer : Restarting Consumer@6e56d43a: tags=[[]], channel=null, acknowledgeMode=AUTO local queue size=0
2025-12-15T17:56:06.262+05:30  INFO 18252 --- [user-service] [springCloudBus.anonymous.GJUSfB1ST5mLtdG6ByXBYQ-24] o.s.a.r.c.CachingConnectionFactory       : Attempting to connect to: [localhost:5672]
2025-12-15T17:56:11.390+05:30  WARN 18252 --- [user-service] [springCloudBus.anonymous.GJUSfB1ST5mLtdG6ByXBYQ-24] o.s.a.r.l.SimpleMessageListenerContainer : Consumer raised exception, processing can restart if the connection factory supports it. Exception summary: org.springframework.amqp.AmqpConnectException: java.net.ConnectException: Connection refused: getsockopt
2025-12-15T17:56:11.391+05:30  INFO 18252 --- [user-service] [springCloudBus.anonymous.GJUSfB1ST5mLtdG6ByXBYQ-24] o.s.a.r.l.SimpleMessageListenerContainer : Restarting Consumer@9abb6ca: tags=[[]], channel=null, acknowledgeMode=AUTO local queue size=0
2025-12-15T17:56:11.394+05:30  INFO 18252 --- [user-service] [springCloudBus.anonymous.GJUSfB1ST5mLtdG6ByXBYQ-25] o.s.a.r.c.CachingConnectionFactory       : Attempting to connect to: [localhost:5672]
2025-12-15T17:56:16.521+05:30  WARN 18252 --- [user-service] [springCloudBus.anonymous.GJUSfB1ST5mLtdG6ByXBYQ-25] o.s.a.r.l.SimpleMessageListenerContainer : Consumer raised exception, processing can restart if the connection factory supports it. Exception summary: org.springframework.amqp.AmqpConnectException: java.net.ConnectException: Connection refused: getsockopt
2025-12-15T17:56:16.522+05:30  INFO 18252 --- [user-service] [springCloudBus.anonymous.GJUSfB1ST5mLtdG6ByXBYQ-25] o.s.a.r.l.SimpleMessageListenerContainer : Restarting Consumer@6a2fb19c: tags=[[]], channel=null, acknowledgeMode=AUTO local queue size=0
2025-12-15T17:56:16.524+05:30  INFO 18252 --- [user-service] [springCloudBus.anonymous.GJUSfB1ST5mLtdG6ByXBYQ-26] o.s.a.r.c.CachingConnectionFactory       : Attempting to connect to: [localhost:5672]
2025-12-15T17:56:21.653+05:30  WARN 18252 --- [user-service] [springCloudBus.anonymous.GJUSfB1ST5mLtdG6ByXBYQ-26] o.s.a.r.l.SimpleMessageListenerContainer : Consumer raised exception, processing can restart if the connection factory supports it. Exception summary: org.springframework.amqp.AmqpConnectException: java.net.ConnectException: Connection refused: getsockopt
2025-12-15T17:56:21.655+05:30  INFO 18252 --- [user-service] [springCloudBus.anonymous.GJUSfB1ST5mLtdG6ByXBYQ-26] o.s.a.r.l.SimpleMessageListenerContainer : Restarting Consumer@229bfd56: tags=[[]], channel=null, acknowledgeMode=AUTO local queue size=0
2025-12-15T17:56:21.659+05:30  INFO 18252 --- [user-service] [springCloudBus.anonymous.GJUSfB1ST5mLtdG6ByXBYQ-27] o.s.a.r.c.CachingConnectionFactory       : Attempting to connect to: [localhost:5672]
2025-12-15T17:56:26.845+05:30  WARN 18252 --- [user-service] [springCloudBus.anonymous.GJUSfB1ST5mLtdG6ByXBYQ-27] o.s.a.r.l.SimpleMessageListenerContainer : Consumer raised exception, processing can restart if the connection factory supports it. Exception summary: org.springframework.amqp.AmqpConnectException: java.net.ConnectException: Connection refused: getsockopt
2025-12-15T17:56:26.845+05:30  INFO 18252 --- [user-service] [springCloudBus.anonymous.GJUSfB1ST5mLtdG6ByXBYQ-27] o.s.a.r.l.SimpleMessageListenerContainer : Restarting Consumer@7a35637b: tags=[[]], channel=null, acknowledgeMode=AUTO local queue size=0
2025-12-15T17:56:26.848+05:30  INFO 18252 --- [user-service] [springCloudBus.anonymous.GJUSfB1ST5mLtdG6ByXBYQ-28] o.s.a.r.c.CachingConnectionFactory       : Attempting to connect to: [localhost:5672]
2025-12-15T17:56:31.923+05:30  WARN 18252 --- [user-service] [springCloudBus.anonymous.GJUSfB1ST5mLtdG6ByXBYQ-28] o.s.a.r.l.SimpleMessageListenerContainer : Consumer raised exception, processing can restart if the connection factory supports it. Exception summary: org.springframework.amqp.AmqpConnectException: java.net.ConnectException: Connection refused: getsockopt
2025-12-15T17:56:31.924+05:30  INFO 18252 --- [user-service] [springCloudBus.anonymous.GJUSfB1ST5mLtdG6ByXBYQ-28] o.s.a.r.l.SimpleMessageListenerContainer : Restarting Consumer@64626f61: tags=[[]], channel=null, acknowledgeMode=AUTO local queue size=0
2025-12-15T17:56:31.927+05:30  INFO 18252 --- [user-service] [springCloudBus.anonymous.GJUSfB1ST5mLtdG6ByXBYQ-29] o.s.a.r.c.CachingConnectionFactory       : Attempting to connect to: [localhost:5672]
2025-12-15T17:56:37.035+05:30  WARN 18252 --- [user-service] [springCloudBus.anonymous.GJUSfB1ST5mLtdG6ByXBYQ-29] o.s.a.r.l.SimpleMessageListenerContainer : Consumer raised exception, processing can restart if the connection factory supports it. Exception summary: org.springframework.amqp.AmqpConnectException: java.net.ConnectException: Connection refused: getsockopt
2025-12-15T17:56:37.036+05:30  INFO 18252 --- [user-service] [springCloudBus.anonymous.GJUSfB1ST5mLtdG6ByXBYQ-29] o.s.a.r.l.SimpleMessageListenerContainer : Restarting Consumer@1455e899: tags=[[]], channel=null, acknowledgeMode=AUTO local queue size=0
2025-12-15T17:56:37.038+05:30  INFO 18252 --- [user-service] [springCloudBus.anonymous.GJUSfB1ST5mLtdG6ByXBYQ-30] o.s.a.r.c.CachingConnectionFactory       : Attempting to connect to: [localhost:5672]
2025-12-15T17:56:42.160+05:30  WARN 18252 --- [user-service] [springCloudBus.anonymous.GJUSfB1ST5mLtdG6ByXBYQ-30] o.s.a.r.l.SimpleMessageListenerContainer : Consumer raised exception, processing can restart if the connection factory supports it. Exception summary: org.springframework.amqp.AmqpConnectException: java.net.ConnectException: Connection refused: getsockopt
2025-12-15T17:56:42.160+05:30  INFO 18252 --- [user-service] [springCloudBus.anonymous.GJUSfB1ST5mLtdG6ByXBYQ-30] o.s.a.r.l.SimpleMessageListenerContainer : Restarting Consumer@16b18776: tags=[[]], channel=null, acknowledgeMode=AUTO local queue size=0
2025-12-15T17:56:42.163+05:30  INFO 18252 --- [user-service] [springCloudBus.anonymous.GJUSfB1ST5mLtdG6ByXBYQ-31] o.s.a.r.c.CachingConnectionFactory       : Attempting to connect to: [localhost:5672]
2025-12-15T17:56:47.242+05:30  WARN 18252 --- [user-service] [springCloudBus.anonymous.GJUSfB1ST5mLtdG6ByXBYQ-31] o.s.a.r.l.SimpleMessageListenerContainer : Consumer raised exception, processing can restart if the connection factory supports it. Exception summary: org.springframework.amqp.AmqpConnectException: java.net.ConnectException: Connection refused: getsockopt
2025-12-15T17:56:47.242+05:30  INFO 18252 --- [user-service] [springCloudBus.anonymous.GJUSfB1ST5mLtdG6ByXBYQ-31] o.s.a.r.l.SimpleMessageListenerContainer : Restarting Consumer@6f09e34d: tags=[[]], channel=null, acknowledgeMode=AUTO local queue size=0
2025-12-15T17:56:47.246+05:30  INFO 18252 --- [user-service] [springCloudBus.anonymous.GJUSfB1ST5mLtdG6ByXBYQ-32] o.s.a.r.c.CachingConnectionFactory       : Attempting to connect to: [localhost:5672]
2025-12-15T17:56:52.357+05:30  WARN 18252 --- [user-service] [springCloudBus.anonymous.GJUSfB1ST5mLtdG6ByXBYQ-32] o.s.a.r.l.SimpleMessageListenerContainer : Consumer raised exception, processing can restart if the connection factory supports it. Exception summary: org.springframework.amqp.AmqpConnectException: java.net.ConnectException: Connection refused: getsockopt
2025-12-15T17:56:52.357+05:30  INFO 18252 --- [user-service] [springCloudBus.anonymous.GJUSfB1ST5mLtdG6ByXBYQ-32] o.s.a.r.l.SimpleMessageListenerContainer : Restarting Consumer@1ffcaf30: tags=[[]], channel=null, acknowledgeMode=AUTO local queue size=0
2025-12-15T17:56:52.359+05:30  INFO 18252 --- [user-service] [springCloudBus.anonymous.GJUSfB1ST5mLtdG6ByXBYQ-33] o.s.a.r.c.CachingConnectionFactory       : Attempting to connect to: [localhost:5672]
2025-12-15T17:56:57.474+05:30  WARN 18252 --- [user-service] [springCloudBus.anonymous.GJUSfB1ST5mLtdG6ByXBYQ-33] o.s.a.r.l.SimpleMessageListenerContainer : Consumer raised exception, processing can restart if the connection factory supports it. Exception summary: org.springframework.amqp.AmqpConnectException: java.net.ConnectException: Connection refused: getsockopt
2025-12-15T17:56:57.474+05:30  INFO 18252 --- [user-service] [springCloudBus.anonymous.GJUSfB1ST5mLtdG6ByXBYQ-33] o.s.a.r.l.SimpleMessageListenerContainer : Restarting Consumer@3199a4da: tags=[[]], channel=null, acknowledgeMode=AUTO local queue size=0
2025-12-15T17:56:57.476+05:30  INFO 18252 --- [user-service] [springCloudBus.anonymous.GJUSfB1ST5mLtdG6ByXBYQ-34] o.s.a.r.c.CachingConnectionFactory       : Attempting to connect to: [localhost:5672]
2025-12-15T17:57:02.585+05:30  WARN 18252 --- [user-service] [springCloudBus.anonymous.GJUSfB1ST5mLtdG6ByXBYQ-34] o.s.a.r.l.SimpleMessageListenerContainer : Consumer raised exception, processing can restart if the connection factory supports it. Exception summary: org.springframework.amqp.AmqpConnectException: java.net.ConnectException: Connection refused: getsockopt
2025-12-15T17:57:02.586+05:30  INFO 18252 --- [user-service] [springCloudBus.anonymous.GJUSfB1ST5mLtdG6ByXBYQ-34] o.s.a.r.l.SimpleMessageListenerContainer : Restarting Consumer@4da1130e: tags=[[]], channel=null, acknowledgeMode=AUTO local queue size=0
2025-12-15T17:57:02.589+05:30  INFO 18252 --- [user-service] [springCloudBus.anonymous.GJUSfB1ST5mLtdG6ByXBYQ-35] o.s.a.r.c.CachingConnectionFactory       : Attempting to connect to: [localhost:5672]
2025-12-15T17:57:07.710+05:30  WARN 18252 --- [user-service] [springCloudBus.anonymous.GJUSfB1ST5mLtdG6ByXBYQ-35] o.s.a.r.l.SimpleMessageListenerContainer : Consumer raised exception, processing can restart if the connection factory supports it. Exception summary: org.springframework.amqp.AmqpConnectException: java.net.ConnectException: Connection refused: getsockopt
2025-12-15T17:57:07.711+05:30  INFO 18252 --- [user-service] [springCloudBus.anonymous.GJUSfB1ST5mLtdG6ByXBYQ-35] o.s.a.r.l.SimpleMessageListenerContainer : Restarting Consumer@2c302c0: tags=[[]], channel=null, acknowledgeMode=AUTO local queue size=0
2025-12-15T17:57:07.714+05:30  INFO 18252 --- [user-service] [springCloudBus.anonymous.GJUSfB1ST5mLtdG6ByXBYQ-36] o.s.a.r.c.CachingConnectionFactory       : Attempting to connect to: [localhost:5672]
2025-12-15T17:57:12.800+05:30  WARN 18252 --- [user-service] [springCloudBus.anonymous.GJUSfB1ST5mLtdG6ByXBYQ-36] o.s.a.r.l.SimpleMessageListenerContainer : Consumer raised exception, processing can restart if the connection factory supports it. Exception summary: org.springframework.amqp.AmqpConnectException: java.net.ConnectException: Connection refused: getsockopt
2025-12-15T17:57:12.800+05:30  INFO 18252 --- [user-service] [springCloudBus.anonymous.GJUSfB1ST5mLtdG6ByXBYQ-36] o.s.a.r.l.SimpleMessageListenerContainer : Restarting Consumer@72aee605: tags=[[]], channel=null, acknowledgeMode=AUTO local queue size=0
2025-12-15T17:57:12.804+05:30  INFO 18252 --- [user-service] [springCloudBus.anonymous.GJUSfB1ST5mLtdG6ByXBYQ-37] o.s.a.r.c.CachingConnectionFactory       : Attempting to connect to: [localhost:5672]
2025-12-15T17:57:17.944+05:30  WARN 18252 --- [user-service] [springCloudBus.anonymous.GJUSfB1ST5mLtdG6ByXBYQ-37] o.s.a.r.l.SimpleMessageListenerContainer : Consumer raised exception, processing can restart if the connection factory supports it. Exception summary: org.springframework.amqp.AmqpConnectException: java.net.ConnectException: Connection refused: getsockopt
2025-12-15T17:57:17.944+05:30  INFO 18252 --- [user-service] [springCloudBus.anonymous.GJUSfB1ST5mLtdG6ByXBYQ-37] o.s.a.r.l.SimpleMessageListenerContainer : Restarting Consumer@6b99a4cb: tags=[[]], channel=null, acknowledgeMode=AUTO local queue size=0
2025-12-15T17:57:17.946+05:30  INFO 18252 --- [user-service] [springCloudBus.anonymous.GJUSfB1ST5mLtdG6ByXBYQ-38] o.s.a.r.c.CachingConnectionFactory       : Attempting to connect to: [localhost:5672]
2025-12-15T17:57:23.034+05:30  WARN 18252 --- [user-service] [springCloudBus.anonymous.GJUSfB1ST5mLtdG6ByXBYQ-38] o.s.a.r.l.SimpleMessageListenerContainer : Consumer raised exception, processing can restart if the connection factory supports it. Exception summary: org.springframework.amqp.AmqpConnectException: java.net.ConnectException: Connection refused: getsockopt
2025-12-15T17:57:23.034+05:30  INFO 18252 --- [user-service] [springCloudBus.anonymous.GJUSfB1ST5mLtdG6ByXBYQ-38] o.s.a.r.l.SimpleMessageListenerContainer : Restarting Consumer@4b477ce5: tags=[[]], channel=null, acknowledgeMode=AUTO local queue size=0
2025-12-15T17:57:23.037+05:30  INFO 18252 --- [user-service] [springCloudBus.anonymous.GJUSfB1ST5mLtdG6ByXBYQ-39] o.s.a.r.c.CachingConnectionFactory       : Attempting to connect to: [localhost:5672]
2025-12-15T17:57:28.204+05:30  WARN 18252 --- [user-service] [springCloudBus.anonymous.GJUSfB1ST5mLtdG6ByXBYQ-39] o.s.a.r.l.SimpleMessageListenerContainer : Consumer raised exception, processing can restart if the connection factory supports it. Exception summary: org.springframework.amqp.AmqpConnectException: java.net.ConnectException: Connection refused: getsockopt
2025-12-15T17:57:28.205+05:30  INFO 18252 --- [user-service] [springCloudBus.anonymous.GJUSfB1ST5mLtdG6ByXBYQ-39] o.s.a.r.l.SimpleMessageListenerContainer : Restarting Consumer@2a63a333: tags=[[]], channel=null, acknowledgeMode=AUTO local queue size=0
2025-12-15T17:57:28.206+05:30  INFO 18252 --- [user-service] [springCloudBus.anonymous.GJUSfB1ST5mLtdG6ByXBYQ-40] o.s.a.r.c.CachingConnectionFactory       : Attempting to connect to: [localhost:5672]
2025-12-15T17:57:33.338+05:30  WARN 18252 --- [user-service] [springCloudBus.anonymous.GJUSfB1ST5mLtdG6ByXBYQ-40] o.s.a.r.l.SimpleMessageListenerContainer : Consumer raised exception, processing can restart if the connection factory supports it. Exception summary: org.springframework.amqp.AmqpConnectException: java.net.ConnectException: Connection refused: getsockopt
2025-12-15T17:57:33.338+05:30  INFO 18252 --- [user-service] [springCloudBus.anonymous.GJUSfB1ST5mLtdG6ByXBYQ-40] o.s.a.r.l.SimpleMessageListenerContainer : Restarting Consumer@4af8337: tags=[[]], channel=null, acknowledgeMode=AUTO local queue size=0
2025-12-15T17:57:33.341+05:30  INFO 18252 --- [user-service] [springCloudBus.anonymous.GJUSfB1ST5mLtdG6ByXBYQ-41] o.s.a.r.c.CachingConnectionFactory       : Attempting to connect to: [localhost:5672]
2025-12-15T17:57:38.438+05:30  WARN 18252 --- [user-service] [springCloudBus.anonymous.GJUSfB1ST5mLtdG6ByXBYQ-41] o.s.a.r.l.SimpleMessageListenerContainer : Consumer raised exception, processing can restart if the connection factory supports it. Exception summary: org.springframework.amqp.AmqpConnectException: java.net.ConnectException: Connection refused: getsockopt
2025-12-15T17:57:38.438+05:30  INFO 18252 --- [user-service] [springCloudBus.anonymous.GJUSfB1ST5mLtdG6ByXBYQ-41] o.s.a.r.l.SimpleMessageListenerContainer : Restarting Consumer@472aa42e: tags=[[]], channel=null, acknowledgeMode=AUTO local queue size=0
2025-12-15T17:57:38.440+05:30  INFO 18252 --- [user-service] [springCloudBus.anonymous.GJUSfB1ST5mLtdG6ByXBYQ-42] o.s.a.r.c.CachingConnectionFactory       : Attempting to connect to: [localhost:5672]
2025-12-15T17:57:43.536+05:30  WARN 18252 --- [user-service] [springCloudBus.anonymous.GJUSfB1ST5mLtdG6ByXBYQ-42] o.s.a.r.l.SimpleMessageListenerContainer : Consumer raised exception, processing can restart if the connection factory supports it. Exception summary: org.springframework.amqp.AmqpConnectException: java.net.ConnectException: Connection refused: getsockopt
2025-12-15T17:57:43.537+05:30  INFO 18252 --- [user-service] [springCloudBus.anonymous.GJUSfB1ST5mLtdG6ByXBYQ-42] o.s.a.r.l.SimpleMessageListenerContainer : Restarting Consumer@2c8a1c99: tags=[[]], channel=null, acknowledgeMode=AUTO local queue size=0
2025-12-15T17:57:43.538+05:30  INFO 18252 --- [user-service] [springCloudBus.anonymous.GJUSfB1ST5mLtdG6ByXBYQ-43] o.s.a.r.c.CachingConnectionFactory       : Attempting to connect to: [localhost:5672]
2025-12-15T17:57:48.691+05:30  WARN 18252 --- [user-service] [springCloudBus.anonymous.GJUSfB1ST5mLtdG6ByXBYQ-43] o.s.a.r.l.SimpleMessageListenerContainer : Consumer raised exception, processing can restart if the connection factory supports it. Exception summary: org.springframework.amqp.AmqpConnectException: java.net.ConnectException: Connection refused: getsockopt
2025-12-15T17:57:48.692+05:30  INFO 18252 --- [user-service] [springCloudBus.anonymous.GJUSfB1ST5mLtdG6ByXBYQ-43] o.s.a.r.l.SimpleMessageListenerContainer : Restarting Consumer@672b700b: tags=[[]], channel=null, acknowledgeMode=AUTO local queue size=0
2025-12-15T17:57:48.693+05:30  INFO 18252 --- [user-service] [springCloudBus.anonymous.GJUSfB1ST5mLtdG6ByXBYQ-44] o.s.a.r.c.CachingConnectionFactory       : Attempting to connect to: [localhost:5672]
2025-12-15T17:57:53.792+05:30  WARN 18252 --- [user-service] [springCloudBus.anonymous.GJUSfB1ST5mLtdG6ByXBYQ-44] o.s.a.r.l.SimpleMessageListenerContainer : Consumer raised exception, processing can restart if the connection factory supports it. Exception summary: org.springframework.amqp.AmqpConnectException: java.net.ConnectException: Connection refused: getsockopt
2025-12-15T17:57:53.793+05:30  INFO 18252 --- [user-service] [springCloudBus.anonymous.GJUSfB1ST5mLtdG6ByXBYQ-44] o.s.a.r.l.SimpleMessageListenerContainer : Restarting Consumer@426590f9: tags=[[]], channel=null, acknowledgeMode=AUTO local queue size=0
2025-12-15T17:57:53.796+05:30  INFO 18252 --- [user-service] [springCloudBus.anonymous.GJUSfB1ST5mLtdG6ByXBYQ-45] o.s.a.r.c.CachingConnectionFactory       : Attempting to connect to: [localhost:5672]
2025-12-15T17:57:58.866+05:30  WARN 18252 --- [user-service] [springCloudBus.anonymous.GJUSfB1ST5mLtdG6ByXBYQ-45] o.s.a.r.l.SimpleMessageListenerContainer : Consumer raised exception, processing can restart if the connection factory supports it. Exception summary: org.springframework.amqp.AmqpConnectException: java.net.ConnectException: Connection refused: getsockopt
2025-12-15T17:57:58.867+05:30  INFO 18252 --- [user-service] [springCloudBus.anonymous.GJUSfB1ST5mLtdG6ByXBYQ-45] o.s.a.r.l.SimpleMessageListenerContainer : Restarting Consumer@714efe08: tags=[[]], channel=null, acknowledgeMode=AUTO local queue size=0
2025-12-15T17:57:58.871+05:30  INFO 18252 --- [user-service] [springCloudBus.anonymous.GJUSfB1ST5mLtdG6ByXBYQ-46] o.s.a.r.c.CachingConnectionFactory       : Attempting to connect to: [localhost:5672]
2025-12-15T17:58:03.972+05:30  WARN 18252 --- [user-service] [springCloudBus.anonymous.GJUSfB1ST5mLtdG6ByXBYQ-46] o.s.a.r.l.SimpleMessageListenerContainer : Consumer raised exception, processing can restart if the connection factory supports it. Exception summary: org.springframework.amqp.AmqpConnectException: java.net.ConnectException: Connection refused: getsockopt
2025-12-15T17:58:03.972+05:30  INFO 18252 --- [user-service] [springCloudBus.anonymous.GJUSfB1ST5mLtdG6ByXBYQ-46] o.s.a.r.l.SimpleMessageListenerContainer : Restarting Consumer@5e8a410f: tags=[[]], channel=null, acknowledgeMode=AUTO local queue size=0
2025-12-15T17:58:03.973+05:30  INFO 18252 --- [user-service] [springCloudBus.anonymous.GJUSfB1ST5mLtdG6ByXBYQ-47] o.s.a.r.c.CachingConnectionFactory       : Attempting to connect to: [localhost:5672]
2025-12-15T17:58:09.082+05:30  WARN 18252 --- [user-service] [springCloudBus.anonymous.GJUSfB1ST5mLtdG6ByXBYQ-47] o.s.a.r.l.SimpleMessageListenerContainer : Consumer raised exception, processing can restart if the connection factory supports it. Exception summary: org.springframework.amqp.AmqpConnectException: java.net.ConnectException: Connection refused: getsockopt
2025-12-15T17:58:09.082+05:30  INFO 18252 --- [user-service] [springCloudBus.anonymous.GJUSfB1ST5mLtdG6ByXBYQ-47] o.s.a.r.l.SimpleMessageListenerContainer : Restarting Consumer@15c21d1a: tags=[[]], channel=null, acknowledgeMode=AUTO local queue size=0
2025-12-15T17:58:09.084+05:30  INFO 18252 --- [user-service] [springCloudBus.anonymous.GJUSfB1ST5mLtdG6ByXBYQ-48] o.s.a.r.c.CachingConnectionFactory       : Attempting to connect to: [localhost:5672]
2025-12-15T17:58:14.203+05:30  WARN 18252 --- [user-service] [springCloudBus.anonymous.GJUSfB1ST5mLtdG6ByXBYQ-48] o.s.a.r.l.SimpleMessageListenerContainer : Consumer raised exception, processing can restart if the connection factory supports it. Exception summary: org.springframework.amqp.AmqpConnectException: java.net.ConnectException: Connection refused: getsockopt
2025-12-15T17:58:14.205+05:30  INFO 18252 --- [user-service] [springCloudBus.anonymous.GJUSfB1ST5mLtdG6ByXBYQ-48] o.s.a.r.l.SimpleMessageListenerContainer : Restarting Consumer@856a57e: tags=[[]], channel=null, acknowledgeMode=AUTO local queue size=0
2025-12-15T17:58:14.207+05:30  INFO 18252 --- [user-service] [springCloudBus.anonymous.GJUSfB1ST5mLtdG6ByXBYQ-49] o.s.a.r.c.CachingConnectionFactory       : Attempting to connect to: [localhost:5672]
2025-12-15T17:58:19.312+05:30  WARN 18252 --- [user-service] [springCloudBus.anonymous.GJUSfB1ST5mLtdG6ByXBYQ-49] o.s.a.r.l.SimpleMessageListenerContainer : Consumer raised exception, processing can restart if the connection factory supports it. Exception summary: org.springframework.amqp.AmqpConnectException: java.net.ConnectException: Connection refused: getsockopt
2025-12-15T17:58:19.313+05:30  INFO 18252 --- [user-service] [springCloudBus.anonymous.GJUSfB1ST5mLtdG6ByXBYQ-49] o.s.a.r.l.SimpleMessageListenerContainer : Restarting Consumer@13bd9ad6: tags=[[]], channel=null, acknowledgeMode=AUTO local queue size=0
2025-12-15T17:58:19.316+05:30  INFO 18252 --- [user-service] [springCloudBus.anonymous.GJUSfB1ST5mLtdG6ByXBYQ-50] o.s.a.r.c.CachingConnectionFactory       : Attempting to connect to: [localhost:5672]
2025-12-15T17:58:24.457+05:30  WARN 18252 --- [user-service] [springCloudBus.anonymous.GJUSfB1ST5mLtdG6ByXBYQ-50] o.s.a.r.l.SimpleMessageListenerContainer : Consumer raised exception, processing can restart if the connection factory supports it. Exception summary: org.springframework.amqp.AmqpConnectException: java.net.ConnectException: Connection refused: getsockopt
2025-12-15T17:58:24.458+05:30  INFO 18252 --- [user-service] [springCloudBus.anonymous.GJUSfB1ST5mLtdG6ByXBYQ-50] o.s.a.r.l.SimpleMessageListenerContainer : Restarting Consumer@3e5d5991: tags=[[]], channel=null, acknowledgeMode=AUTO local queue size=0
2025-12-15T17:58:24.461+05:30  INFO 18252 --- [user-service] [springCloudBus.anonymous.GJUSfB1ST5mLtdG6ByXBYQ-51] o.s.a.r.c.CachingConnectionFactory       : Attempting to connect to: [localhost:5672]
2025-12-15T17:58:29.570+05:30  WARN 18252 --- [user-service] [springCloudBus.anonymous.GJUSfB1ST5mLtdG6ByXBYQ-51] o.s.a.r.l.SimpleMessageListenerContainer : Consumer raised exception, processing can restart if the connection factory supports it. Exception summary: org.springframework.amqp.AmqpConnectException: java.net.ConnectException: Connection refused: getsockopt
2025-12-15T17:58:29.572+05:30  INFO 18252 --- [user-service] [springCloudBus.anonymous.GJUSfB1ST5mLtdG6ByXBYQ-51] o.s.a.r.l.SimpleMessageListenerContainer : Restarting Consumer@323aa359: tags=[[]], channel=null, acknowledgeMode=AUTO local queue size=0
2025-12-15T17:58:29.574+05:30  INFO 18252 --- [user-service] [springCloudBus.anonymous.GJUSfB1ST5mLtdG6ByXBYQ-52] o.s.a.r.c.CachingConnectionFactory       : Attempting to connect to: [localhost:5672]
2025-12-15T17:58:34.710+05:30  WARN 18252 --- [user-service] [springCloudBus.anonymous.GJUSfB1ST5mLtdG6ByXBYQ-52] o.s.a.r.l.SimpleMessageListenerContainer : Consumer raised exception, processing can restart if the connection factory supports it. Exception summary: org.springframework.amqp.AmqpConnectException: java.net.ConnectException: Connection refused: getsockopt
2025-12-15T17:58:34.711+05:30  INFO 18252 --- [user-service] [springCloudBus.anonymous.GJUSfB1ST5mLtdG6ByXBYQ-52] o.s.a.r.l.SimpleMessageListenerContainer : Restarting Consumer@7908f5dc: tags=[[]], channel=null, acknowledgeMode=AUTO local queue size=0
2025-12-15T17:58:34.713+05:30  INFO 18252 --- [user-service] [springCloudBus.anonymous.GJUSfB1ST5mLtdG6ByXBYQ-53] o.s.a.r.c.CachingConnectionFactory       : Attempting to connect to: [localhost:5672]
2025-12-15T17:58:39.850+05:30  WARN 18252 --- [user-service] [springCloudBus.anonymous.GJUSfB1ST5mLtdG6ByXBYQ-53] o.s.a.r.l.SimpleMessageListenerContainer : Consumer raised exception, processing can restart if the connection factory supports it. Exception summary: org.springframework.amqp.AmqpConnectException: java.net.ConnectException: Connection refused: getsockopt
2025-12-15T17:58:39.851+05:30  INFO 18252 --- [user-service] [springCloudBus.anonymous.GJUSfB1ST5mLtdG6ByXBYQ-53] o.s.a.r.l.SimpleMessageListenerContainer : Restarting Consumer@3498b3c0: tags=[[]], channel=null, acknowledgeMode=AUTO local queue size=0
2025-12-15T17:58:39.853+05:30  INFO 18252 --- [user-service] [springCloudBus.anonymous.GJUSfB1ST5mLtdG6ByXBYQ-54] o.s.a.r.c.CachingConnectionFactory       : Attempting to connect to: [localhost:5672]
2025-12-15T17:58:44.947+05:30  WARN 18252 --- [user-service] [springCloudBus.anonymous.GJUSfB1ST5mLtdG6ByXBYQ-54] o.s.a.r.l.SimpleMessageListenerContainer : Consumer raised exception, processing can restart if the connection factory supports it. Exception summary: org.springframework.amqp.AmqpConnectException: java.net.ConnectException: Connection refused: getsockopt
2025-12-15T17:58:44.948+05:30  INFO 18252 --- [user-service] [springCloudBus.anonymous.GJUSfB1ST5mLtdG6ByXBYQ-54] o.s.a.r.l.SimpleMessageListenerContainer : Restarting Consumer@4e099597: tags=[[]], channel=null, acknowledgeMode=AUTO local queue size=0
2025-12-15T17:58:44.951+05:30  INFO 18252 --- [user-service] [springCloudBus.anonymous.GJUSfB1ST5mLtdG6ByXBYQ-55] o.s.a.r.c.CachingConnectionFactory       : Attempting to connect to: [localhost:5672]
2025-12-15T17:58:50.045+05:30  WARN 18252 --- [user-service] [springCloudBus.anonymous.GJUSfB1ST5mLtdG6ByXBYQ-55] o.s.a.r.l.SimpleMessageListenerContainer : Consumer raised exception, processing can restart if the connection factory supports it. Exception summary: org.springframework.amqp.AmqpConnectException: java.net.ConnectException: Connection refused: getsockopt
2025-12-15T17:58:50.046+05:30  INFO 18252 --- [user-service] [springCloudBus.anonymous.GJUSfB1ST5mLtdG6ByXBYQ-55] o.s.a.r.l.SimpleMessageListenerContainer : Restarting Consumer@58393ec3: tags=[[]], channel=null, acknowledgeMode=AUTO local queue size=0
2025-12-15T17:58:50.049+05:30  INFO 18252 --- [user-service] [springCloudBus.anonymous.GJUSfB1ST5mLtdG6ByXBYQ-56] o.s.a.r.c.CachingConnectionFactory       : Attempting to connect to: [localhost:5672]
2025-12-15T17:58:55.160+05:30  WARN 18252 --- [user-service] [springCloudBus.anonymous.GJUSfB1ST5mLtdG6ByXBYQ-56] o.s.a.r.l.SimpleMessageListenerContainer : Consumer raised exception, processing can restart if the connection factory supports it. Exception summary: org.springframework.amqp.AmqpConnectException: java.net.ConnectException: Connection refused: getsockopt
2025-12-15T17:58:55.160+05:30  INFO 18252 --- [user-service] [springCloudBus.anonymous.GJUSfB1ST5mLtdG6ByXBYQ-56] o.s.a.r.l.SimpleMessageListenerContainer : Restarting Consumer@7f8953f1: tags=[[]], channel=null, acknowledgeMode=AUTO local queue size=0
2025-12-15T17:58:55.163+05:30  INFO 18252 --- [user-service] [springCloudBus.anonymous.GJUSfB1ST5mLtdG6ByXBYQ-57] o.s.a.r.c.CachingConnectionFactory       : Attempting to connect to: [localhost:5672]
2025-12-15T17:59:00.260+05:30  WARN 18252 --- [user-service] [springCloudBus.anonymous.GJUSfB1ST5mLtdG6ByXBYQ-57] o.s.a.r.l.SimpleMessageListenerContainer : Consumer raised exception, processing can restart if the connection factory supports it. Exception summary: org.springframework.amqp.AmqpConnectException: java.net.ConnectException: Connection refused: getsockopt
2025-12-15T17:59:00.261+05:30  INFO 18252 --- [user-service] [springCloudBus.anonymous.GJUSfB1ST5mLtdG6ByXBYQ-57] o.s.a.r.l.SimpleMessageListenerContainer : Restarting Consumer@4a7392e0: tags=[[]], channel=null, acknowledgeMode=AUTO local queue size=0
2025-12-15T17:59:00.266+05:30  INFO 18252 --- [user-service] [springCloudBus.anonymous.GJUSfB1ST5mLtdG6ByXBYQ-58] o.s.a.r.c.CachingConnectionFactory       : Attempting to connect to: [localhost:5672]
2025-12-15T17:59:05.373+05:30  WARN 18252 --- [user-service] [springCloudBus.anonymous.GJUSfB1ST5mLtdG6ByXBYQ-58] o.s.a.r.l.SimpleMessageListenerContainer : Consumer raised exception, processing can restart if the connection factory supports it. Exception summary: org.springframework.amqp.AmqpConnectException: java.net.ConnectException: Connection refused: getsockopt
2025-12-15T17:59:05.373+05:30  INFO 18252 --- [user-service] [springCloudBus.anonymous.GJUSfB1ST5mLtdG6ByXBYQ-58] o.s.a.r.l.SimpleMessageListenerContainer : Restarting Consumer@64975aed: tags=[[]], channel=null, acknowledgeMode=AUTO local queue size=0
2025-12-15T17:59:05.375+05:30  INFO 18252 --- [user-service] [springCloudBus.anonymous.GJUSfB1ST5mLtdG6ByXBYQ-59] o.s.a.r.c.CachingConnectionFactory       : Attempting to connect to: [localhost:5672]
2025-12-15T17:59:07.908+05:30  INFO 18252 --- [user-service] [AsyncResolver-bootstrap-executor-%d] c.n.d.s.r.aws.ConfigClusterResolver      : Resolving eureka endpoints via configuration
2025-12-15T17:59:10.448+05:30  WARN 18252 --- [user-service] [springCloudBus.anonymous.GJUSfB1ST5mLtdG6ByXBYQ-59] o.s.a.r.l.SimpleMessageListenerContainer : Consumer raised exception, processing can restart if the connection factory supports it. Exception summary: org.springframework.amqp.AmqpConnectException: java.net.ConnectException: Connection refused: getsockopt
2025-12-15T17:59:10.449+05:30  INFO 18252 --- [user-service] [springCloudBus.anonymous.GJUSfB1ST5mLtdG6ByXBYQ-59] o.s.a.r.l.SimpleMessageListenerContainer : Restarting Consumer@9a20cc4: tags=[[]], channel=null, acknowledgeMode=AUTO local queue size=0
2025-12-15T17:59:10.451+05:30  INFO 18252 --- [user-service] [springCloudBus.anonymous.GJUSfB1ST5mLtdG6ByXBYQ-60] o.s.a.r.c.CachingConnectionFactory       : Attempting to connect to: [localhost:5672]
2025-12-15T17:59:15.584+05:30  WARN 18252 --- [user-service] [springCloudBus.anonymous.GJUSfB1ST5mLtdG6ByXBYQ-60] o.s.a.r.l.SimpleMessageListenerContainer : Consumer raised exception, processing can restart if the connection factory supports it. Exception summary: org.springframework.amqp.AmqpConnectException: java.net.ConnectException: Connection refused: getsockopt
2025-12-15T17:59:15.585+05:30  INFO 18252 --- [user-service] [springCloudBus.anonymous.GJUSfB1ST5mLtdG6ByXBYQ-60] o.s.a.r.l.SimpleMessageListenerContainer : Restarting Consumer@160ef75b: tags=[[]], channel=null, acknowledgeMode=AUTO local queue size=0
2025-12-15T17:59:15.588+05:30  INFO 18252 --- [user-service] [springCloudBus.anonymous.GJUSfB1ST5mLtdG6ByXBYQ-61] o.s.a.r.c.CachingConnectionFactory       : Attempting to connect to: [localhost:5672]
2025-12-15T17:59:20.718+05:30  WARN 18252 --- [user-service] [springCloudBus.anonymous.GJUSfB1ST5mLtdG6ByXBYQ-61] o.s.a.r.l.SimpleMessageListenerContainer : Consumer raised exception, processing can restart if the connection factory supports it. Exception summary: org.springframework.amqp.AmqpConnectException: java.net.ConnectException: Connection refused: getsockopt
2025-12-15T17:59:20.718+05:30  INFO 18252 --- [user-service] [springCloudBus.anonymous.GJUSfB1ST5mLtdG6ByXBYQ-61] o.s.a.r.l.SimpleMessageListenerContainer : Restarting Consumer@10140015: tags=[[]], channel=null, acknowledgeMode=AUTO local queue size=0
2025-12-15T17:59:20.719+05:30  INFO 18252 --- [user-service] [springCloudBus.anonymous.GJUSfB1ST5mLtdG6ByXBYQ-62] o.s.a.r.c.CachingConnectionFactory       : Attempting to connect to: [localhost:5672]
2025-12-15T17:59:25.854+05:30  WARN 18252 --- [user-service] [springCloudBus.anonymous.GJUSfB1ST5mLtdG6ByXBYQ-62] o.s.a.r.l.SimpleMessageListenerContainer : Consumer raised exception, processing can restart if the connection factory supports it. Exception summary: org.springframework.amqp.AmqpConnectException: java.net.ConnectException: Connection refused: getsockopt
2025-12-15T17:59:25.855+05:30  INFO 18252 --- [user-service] [springCloudBus.anonymous.GJUSfB1ST5mLtdG6ByXBYQ-62] o.s.a.r.l.SimpleMessageListenerContainer : Restarting Consumer@67a8ead4: tags=[[]], channel=null, acknowledgeMode=AUTO local queue size=0
2025-12-15T17:59:25.856+05:30  INFO 18252 --- [user-service] [springCloudBus.anonymous.GJUSfB1ST5mLtdG6ByXBYQ-63] o.s.a.r.c.CachingConnectionFactory       : Attempting to connect to: [localhost:5672]
2025-12-15T17:59:30.957+05:30  WARN 18252 --- [user-service] [springCloudBus.anonymous.GJUSfB1ST5mLtdG6ByXBYQ-63] o.s.a.r.l.SimpleMessageListenerContainer : Consumer raised exception, processing can restart if the connection factory supports it. Exception summary: org.springframework.amqp.AmqpConnectException: java.net.ConnectException: Connection refused: getsockopt
2025-12-15T17:59:30.958+05:30  INFO 18252 --- [user-service] [springCloudBus.anonymous.GJUSfB1ST5mLtdG6ByXBYQ-63] o.s.a.r.l.SimpleMessageListenerContainer : Restarting Consumer@78f20218: tags=[[]], channel=null, acknowledgeMode=AUTO local queue size=0
2025-12-15T17:59:30.961+05:30  INFO 18252 --- [user-service] [springCloudBus.anonymous.GJUSfB1ST5mLtdG6ByXBYQ-64] o.s.a.r.c.CachingConnectionFactory       : Attempting to connect to: [localhost:5672]
2025-12-15T17:59:36.094+05:30  WARN 18252 --- [user-service] [springCloudBus.anonymous.GJUSfB1ST5mLtdG6ByXBYQ-64] o.s.a.r.l.SimpleMessageListenerContainer : Consumer raised exception, processing can restart if the connection factory supports it. Exception summary: org.springframework.amqp.AmqpConnectException: java.net.ConnectException: Connection refused: getsockopt
2025-12-15T17:59:36.095+05:30  INFO 18252 --- [user-service] [springCloudBus.anonymous.GJUSfB1ST5mLtdG6ByXBYQ-64] o.s.a.r.l.SimpleMessageListenerContainer : Restarting Consumer@6c9a22d9: tags=[[]], channel=null, acknowledgeMode=AUTO local queue size=0
2025-12-15T17:59:36.098+05:30  INFO 18252 --- [user-service] [springCloudBus.anonymous.GJUSfB1ST5mLtdG6ByXBYQ-65] o.s.a.r.c.CachingConnectionFactory       : Attempting to connect to: [localhost:5672]
2025-12-15T17:59:41.230+05:30  WARN 18252 --- [user-service] [springCloudBus.anonymous.GJUSfB1ST5mLtdG6ByXBYQ-65] o.s.a.r.l.SimpleMessageListenerContainer : Consumer raised exception, processing can restart if the connection factory supports it. Exception summary: org.springframework.amqp.AmqpConnectException: java.net.ConnectException: Connection refused: getsockopt
2025-12-15T17:59:41.231+05:30  INFO 18252 --- [user-service] [springCloudBus.anonymous.GJUSfB1ST5mLtdG6ByXBYQ-65] o.s.a.r.l.SimpleMessageListenerContainer : Restarting Consumer@6608aa1e: tags=[[]], channel=null, acknowledgeMode=AUTO local queue size=0
2025-12-15T17:59:41.234+05:30  INFO 18252 --- [user-service] [springCloudBus.anonymous.GJUSfB1ST5mLtdG6ByXBYQ-66] o.s.a.r.c.CachingConnectionFactory       : Attempting to connect to: [localhost:5672]
2025-12-15T17:59:46.355+05:30  WARN 18252 --- [user-service] [springCloudBus.anonymous.GJUSfB1ST5mLtdG6ByXBYQ-66] o.s.a.r.l.SimpleMessageListenerContainer : Consumer raised exception, processing can restart if the connection factory supports it. Exception summary: org.springframework.amqp.AmqpConnectException: java.net.ConnectException: Connection refused: getsockopt
2025-12-15T17:59:46.355+05:30  INFO 18252 --- [user-service] [springCloudBus.anonymous.GJUSfB1ST5mLtdG6ByXBYQ-66] o.s.a.r.l.SimpleMessageListenerContainer : Restarting Consumer@7d06fac0: tags=[[]], channel=null, acknowledgeMode=AUTO local queue size=0
2025-12-15T17:59:46.359+05:30  INFO 18252 --- [user-service] [springCloudBus.anonymous.GJUSfB1ST5mLtdG6ByXBYQ-67] o.s.a.r.c.CachingConnectionFactory       : Attempting to connect to: [localhost:5672]
2025-12-15T17:59:51.450+05:30  WARN 18252 --- [user-service] [springCloudBus.anonymous.GJUSfB1ST5mLtdG6ByXBYQ-67] o.s.a.r.l.SimpleMessageListenerContainer : Consumer raised exception, processing can restart if the connection factory supports it. Exception summary: org.springframework.amqp.AmqpConnectException: java.net.ConnectException: Connection refused: getsockopt
2025-12-15T17:59:51.450+05:30  INFO 18252 --- [user-service] [springCloudBus.anonymous.GJUSfB1ST5mLtdG6ByXBYQ-67] o.s.a.r.l.SimpleMessageListenerContainer : Restarting Consumer@7dad6194: tags=[[]], channel=null, acknowledgeMode=AUTO local queue size=0
2025-12-15T17:59:51.453+05:30  INFO 18252 --- [user-service] [springCloudBus.anonymous.GJUSfB1ST5mLtdG6ByXBYQ-68] o.s.a.r.c.CachingConnectionFactory       : Attempting to connect to: [localhost:5672]
2025-12-15T17:59:56.542+05:30  WARN 18252 --- [user-service] [springCloudBus.anonymous.GJUSfB1ST5mLtdG6ByXBYQ-68] o.s.a.r.l.SimpleMessageListenerContainer : Consumer raised exception, processing can restart if the connection factory supports it. Exception summary: org.springframework.amqp.AmqpConnectException: java.net.ConnectException: Connection refused: getsockopt
2025-12-15T17:59:56.542+05:30  INFO 18252 --- [user-service] [springCloudBus.anonymous.GJUSfB1ST5mLtdG6ByXBYQ-68] o.s.a.r.l.SimpleMessageListenerContainer : Restarting Consumer@52eaae57: tags=[[]], channel=null, acknowledgeMode=AUTO local queue size=0
2025-12-15T17:59:56.544+05:30  INFO 18252 --- [user-service] [springCloudBus.anonymous.GJUSfB1ST5mLtdG6ByXBYQ-69] o.s.a.r.c.CachingConnectionFactory       : Attempting to connect to: [localhost:5672]
2025-12-15T18:00:01.639+05:30  WARN 18252 --- [user-service] [springCloudBus.anonymous.GJUSfB1ST5mLtdG6ByXBYQ-69] o.s.a.r.l.SimpleMessageListenerContainer : Consumer raised exception, processing can restart if the connection factory supports it. Exception summary: org.springframework.amqp.AmqpConnectException: java.net.ConnectException: Connection refused: getsockopt
2025-12-15T18:00:01.640+05:30  INFO 18252 --- [user-service] [springCloudBus.anonymous.GJUSfB1ST5mLtdG6ByXBYQ-69] o.s.a.r.l.SimpleMessageListenerContainer : Restarting Consumer@333ba774: tags=[[]], channel=null, acknowledgeMode=AUTO local queue size=0
2025-12-15T18:00:01.642+05:30  INFO 18252 --- [user-service] [springCloudBus.anonymous.GJUSfB1ST5mLtdG6ByXBYQ-70] o.s.a.r.c.CachingConnectionFactory       : Attempting to connect to: [localhost:5672]
2025-12-15T18:00:06.748+05:30  WARN 18252 --- [user-service] [springCloudBus.anonymous.GJUSfB1ST5mLtdG6ByXBYQ-70] o.s.a.r.l.SimpleMessageListenerContainer : Consumer raised exception, processing can restart if the connection factory supports it. Exception summary: org.springframework.amqp.AmqpConnectException: java.net.ConnectException: Connection refused: getsockopt
2025-12-15T18:00:06.749+05:30  INFO 18252 --- [user-service] [springCloudBus.anonymous.GJUSfB1ST5mLtdG6ByXBYQ-70] o.s.a.r.l.SimpleMessageListenerContainer : Restarting Consumer@5757e00: tags=[[]], channel=null, acknowledgeMode=AUTO local queue size=0
2025-12-15T18:00:06.752+05:30  INFO 18252 --- [user-service] [springCloudBus.anonymous.GJUSfB1ST5mLtdG6ByXBYQ-71] o.s.a.r.c.CachingConnectionFactory       : Attempting to connect to: [localhost:5672]
2025-12-15T18:00:11.858+05:30  WARN 18252 --- [user-service] [springCloudBus.anonymous.GJUSfB1ST5mLtdG6ByXBYQ-71] o.s.a.r.l.SimpleMessageListenerContainer : Consumer raised exception, processing can restart if the connection factory supports it. Exception summary: org.springframework.amqp.AmqpConnectException: java.net.ConnectException: Connection refused: getsockopt
2025-12-15T18:00:11.858+05:30  INFO 18252 --- [user-service] [springCloudBus.anonymous.GJUSfB1ST5mLtdG6ByXBYQ-71] o.s.a.r.l.SimpleMessageListenerContainer : Restarting Consumer@331c23d7: tags=[[]], channel=null, acknowledgeMode=AUTO local queue size=0
2025-12-15T18:00:11.860+05:30  INFO 18252 --- [user-service] [springCloudBus.anonymous.GJUSfB1ST5mLtdG6ByXBYQ-72] o.s.a.r.c.CachingConnectionFactory       : Attempting to connect to: [localhost:5672]
2025-12-15T18:00:16.950+05:30  WARN 18252 --- [user-service] [springCloudBus.anonymous.GJUSfB1ST5mLtdG6ByXBYQ-72] o.s.a.r.l.SimpleMessageListenerContainer : Consumer raised exception, processing can restart if the connection factory supports it. Exception summary: org.springframework.amqp.AmqpConnectException: java.net.ConnectException: Connection refused: getsockopt
2025-12-15T18:00:16.951+05:30  INFO 18252 --- [user-service] [springCloudBus.anonymous.GJUSfB1ST5mLtdG6ByXBYQ-72] o.s.a.r.l.SimpleMessageListenerContainer : Restarting Consumer@38aa39ba: tags=[[]], channel=null, acknowledgeMode=AUTO local queue size=0
2025-12-15T18:00:16.952+05:30  INFO 18252 --- [user-service] [springCloudBus.anonymous.GJUSfB1ST5mLtdG6ByXBYQ-73] o.s.a.r.c.CachingConnectionFactory       : Attempting to connect to: [localhost:5672]
2025-12-15T18:00:22.042+05:30  WARN 18252 --- [user-service] [springCloudBus.anonymous.GJUSfB1ST5mLtdG6ByXBYQ-73] o.s.a.r.l.SimpleMessageListenerContainer : Consumer raised exception, processing can restart if the connection factory supports it. Exception summary: org.springframework.amqp.AmqpConnectException: java.net.ConnectException: Connection refused: getsockopt
2025-12-15T18:00:22.043+05:30  INFO 18252 --- [user-service] [springCloudBus.anonymous.GJUSfB1ST5mLtdG6ByXBYQ-73] o.s.a.r.l.SimpleMessageListenerContainer : Restarting Consumer@333ca1ca: tags=[[]], channel=null, acknowledgeMode=AUTO local queue size=0
2025-12-15T18:00:22.046+05:30  INFO 18252 --- [user-service] [springCloudBus.anonymous.GJUSfB1ST5mLtdG6ByXBYQ-74] o.s.a.r.c.CachingConnectionFactory       : Attempting to connect to: [localhost:5672]
2025-12-15T18:00:27.154+05:30  WARN 18252 --- [user-service] [springCloudBus.anonymous.GJUSfB1ST5mLtdG6ByXBYQ-74] o.s.a.r.l.SimpleMessageListenerContainer : Consumer raised exception, processing can restart if the connection factory supports it. Exception summary: org.springframework.amqp.AmqpConnectException: java.net.ConnectException: Connection refused: getsockopt
2025-12-15T18:00:27.155+05:30  INFO 18252 --- [user-service] [springCloudBus.anonymous.GJUSfB1ST5mLtdG6ByXBYQ-74] o.s.a.r.l.SimpleMessageListenerContainer : Restarting Consumer@4dc19ebd: tags=[[]], channel=null, acknowledgeMode=AUTO local queue size=0
2025-12-15T18:00:27.158+05:30  INFO 18252 --- [user-service] [springCloudBus.anonymous.GJUSfB1ST5mLtdG6ByXBYQ-75] o.s.a.r.c.CachingConnectionFactory       : Attempting to connect to: [localhost:5672]
2025-12-15T18:00:32.235+05:30  WARN 18252 --- [user-service] [springCloudBus.anonymous.GJUSfB1ST5mLtdG6ByXBYQ-75] o.s.a.r.l.SimpleMessageListenerContainer : Consumer raised exception, processing can restart if the connection factory supports it. Exception summary: org.springframework.amqp.AmqpConnectException: java.net.ConnectException: Connection refused: getsockopt
2025-12-15T18:00:32.236+05:30  INFO 18252 --- [user-service] [springCloudBus.anonymous.GJUSfB1ST5mLtdG6ByXBYQ-75] o.s.a.r.l.SimpleMessageListenerContainer : Restarting Consumer@1a29ca8f: tags=[[]], channel=null, acknowledgeMode=AUTO local queue size=0
2025-12-15T18:00:32.238+05:30  INFO 18252 --- [user-service] [springCloudBus.anonymous.GJUSfB1ST5mLtdG6ByXBYQ-76] o.s.a.r.c.CachingConnectionFactory       : Attempting to connect to: [localhost:5672]
2025-12-15T18:00:37.377+05:30  WARN 18252 --- [user-service] [springCloudBus.anonymous.GJUSfB1ST5mLtdG6ByXBYQ-76] o.s.a.r.l.SimpleMessageListenerContainer : Consumer raised exception, processing can restart if the connection factory supports it. Exception summary: org.springframework.amqp.AmqpConnectException: java.net.ConnectException: Connection refused: getsockopt
2025-12-15T18:00:37.377+05:30  INFO 18252 --- [user-service] [springCloudBus.anonymous.GJUSfB1ST5mLtdG6ByXBYQ-76] o.s.a.r.l.SimpleMessageListenerContainer : Restarting Consumer@105c29e9: tags=[[]], channel=null, acknowledgeMode=AUTO local queue size=0
2025-12-15T18:00:37.379+05:30  INFO 18252 --- [user-service] [springCloudBus.anonymous.GJUSfB1ST5mLtdG6ByXBYQ-77] o.s.a.r.c.CachingConnectionFactory       : Attempting to connect to: [localhost:5672]
2025-12-15T18:00:42.468+05:30  WARN 18252 --- [user-service] [springCloudBus.anonymous.GJUSfB1ST5mLtdG6ByXBYQ-77] o.s.a.r.l.SimpleMessageListenerContainer : Consumer raised exception, processing can restart if the connection factory supports it. Exception summary: org.springframework.amqp.AmqpConnectException: java.net.ConnectException: Connection refused: getsockopt
2025-12-15T18:00:42.469+05:30  INFO 18252 --- [user-service] [springCloudBus.anonymous.GJUSfB1ST5mLtdG6ByXBYQ-77] o.s.a.r.l.SimpleMessageListenerContainer : Restarting Consumer@4c4051e8: tags=[[]], channel=null, acknowledgeMode=AUTO local queue size=0
2025-12-15T18:00:42.472+05:30  INFO 18252 --- [user-service] [springCloudBus.anonymous.GJUSfB1ST5mLtdG6ByXBYQ-78] o.s.a.r.c.CachingConnectionFactory       : Attempting to connect to: [localhost:5672]
2025-12-15T18:00:47.631+05:30  WARN 18252 --- [user-service] [springCloudBus.anonymous.GJUSfB1ST5mLtdG6ByXBYQ-78] o.s.a.r.l.SimpleMessageListenerContainer : Consumer raised exception, processing can restart if the connection factory supports it. Exception summary: org.springframework.amqp.AmqpConnectException: java.net.ConnectException: Connection refused: getsockopt
2025-12-15T18:00:47.632+05:30  INFO 18252 --- [user-service] [springCloudBus.anonymous.GJUSfB1ST5mLtdG6ByXBYQ-78] o.s.a.r.l.SimpleMessageListenerContainer : Restarting Consumer@665c726: tags=[[]], channel=null, acknowledgeMode=AUTO local queue size=0
2025-12-15T18:00:47.635+05:30  INFO 18252 --- [user-service] [springCloudBus.anonymous.GJUSfB1ST5mLtdG6ByXBYQ-79] o.s.a.r.c.CachingConnectionFactory       : Attempting to connect to: [localhost:5672]
2025-12-15T18:00:52.761+05:30  WARN 18252 --- [user-service] [springCloudBus.anonymous.GJUSfB1ST5mLtdG6ByXBYQ-79] o.s.a.r.l.SimpleMessageListenerContainer : Consumer raised exception, processing can restart if the connection factory supports it. Exception summary: org.springframework.amqp.AmqpConnectException: java.net.ConnectException: Connection refused: getsockopt
2025-12-15T18:00:52.762+05:30  INFO 18252 --- [user-service] [springCloudBus.anonymous.GJUSfB1ST5mLtdG6ByXBYQ-79] o.s.a.r.l.SimpleMessageListenerContainer : Restarting Consumer@41ded165: tags=[[]], channel=null, acknowledgeMode=AUTO local queue size=0
2025-12-15T18:00:52.763+05:30  INFO 18252 --- [user-service] [springCloudBus.anonymous.GJUSfB1ST5mLtdG6ByXBYQ-80] o.s.a.r.c.CachingConnectionFactory       : Attempting to connect to: [localhost:5672]
2025-12-15T18:00:57.836+05:30  WARN 18252 --- [user-service] [springCloudBus.anonymous.GJUSfB1ST5mLtdG6ByXBYQ-80] o.s.a.r.l.SimpleMessageListenerContainer : Consumer raised exception, processing can restart if the connection factory supports it. Exception summary: org.springframework.amqp.AmqpConnectException: java.net.ConnectException: Connection refused: getsockopt
2025-12-15T18:00:57.837+05:30  INFO 18252 --- [user-service] [springCloudBus.anonymous.GJUSfB1ST5mLtdG6ByXBYQ-80] o.s.a.r.l.SimpleMessageListenerContainer : Restarting Consumer@1ee2e78f: tags=[[]], channel=null, acknowledgeMode=AUTO local queue size=0
2025-12-15T18:00:57.839+05:30  INFO 18252 --- [user-service] [springCloudBus.anonymous.GJUSfB1ST5mLtdG6ByXBYQ-81] o.s.a.r.c.CachingConnectionFactory       : Attempting to connect to: [localhost:5672]
2025-12-15T18:01:02.958+05:30  WARN 18252 --- [user-service] [springCloudBus.anonymous.GJUSfB1ST5mLtdG6ByXBYQ-81] o.s.a.r.l.SimpleMessageListenerContainer : Consumer raised exception, processing can restart if the connection factory supports it. Exception summary: org.springframework.amqp.AmqpConnectException: java.net.ConnectException: Connection refused: getsockopt
2025-12-15T18:01:02.958+05:30  INFO 18252 --- [user-service] [springCloudBus.anonymous.GJUSfB1ST5mLtdG6ByXBYQ-81] o.s.a.r.l.SimpleMessageListenerContainer : Restarting Consumer@422b0ecf: tags=[[]], channel=null, acknowledgeMode=AUTO local queue size=0
2025-12-15T18:01:02.962+05:30  INFO 18252 --- [user-service] [springCloudBus.anonymous.GJUSfB1ST5mLtdG6ByXBYQ-82] o.s.a.r.c.CachingConnectionFactory       : Attempting to connect to: [localhost:5672]
2025-12-15T18:01:08.059+05:30  WARN 18252 --- [user-service] [springCloudBus.anonymous.GJUSfB1ST5mLtdG6ByXBYQ-82] o.s.a.r.l.SimpleMessageListenerContainer : Consumer raised exception, processing can restart if the connection factory supports it. Exception summary: org.springframework.amqp.AmqpConnectException: java.net.ConnectException: Connection refused: getsockopt
2025-12-15T18:01:08.060+05:30  INFO 18252 --- [user-service] [springCloudBus.anonymous.GJUSfB1ST5mLtdG6ByXBYQ-82] o.s.a.r.l.SimpleMessageListenerContainer : Restarting Consumer@5fe11d6c: tags=[[]], channel=null, acknowledgeMode=AUTO local queue size=0
2025-12-15T18:01:08.064+05:30  INFO 18252 --- [user-service] [springCloudBus.anonymous.GJUSfB1ST5mLtdG6ByXBYQ-83] o.s.a.r.c.CachingConnectionFactory       : Attempting to connect to: [localhost:5672]
2025-12-15T18:01:13.175+05:30  WARN 18252 --- [user-service] [springCloudBus.anonymous.GJUSfB1ST5mLtdG6ByXBYQ-83] o.s.a.r.l.SimpleMessageListenerContainer : Consumer raised exception, processing can restart if the connection factory supports it. Exception summary: org.springframework.amqp.AmqpConnectException: java.net.ConnectException: Connection refused: getsockopt
2025-12-15T18:01:13.175+05:30  INFO 18252 --- [user-service] [springCloudBus.anonymous.GJUSfB1ST5mLtdG6ByXBYQ-83] o.s.a.r.l.SimpleMessageListenerContainer : Restarting Consumer@8d67218: tags=[[]], channel=null, acknowledgeMode=AUTO local queue size=0
2025-12-15T18:01:13.177+05:30  INFO 18252 --- [user-service] [springCloudBus.anonymous.GJUSfB1ST5mLtdG6ByXBYQ-84] o.s.a.r.c.CachingConnectionFactory       : Attempting to connect to: [localhost:5672]
2025-12-15T18:01:18.302+05:30  WARN 18252 --- [user-service] [springCloudBus.anonymous.GJUSfB1ST5mLtdG6ByXBYQ-84] o.s.a.r.l.SimpleMessageListenerContainer : Consumer raised exception, processing can restart if the connection factory supports it. Exception summary: org.springframework.amqp.AmqpConnectException: java.net.ConnectException: Connection refused: getsockopt
2025-12-15T18:01:18.303+05:30  INFO 18252 --- [user-service] [springCloudBus.anonymous.GJUSfB1ST5mLtdG6ByXBYQ-84] o.s.a.r.l.SimpleMessageListenerContainer : Restarting Consumer@6ea43628: tags=[[]], channel=null, acknowledgeMode=AUTO local queue size=0
2025-12-15T18:01:18.306+05:30  INFO 18252 --- [user-service] [springCloudBus.anonymous.GJUSfB1ST5mLtdG6ByXBYQ-85] o.s.a.r.c.CachingConnectionFactory       : Attempting to connect to: [localhost:5672]
2025-12-15T18:01:23.398+05:30  WARN 18252 --- [user-service] [springCloudBus.anonymous.GJUSfB1ST5mLtdG6ByXBYQ-85] o.s.a.r.l.SimpleMessageListenerContainer : Consumer raised exception, processing can restart if the connection factory supports it. Exception summary: org.springframework.amqp.AmqpConnectException: java.net.ConnectException: Connection refused: getsockopt
2025-12-15T18:01:23.399+05:30  INFO 18252 --- [user-service] [springCloudBus.anonymous.GJUSfB1ST5mLtdG6ByXBYQ-85] o.s.a.r.l.SimpleMessageListenerContainer : Restarting Consumer@7b4adee4: tags=[[]], channel=null, acknowledgeMode=AUTO local queue size=0
2025-12-15T18:01:23.402+05:30  INFO 18252 --- [user-service] [springCloudBus.anonymous.GJUSfB1ST5mLtdG6ByXBYQ-86] o.s.a.r.c.CachingConnectionFactory       : Attempting to connect to: [localhost:5672]
2025-12-15T18:01:28.503+05:30  WARN 18252 --- [user-service] [springCloudBus.anonymous.GJUSfB1ST5mLtdG6ByXBYQ-86] o.s.a.r.l.SimpleMessageListenerContainer : Consumer raised exception, processing can restart if the connection factory supports it. Exception summary: org.springframework.amqp.AmqpConnectException: java.net.ConnectException: Connection refused: getsockopt
2025-12-15T18:01:28.504+05:30  INFO 18252 --- [user-service] [springCloudBus.anonymous.GJUSfB1ST5mLtdG6ByXBYQ-86] o.s.a.r.l.SimpleMessageListenerContainer : Restarting Consumer@1002d68b: tags=[[]], channel=null, acknowledgeMode=AUTO local queue size=0
2025-12-15T18:01:28.524+05:30  INFO 18252 --- [user-service] [springCloudBus.anonymous.GJUSfB1ST5mLtdG6ByXBYQ-87] o.s.a.r.c.CachingConnectionFactory       : Attempting to connect to: [localhost:5672]
2025-12-15T18:01:33.622+05:30  WARN 18252 --- [user-service] [springCloudBus.anonymous.GJUSfB1ST5mLtdG6ByXBYQ-87] o.s.a.r.l.SimpleMessageListenerContainer : Consumer raised exception, processing can restart if the connection factory supports it. Exception summary: org.springframework.amqp.AmqpConnectException: java.net.ConnectException: Connection refused: getsockopt
2025-12-15T18:01:33.622+05:30  INFO 18252 --- [user-service] [springCloudBus.anonymous.GJUSfB1ST5mLtdG6ByXBYQ-87] o.s.a.r.l.SimpleMessageListenerContainer : Restarting Consumer@27e5b878: tags=[[]], channel=null, acknowledgeMode=AUTO local queue size=0
2025-12-15T18:01:33.625+05:30  INFO 18252 --- [user-service] [springCloudBus.anonymous.GJUSfB1ST5mLtdG6ByXBYQ-88] o.s.a.r.c.CachingConnectionFactory       : Attempting to connect to: [localhost:5672]
2025-12-15T18:01:38.724+05:30  WARN 18252 --- [user-service] [springCloudBus.anonymous.GJUSfB1ST5mLtdG6ByXBYQ-88] o.s.a.r.l.SimpleMessageListenerContainer : Consumer raised exception, processing can restart if the connection factory supports it. Exception summary: org.springframework.amqp.AmqpConnectException: java.net.ConnectException: Connection refused: getsockopt
2025-12-15T18:01:38.725+05:30  INFO 18252 --- [user-service] [springCloudBus.anonymous.GJUSfB1ST5mLtdG6ByXBYQ-88] o.s.a.r.l.SimpleMessageListenerContainer : Restarting Consumer@151a4a0a: tags=[[]], channel=null, acknowledgeMode=AUTO local queue size=0
2025-12-15T18:01:38.728+05:30  INFO 18252 --- [user-service] [springCloudBus.anonymous.GJUSfB1ST5mLtdG6ByXBYQ-89] o.s.a.r.c.CachingConnectionFactory       : Attempting to connect to: [localhost:5672]
2025-12-15T18:01:43.831+05:30  WARN 18252 --- [user-service] [springCloudBus.anonymous.GJUSfB1ST5mLtdG6ByXBYQ-89] o.s.a.r.l.SimpleMessageListenerContainer : Consumer raised exception, processing can restart if the connection factory supports it. Exception summary: org.springframework.amqp.AmqpConnectException: java.net.ConnectException: Connection refused: getsockopt
2025-12-15T18:01:43.831+05:30  INFO 18252 --- [user-service] [springCloudBus.anonymous.GJUSfB1ST5mLtdG6ByXBYQ-89] o.s.a.r.l.SimpleMessageListenerContainer : Restarting Consumer@1d326726: tags=[[]], channel=null, acknowledgeMode=AUTO local queue size=0
2025-12-15T18:01:43.832+05:30  INFO 18252 --- [user-service] [springCloudBus.anonymous.GJUSfB1ST5mLtdG6ByXBYQ-90] o.s.a.r.c.CachingConnectionFactory       : Attempting to connect to: [localhost:5672]
2025-12-15T18:01:48.953+05:30  WARN 18252 --- [user-service] [springCloudBus.anonymous.GJUSfB1ST5mLtdG6ByXBYQ-90] o.s.a.r.l.SimpleMessageListenerContainer : Consumer raised exception, processing can restart if the connection factory supports it. Exception summary: org.springframework.amqp.AmqpConnectException: java.net.ConnectException: Connection refused: getsockopt
2025-12-15T18:01:48.954+05:30  INFO 18252 --- [user-service] [springCloudBus.anonymous.GJUSfB1ST5mLtdG6ByXBYQ-90] o.s.a.r.l.SimpleMessageListenerContainer : Restarting Consumer@299e8a71: tags=[[]], channel=null, acknowledgeMode=AUTO local queue size=0
2025-12-15T18:01:48.956+05:30  INFO 18252 --- [user-service] [springCloudBus.anonymous.GJUSfB1ST5mLtdG6ByXBYQ-91] o.s.a.r.c.CachingConnectionFactory       : Attempting to connect to: [localhost:5672]
2025-12-15T18:01:54.048+05:30  WARN 18252 --- [user-service] [springCloudBus.anonymous.GJUSfB1ST5mLtdG6ByXBYQ-91] o.s.a.r.l.SimpleMessageListenerContainer : Consumer raised exception, processing can restart if the connection factory supports it. Exception summary: org.springframework.amqp.AmqpConnectException: java.net.ConnectException: Connection refused: getsockopt
2025-12-15T18:01:54.049+05:30  INFO 18252 --- [user-service] [springCloudBus.anonymous.GJUSfB1ST5mLtdG6ByXBYQ-91] o.s.a.r.l.SimpleMessageListenerContainer : Restarting Consumer@19699bc7: tags=[[]], channel=null, acknowledgeMode=AUTO local queue size=0
2025-12-15T18:01:54.051+05:30  INFO 18252 --- [user-service] [springCloudBus.anonymous.GJUSfB1ST5mLtdG6ByXBYQ-92] o.s.a.r.c.CachingConnectionFactory       : Attempting to connect to: [localhost:5672]
2025-12-15T18:01:59.116+05:30  WARN 18252 --- [user-service] [springCloudBus.anonymous.GJUSfB1ST5mLtdG6ByXBYQ-92] o.s.a.r.l.SimpleMessageListenerContainer : Consumer raised exception, processing can restart if the connection factory supports it. Exception summary: org.springframework.amqp.AmqpConnectException: java.net.ConnectException: Connection refused: getsockopt
2025-12-15T18:01:59.117+05:30  INFO 18252 --- [user-service] [springCloudBus.anonymous.GJUSfB1ST5mLtdG6ByXBYQ-92] o.s.a.r.l.SimpleMessageListenerContainer : Restarting Consumer@534b2fdd: tags=[[]], channel=null, acknowledgeMode=AUTO local queue size=0
2025-12-15T18:01:59.119+05:30  INFO 18252 --- [user-service] [springCloudBus.anonymous.GJUSfB1ST5mLtdG6ByXBYQ-93] o.s.a.r.c.CachingConnectionFactory       : Attempting to connect to: [localhost:5672]
2025-12-15T18:02:04.216+05:30  WARN 18252 --- [user-service] [springCloudBus.anonymous.GJUSfB1ST5mLtdG6ByXBYQ-93] o.s.a.r.l.SimpleMessageListenerContainer : Consumer raised exception, processing can restart if the connection factory supports it. Exception summary: org.springframework.amqp.AmqpConnectException: java.net.ConnectException: Connection refused: getsockopt
2025-12-15T18:02:04.216+05:30  INFO 18252 --- [user-service] [springCloudBus.anonymous.GJUSfB1ST5mLtdG6ByXBYQ-93] o.s.a.r.l.SimpleMessageListenerContainer : Restarting Consumer@1f4e0c4c: tags=[[]], channel=null, acknowledgeMode=AUTO local queue size=0
2025-12-15T18:02:04.218+05:30  INFO 18252 --- [user-service] [springCloudBus.anonymous.GJUSfB1ST5mLtdG6ByXBYQ-94] o.s.a.r.c.CachingConnectionFactory       : Attempting to connect to: [localhost:5672]
2025-12-15T18:02:09.303+05:30  WARN 18252 --- [user-service] [springCloudBus.anonymous.GJUSfB1ST5mLtdG6ByXBYQ-94] o.s.a.r.l.SimpleMessageListenerContainer : Consumer raised exception, processing can restart if the connection factory supports it. Exception summary: org.springframework.amqp.AmqpConnectException: java.net.ConnectException: Connection refused: getsockopt
2025-12-15T18:02:09.304+05:30  INFO 18252 --- [user-service] [springCloudBus.anonymous.GJUSfB1ST5mLtdG6ByXBYQ-94] o.s.a.r.l.SimpleMessageListenerContainer : Restarting Consumer@3e2a16df: tags=[[]], channel=null, acknowledgeMode=AUTO local queue size=0
2025-12-15T18:02:09.307+05:30  INFO 18252 --- [user-service] [springCloudBus.anonymous.GJUSfB1ST5mLtdG6ByXBYQ-95] o.s.a.r.c.CachingConnectionFactory       : Attempting to connect to: [localhost:5672]
2025-12-15T18:02:14.406+05:30  WARN 18252 --- [user-service] [springCloudBus.anonymous.GJUSfB1ST5mLtdG6ByXBYQ-95] o.s.a.r.l.SimpleMessageListenerContainer : Consumer raised exception, processing can restart if the connection factory supports it. Exception summary: org.springframework.amqp.AmqpConnectException: java.net.ConnectException: Connection refused: getsockopt
2025-12-15T18:02:14.407+05:30  INFO 18252 --- [user-service] [springCloudBus.anonymous.GJUSfB1ST5mLtdG6ByXBYQ-95] o.s.a.r.l.SimpleMessageListenerContainer : Restarting Consumer@54eab67: tags=[[]], channel=null, acknowledgeMode=AUTO local queue size=0
2025-12-15T18:02:14.410+05:30  INFO 18252 --- [user-service] [springCloudBus.anonymous.GJUSfB1ST5mLtdG6ByXBYQ-96] o.s.a.r.c.CachingConnectionFactory       : Attempting to connect to: [localhost:5672]
2025-12-15T18:02:19.506+05:30  WARN 18252 --- [user-service] [springCloudBus.anonymous.GJUSfB1ST5mLtdG6ByXBYQ-96] o.s.a.r.l.SimpleMessageListenerContainer : Consumer raised exception, processing can restart if the connection factory supports it. Exception summary: org.springframework.amqp.AmqpConnectException: java.net.ConnectException: Connection refused: getsockopt
2025-12-15T18:02:19.506+05:30  INFO 18252 --- [user-service] [springCloudBus.anonymous.GJUSfB1ST5mLtdG6ByXBYQ-96] o.s.a.r.l.SimpleMessageListenerContainer : Restarting Consumer@33206e8b: tags=[[]], channel=null, acknowledgeMode=AUTO local queue size=0
2025-12-15T18:02:19.509+05:30  INFO 18252 --- [user-service] [springCloudBus.anonymous.GJUSfB1ST5mLtdG6ByXBYQ-97] o.s.a.r.c.CachingConnectionFactory       : Attempting to connect to: [localhost:5672]
2025-12-15T18:02:24.587+05:30  WARN 18252 --- [user-service] [springCloudBus.anonymous.GJUSfB1ST5mLtdG6ByXBYQ-97] o.s.a.r.l.SimpleMessageListenerContainer : Consumer raised exception, processing can restart if the connection factory supports it. Exception summary: org.springframework.amqp.AmqpConnectException: java.net.ConnectException: Connection refused: getsockopt
2025-12-15T18:02:24.588+05:30  INFO 18252 --- [user-service] [springCloudBus.anonymous.GJUSfB1ST5mLtdG6ByXBYQ-97] o.s.a.r.l.SimpleMessageListenerContainer : Restarting Consumer@1b98b027: tags=[[]], channel=null, acknowledgeMode=AUTO local queue size=0
2025-12-15T18:02:24.591+05:30  INFO 18252 --- [user-service] [springCloudBus.anonymous.GJUSfB1ST5mLtdG6ByXBYQ-98] o.s.a.r.c.CachingConnectionFactory       : Attempting to connect to: [localhost:5672]
2025-12-15T18:02:29.677+05:30  WARN 18252 --- [user-service] [springCloudBus.anonymous.GJUSfB1ST5mLtdG6ByXBYQ-98] o.s.a.r.l.SimpleMessageListenerContainer : Consumer raised exception, processing can restart if the connection factory supports it. Exception summary: org.springframework.amqp.AmqpConnectException: java.net.ConnectException: Connection refused: getsockopt
2025-12-15T18:02:29.678+05:30  INFO 18252 --- [user-service] [springCloudBus.anonymous.GJUSfB1ST5mLtdG6ByXBYQ-98] o.s.a.r.l.SimpleMessageListenerContainer : Restarting Consumer@54c56b81: tags=[[]], channel=null, acknowledgeMode=AUTO local queue size=0
2025-12-15T18:02:29.679+05:30  INFO 18252 --- [user-service] [springCloudBus.anonymous.GJUSfB1ST5mLtdG6ByXBYQ-99] o.s.a.r.c.CachingConnectionFactory       : Attempting to connect to: [localhost:5672]
2025-12-15T18:02:34.750+05:30  WARN 18252 --- [user-service] [springCloudBus.anonymous.GJUSfB1ST5mLtdG6ByXBYQ-99] o.s.a.r.l.SimpleMessageListenerContainer : Consumer raised exception, processing can restart if the connection factory supports it. Exception summary: org.springframework.amqp.AmqpConnectException: java.net.ConnectException: Connection refused: getsockopt
2025-12-15T18:02:34.751+05:30  INFO 18252 --- [user-service] [springCloudBus.anonymous.GJUSfB1ST5mLtdG6ByXBYQ-99] o.s.a.r.l.SimpleMessageListenerContainer : Restarting Consumer@32497bf0: tags=[[]], channel=null, acknowledgeMode=AUTO local queue size=0
2025-12-15T18:02:34.754+05:30  INFO 18252 --- [user-service] [springCloudBus.anonymous.GJUSfB1ST5mLtdG6ByXBYQ-100] o.s.a.r.c.CachingConnectionFactory       : Attempting to connect to: [localhost:5672]
2025-12-15T18:02:39.835+05:30  WARN 18252 --- [user-service] [springCloudBus.anonymous.GJUSfB1ST5mLtdG6ByXBYQ-100] o.s.a.r.l.SimpleMessageListenerContainer : Consumer raised exception, processing can restart if the connection factory supports it. Exception summary: org.springframework.amqp.AmqpConnectException: java.net.ConnectException: Connection refused: getsockopt
2025-12-15T18:02:39.835+05:30  INFO 18252 --- [user-service] [springCloudBus.anonymous.GJUSfB1ST5mLtdG6ByXBYQ-100] o.s.a.r.l.SimpleMessageListenerContainer : Restarting Consumer@7bf93277: tags=[[]], channel=null, acknowledgeMode=AUTO local queue size=0
2025-12-15T18:02:39.838+05:30  INFO 18252 --- [user-service] [springCloudBus.anonymous.GJUSfB1ST5mLtdG6ByXBYQ-101] o.s.a.r.c.CachingConnectionFactory       : Attempting to connect to: [localhost:5672]
2025-12-15T18:02:44.928+05:30  WARN 18252 --- [user-service] [springCloudBus.anonymous.GJUSfB1ST5mLtdG6ByXBYQ-101] o.s.a.r.l.SimpleMessageListenerContainer : Consumer raised exception, processing can restart if the connection factory supports it. Exception summary: org.springframework.amqp.AmqpConnectException: java.net.ConnectException: Connection refused: getsockopt
2025-12-15T18:02:44.928+05:30  INFO 18252 --- [user-service] [springCloudBus.anonymous.GJUSfB1ST5mLtdG6ByXBYQ-101] o.s.a.r.l.SimpleMessageListenerContainer : Restarting Consumer@50e373bc: tags=[[]], channel=null, acknowledgeMode=AUTO local queue size=0
2025-12-15T18:02:44.931+05:30  INFO 18252 --- [user-service] [springCloudBus.anonymous.GJUSfB1ST5mLtdG6ByXBYQ-102] o.s.a.r.c.CachingConnectionFactory       : Attempting to connect to: [localhost:5672]
2025-12-15T18:02:50.038+05:30  WARN 18252 --- [user-service] [springCloudBus.anonymous.GJUSfB1ST5mLtdG6ByXBYQ-102] o.s.a.r.l.SimpleMessageListenerContainer : Consumer raised exception, processing can restart if the connection factory supports it. Exception summary: org.springframework.amqp.AmqpConnectException: java.net.ConnectException: Connection refused: getsockopt
2025-12-15T18:02:50.039+05:30  INFO 18252 --- [user-service] [springCloudBus.anonymous.GJUSfB1ST5mLtdG6ByXBYQ-102] o.s.a.r.l.SimpleMessageListenerContainer : Restarting Consumer@4ed5155c: tags=[[]], channel=null, acknowledgeMode=AUTO local queue size=0
2025-12-15T18:02:50.041+05:30  INFO 18252 --- [user-service] [springCloudBus.anonymous.GJUSfB1ST5mLtdG6ByXBYQ-103] o.s.a.r.c.CachingConnectionFactory       : Attempting to connect to: [localhost:5672]
2025-12-15T18:02:55.172+05:30  WARN 18252 --- [user-service] [springCloudBus.anonymous.GJUSfB1ST5mLtdG6ByXBYQ-103] o.s.a.r.l.SimpleMessageListenerContainer : Consumer raised exception, processing can restart if the connection factory supports it. Exception summary: org.springframework.amqp.AmqpConnectException: java.net.ConnectException: Connection refused: getsockopt
2025-12-15T18:02:55.173+05:30  INFO 18252 --- [user-service] [springCloudBus.anonymous.GJUSfB1ST5mLtdG6ByXBYQ-103] o.s.a.r.l.SimpleMessageListenerContainer : Restarting Consumer@69351ebd: tags=[[]], channel=null, acknowledgeMode=AUTO local queue size=0
2025-12-15T18:02:55.177+05:30  INFO 18252 --- [user-service] [springCloudBus.anonymous.GJUSfB1ST5mLtdG6ByXBYQ-104] o.s.a.r.c.CachingConnectionFactory       : Attempting to connect to: [localhost:5672]
2025-12-15T18:03:00.241+05:30  WARN 18252 --- [user-service] [springCloudBus.anonymous.GJUSfB1ST5mLtdG6ByXBYQ-104] o.s.a.r.l.SimpleMessageListenerContainer : Consumer raised exception, processing can restart if the connection factory supports it. Exception summary: org.springframework.amqp.AmqpConnectException: java.net.ConnectException: Connection refused: getsockopt
2025-12-15T18:03:00.242+05:30  INFO 18252 --- [user-service] [springCloudBus.anonymous.GJUSfB1ST5mLtdG6ByXBYQ-104] o.s.a.r.l.SimpleMessageListenerContainer : Restarting Consumer@6d92c3c1: tags=[[]], channel=null, acknowledgeMode=AUTO local queue size=0
2025-12-15T18:03:00.244+05:30  INFO 18252 --- [user-service] [springCloudBus.anonymous.GJUSfB1ST5mLtdG6ByXBYQ-105] o.s.a.r.c.CachingConnectionFactory       : Attempting to connect to: [localhost:5672]
2025-12-15T18:03:05.338+05:30  WARN 18252 --- [user-service] [springCloudBus.anonymous.GJUSfB1ST5mLtdG6ByXBYQ-105] o.s.a.r.l.SimpleMessageListenerContainer : Consumer raised exception, processing can restart if the connection factory supports it. Exception summary: org.springframework.amqp.AmqpConnectException: java.net.ConnectException: Connection refused: getsockopt
2025-12-15T18:03:05.338+05:30  INFO 18252 --- [user-service] [springCloudBus.anonymous.GJUSfB1ST5mLtdG6ByXBYQ-105] o.s.a.r.l.SimpleMessageListenerContainer : Restarting Consumer@35466bac: tags=[[]], channel=null, acknowledgeMode=AUTO local queue size=0
2025-12-15T18:03:05.341+05:30  INFO 18252 --- [user-service] [springCloudBus.anonymous.GJUSfB1ST5mLtdG6ByXBYQ-106] o.s.a.r.c.CachingConnectionFactory       : Attempting to connect to: [localhost:5672]
2025-12-15T18:03:10.438+05:30  WARN 18252 --- [user-service] [springCloudBus.anonymous.GJUSfB1ST5mLtdG6ByXBYQ-106] o.s.a.r.l.SimpleMessageListenerContainer : Consumer raised exception, processing can restart if the connection factory supports it. Exception summary: org.springframework.amqp.AmqpConnectException: java.net.ConnectException: Connection refused: getsockopt
2025-12-15T18:03:10.438+05:30  INFO 18252 --- [user-service] [springCloudBus.anonymous.GJUSfB1ST5mLtdG6ByXBYQ-106] o.s.a.r.l.SimpleMessageListenerContainer : Restarting Consumer@3cb8b584: tags=[[]], channel=null, acknowledgeMode=AUTO local queue size=0
2025-12-15T18:03:10.442+05:30  INFO 18252 --- [user-service] [springCloudBus.anonymous.GJUSfB1ST5mLtdG6ByXBYQ-107] o.s.a.r.c.CachingConnectionFactory       : Attempting to connect to: [localhost:5672]
2025-12-15T18:03:15.545+05:30  WARN 18252 --- [user-service] [springCloudBus.anonymous.GJUSfB1ST5mLtdG6ByXBYQ-107] o.s.a.r.l.SimpleMessageListenerContainer : Consumer raised exception, processing can restart if the connection factory supports it. Exception summary: org.springframework.amqp.AmqpConnectException: java.net.ConnectException: Connection refused: getsockopt
2025-12-15T18:03:15.546+05:30  INFO 18252 --- [user-service] [springCloudBus.anonymous.GJUSfB1ST5mLtdG6ByXBYQ-107] o.s.a.r.l.SimpleMessageListenerContainer : Restarting Consumer@43edad82: tags=[[]], channel=null, acknowledgeMode=AUTO local queue size=0
2025-12-15T18:03:15.549+05:30  INFO 18252 --- [user-service] [springCloudBus.anonymous.GJUSfB1ST5mLtdG6ByXBYQ-108] o.s.a.r.c.CachingConnectionFactory       : Attempting to connect to: [localhost:5672]
2025-12-15T18:03:20.677+05:30  WARN 18252 --- [user-service] [springCloudBus.anonymous.GJUSfB1ST5mLtdG6ByXBYQ-108] o.s.a.r.l.SimpleMessageListenerContainer : Consumer raised exception, processing can restart if the connection factory supports it. Exception summary: org.springframework.amqp.AmqpConnectException: java.net.ConnectException: Connection refused: getsockopt
2025-12-15T18:03:20.677+05:30  INFO 18252 --- [user-service] [springCloudBus.anonymous.GJUSfB1ST5mLtdG6ByXBYQ-108] o.s.a.r.l.SimpleMessageListenerContainer : Restarting Consumer@68bcbe45: tags=[[]], channel=null, acknowledgeMode=AUTO local queue size=0
2025-12-15T18:03:20.681+05:30  INFO 18252 --- [user-service] [springCloudBus.anonymous.GJUSfB1ST5mLtdG6ByXBYQ-109] o.s.a.r.c.CachingConnectionFactory       : Attempting to connect to: [localhost:5672]
2025-12-15T18:03:25.794+05:30  WARN 18252 --- [user-service] [springCloudBus.anonymous.GJUSfB1ST5mLtdG6ByXBYQ-109] o.s.a.r.l.SimpleMessageListenerContainer : Consumer raised exception, processing can restart if the connection factory supports it. Exception summary: org.springframework.amqp.AmqpConnectException: java.net.ConnectException: Connection refused: getsockopt
2025-12-15T18:03:25.795+05:30  INFO 18252 --- [user-service] [springCloudBus.anonymous.GJUSfB1ST5mLtdG6ByXBYQ-109] o.s.a.r.l.SimpleMessageListenerContainer : Restarting Consumer@57e3bd32: tags=[[]], channel=null, acknowledgeMode=AUTO local queue size=0
2025-12-15T18:03:25.798+05:30  INFO 18252 --- [user-service] [springCloudBus.anonymous.GJUSfB1ST5mLtdG6ByXBYQ-110] o.s.a.r.c.CachingConnectionFactory       : Attempting to connect to: [localhost:5672]
2025-12-15T18:03:30.900+05:30  WARN 18252 --- [user-service] [springCloudBus.anonymous.GJUSfB1ST5mLtdG6ByXBYQ-110] o.s.a.r.l.SimpleMessageListenerContainer : Consumer raised exception, processing can restart if the connection factory supports it. Exception summary: org.springframework.amqp.AmqpConnectException: java.net.ConnectException: Connection refused: getsockopt
2025-12-15T18:03:30.901+05:30  INFO 18252 --- [user-service] [springCloudBus.anonymous.GJUSfB1ST5mLtdG6ByXBYQ-110] o.s.a.r.l.SimpleMessageListenerContainer : Restarting Consumer@34ec8789: tags=[[]], channel=null, acknowledgeMode=AUTO local queue size=0
2025-12-15T18:03:30.904+05:30  INFO 18252 --- [user-service] [springCloudBus.anonymous.GJUSfB1ST5mLtdG6ByXBYQ-111] o.s.a.r.c.CachingConnectionFactory       : Attempting to connect to: [localhost:5672]
2025-12-15T18:03:36.010+05:30  WARN 18252 --- [user-service] [springCloudBus.anonymous.GJUSfB1ST5mLtdG6ByXBYQ-111] o.s.a.r.l.SimpleMessageListenerContainer : Consumer raised exception, processing can restart if the connection factory supports it. Exception summary: org.springframework.amqp.AmqpConnectException: java.net.ConnectException: Connection refused: getsockopt
2025-12-15T18:03:36.011+05:30  INFO 18252 --- [user-service] [springCloudBus.anonymous.GJUSfB1ST5mLtdG6ByXBYQ-111] o.s.a.r.l.SimpleMessageListenerContainer : Restarting Consumer@8e54ca3: tags=[[]], channel=null, acknowledgeMode=AUTO local queue size=0
2025-12-15T18:03:36.013+05:30  INFO 18252 --- [user-service] [springCloudBus.anonymous.GJUSfB1ST5mLtdG6ByXBYQ-112] o.s.a.r.c.CachingConnectionFactory       : Attempting to connect to: [localhost:5672]
2025-12-15T18:03:41.107+05:30  WARN 18252 --- [user-service] [springCloudBus.anonymous.GJUSfB1ST5mLtdG6ByXBYQ-112] o.s.a.r.l.SimpleMessageListenerContainer : Consumer raised exception, processing can restart if the connection factory supports it. Exception summary: org.springframework.amqp.AmqpConnectException: java.net.ConnectException: Connection refused: getsockopt
2025-12-15T18:03:41.108+05:30  INFO 18252 --- [user-service] [springCloudBus.anonymous.GJUSfB1ST5mLtdG6ByXBYQ-112] o.s.a.r.l.SimpleMessageListenerContainer : Restarting Consumer@8fd45a7: tags=[[]], channel=null, acknowledgeMode=AUTO local queue size=0
2025-12-15T18:03:41.110+05:30  INFO 18252 --- [user-service] [springCloudBus.anonymous.GJUSfB1ST5mLtdG6ByXBYQ-113] o.s.a.r.c.CachingConnectionFactory       : Attempting to connect to: [localhost:5672]
2025-12-15T18:03:46.229+05:30  WARN 18252 --- [user-service] [springCloudBus.anonymous.GJUSfB1ST5mLtdG6ByXBYQ-113] o.s.a.r.l.SimpleMessageListenerContainer : Consumer raised exception, processing can restart if the connection factory supports it. Exception summary: org.springframework.amqp.AmqpConnectException: java.net.ConnectException: Connection refused: getsockopt
2025-12-15T18:03:46.230+05:30  INFO 18252 --- [user-service] [springCloudBus.anonymous.GJUSfB1ST5mLtdG6ByXBYQ-113] o.s.a.r.l.SimpleMessageListenerContainer : Restarting Consumer@56c34e1e: tags=[[]], channel=null, acknowledgeMode=AUTO local queue size=0
2025-12-15T18:03:46.233+05:30  INFO 18252 --- [user-service] [springCloudBus.anonymous.GJUSfB1ST5mLtdG6ByXBYQ-114] o.s.a.r.c.CachingConnectionFactory       : Attempting to connect to: [localhost:5672]
2025-12-15T18:03:51.344+05:30  WARN 18252 --- [user-service] [springCloudBus.anonymous.GJUSfB1ST5mLtdG6ByXBYQ-114] o.s.a.r.l.SimpleMessageListenerContainer : Consumer raised exception, processing can restart if the connection factory supports it. Exception summary: org.springframework.amqp.AmqpConnectException: java.net.ConnectException: Connection refused: getsockopt
2025-12-15T18:03:51.345+05:30  INFO 18252 --- [user-service] [springCloudBus.anonymous.GJUSfB1ST5mLtdG6ByXBYQ-114] o.s.a.r.l.SimpleMessageListenerContainer : Restarting Consumer@588a0ea3: tags=[[]], channel=null, acknowledgeMode=AUTO local queue size=0
2025-12-15T18:03:51.348+05:30  INFO 18252 --- [user-service] [springCloudBus.anonymous.GJUSfB1ST5mLtdG6ByXBYQ-115] o.s.a.r.c.CachingConnectionFactory       : Attempting to connect to: [localhost:5672]
2025-12-15T18:03:56.470+05:30  WARN 18252 --- [user-service] [springCloudBus.anonymous.GJUSfB1ST5mLtdG6ByXBYQ-115] o.s.a.r.l.SimpleMessageListenerContainer : Consumer raised exception, processing can restart if the connection factory supports it. Exception summary: org.springframework.amqp.AmqpConnectException: java.net.ConnectException: Connection refused: getsockopt
2025-12-15T18:03:56.470+05:30  INFO 18252 --- [user-service] [springCloudBus.anonymous.GJUSfB1ST5mLtdG6ByXBYQ-115] o.s.a.r.l.SimpleMessageListenerContainer : Restarting Consumer@405924f5: tags=[[]], channel=null, acknowledgeMode=AUTO local queue size=0
2025-12-15T18:03:56.472+05:30  INFO 18252 --- [user-service] [springCloudBus.anonymous.GJUSfB1ST5mLtdG6ByXBYQ-116] o.s.a.r.c.CachingConnectionFactory       : Attempting to connect to: [localhost:5672]
2025-12-15T18:04:01.565+05:30  WARN 18252 --- [user-service] [springCloudBus.anonymous.GJUSfB1ST5mLtdG6ByXBYQ-116] o.s.a.r.l.SimpleMessageListenerContainer : Consumer raised exception, processing can restart if the connection factory supports it. Exception summary: org.springframework.amqp.AmqpConnectException: java.net.ConnectException: Connection refused: getsockopt
2025-12-15T18:04:01.565+05:30  INFO 18252 --- [user-service] [springCloudBus.anonymous.GJUSfB1ST5mLtdG6ByXBYQ-116] o.s.a.r.l.SimpleMessageListenerContainer : Restarting Consumer@362c422d: tags=[[]], channel=null, acknowledgeMode=AUTO local queue size=0
2025-12-15T18:04:01.569+05:30  INFO 18252 --- [user-service] [springCloudBus.anonymous.GJUSfB1ST5mLtdG6ByXBYQ-117] o.s.a.r.c.CachingConnectionFactory       : Attempting to connect to: [localhost:5672]
2025-12-15T18:04:06.673+05:30  WARN 18252 --- [user-service] [springCloudBus.anonymous.GJUSfB1ST5mLtdG6ByXBYQ-117] o.s.a.r.l.SimpleMessageListenerContainer : Consumer raised exception, processing can restart if the connection factory supports it. Exception summary: org.springframework.amqp.AmqpConnectException: java.net.ConnectException: Connection refused: getsockopt
2025-12-15T18:04:06.674+05:30  INFO 18252 --- [user-service] [springCloudBus.anonymous.GJUSfB1ST5mLtdG6ByXBYQ-117] o.s.a.r.l.SimpleMessageListenerContainer : Restarting Consumer@877f943: tags=[[]], channel=null, acknowledgeMode=AUTO local queue size=0
2025-12-15T18:04:06.676+05:30  INFO 18252 --- [user-service] [springCloudBus.anonymous.GJUSfB1ST5mLtdG6ByXBYQ-118] o.s.a.r.c.CachingConnectionFactory       : Attempting to connect to: [localhost:5672]
2025-12-15T18:04:07.921+05:30  INFO 18252 --- [user-service] [AsyncResolver-bootstrap-executor-%d] c.n.d.s.r.aws.ConfigClusterResolver      : Resolving eureka endpoints via configuration
2025-12-15T18:04:11.768+05:30  WARN 18252 --- [user-service] [springCloudBus.anonymous.GJUSfB1ST5mLtdG6ByXBYQ-118] o.s.a.r.l.SimpleMessageListenerContainer : Consumer raised exception, processing can restart if the connection factory supports it. Exception summary: org.springframework.amqp.AmqpConnectException: java.net.ConnectException: Connection refused: getsockopt
2025-12-15T18:04:11.768+05:30  INFO 18252 --- [user-service] [springCloudBus.anonymous.GJUSfB1ST5mLtdG6ByXBYQ-118] o.s.a.r.l.SimpleMessageListenerContainer : Restarting Consumer@7baebe7b: tags=[[]], channel=null, acknowledgeMode=AUTO local queue size=0
2025-12-15T18:04:11.771+05:30  INFO 18252 --- [user-service] [springCloudBus.anonymous.GJUSfB1ST5mLtdG6ByXBYQ-119] o.s.a.r.c.CachingConnectionFactory       : Attempting to connect to: [localhost:5672]
2025-12-15T18:04:16.872+05:30  WARN 18252 --- [user-service] [springCloudBus.anonymous.GJUSfB1ST5mLtdG6ByXBYQ-119] o.s.a.r.l.SimpleMessageListenerContainer : Consumer raised exception, processing can restart if the connection factory supports it. Exception summary: org.springframework.amqp.AmqpConnectException: java.net.ConnectException: Connection refused: getsockopt
2025-12-15T18:04:16.872+05:30  INFO 18252 --- [user-service] [springCloudBus.anonymous.GJUSfB1ST5mLtdG6ByXBYQ-119] o.s.a.r.l.SimpleMessageListenerContainer : Restarting Consumer@471a9303: tags=[[]], channel=null, acknowledgeMode=AUTO local queue size=0
2025-12-15T18:04:16.874+05:30  INFO 18252 --- [user-service] [springCloudBus.anonymous.GJUSfB1ST5mLtdG6ByXBYQ-120] o.s.a.r.c.CachingConnectionFactory       : Attempting to connect to: [localhost:5672]
2025-12-15T18:04:21.958+05:30  WARN 18252 --- [user-service] [springCloudBus.anonymous.GJUSfB1ST5mLtdG6ByXBYQ-120] o.s.a.r.l.SimpleMessageListenerContainer : Consumer raised exception, processing can restart if the connection factory supports it. Exception summary: org.springframework.amqp.AmqpConnectException: java.net.ConnectException: Connection refused: getsockopt
2025-12-15T18:04:21.958+05:30  INFO 18252 --- [user-service] [springCloudBus.anonymous.GJUSfB1ST5mLtdG6ByXBYQ-120] o.s.a.r.l.SimpleMessageListenerContainer : Restarting Consumer@681351df: tags=[[]], channel=null, acknowledgeMode=AUTO local queue size=0
2025-12-15T18:04:21.961+05:30  INFO 18252 --- [user-service] [springCloudBus.anonymous.GJUSfB1ST5mLtdG6ByXBYQ-121] o.s.a.r.c.CachingConnectionFactory       : Attempting to connect to: [localhost:5672]
2025-12-15T18:04:27.073+05:30  WARN 18252 --- [user-service] [springCloudBus.anonymous.GJUSfB1ST5mLtdG6ByXBYQ-121] o.s.a.r.l.SimpleMessageListenerContainer : Consumer raised exception, processing can restart if the connection factory supports it. Exception summary: org.springframework.amqp.AmqpConnectException: java.net.ConnectException: Connection refused: getsockopt
2025-12-15T18:04:27.073+05:30  INFO 18252 --- [user-service] [springCloudBus.anonymous.GJUSfB1ST5mLtdG6ByXBYQ-121] o.s.a.r.l.SimpleMessageListenerContainer : Restarting Consumer@77c366e2: tags=[[]], channel=null, acknowledgeMode=AUTO local queue size=0
2025-12-15T18:04:27.076+05:30  INFO 18252 --- [user-service] [springCloudBus.anonymous.GJUSfB1ST5mLtdG6ByXBYQ-122] o.s.a.r.c.CachingConnectionFactory       : Attempting to connect to: [localhost:5672]
2025-12-15T18:04:32.165+05:30  WARN 18252 --- [user-service] [springCloudBus.anonymous.GJUSfB1ST5mLtdG6ByXBYQ-122] o.s.a.r.l.SimpleMessageListenerContainer : Consumer raised exception, processing can restart if the connection factory supports it. Exception summary: org.springframework.amqp.AmqpConnectException: java.net.ConnectException: Connection refused: getsockopt
2025-12-15T18:04:32.166+05:30  INFO 18252 --- [user-service] [springCloudBus.anonymous.GJUSfB1ST5mLtdG6ByXBYQ-122] o.s.a.r.l.SimpleMessageListenerContainer : Restarting Consumer@ab372a6: tags=[[]], channel=null, acknowledgeMode=AUTO local queue size=0
2025-12-15T18:04:32.168+05:30  INFO 18252 --- [user-service] [springCloudBus.anonymous.GJUSfB1ST5mLtdG6ByXBYQ-123] o.s.a.r.c.CachingConnectionFactory       : Attempting to connect to: [localhost:5672]
2025-12-15T18:04:37.256+05:30  WARN 18252 --- [user-service] [springCloudBus.anonymous.GJUSfB1ST5mLtdG6ByXBYQ-123] o.s.a.r.l.SimpleMessageListenerContainer : Consumer raised exception, processing can restart if the connection factory supports it. Exception summary: org.springframework.amqp.AmqpConnectException: java.net.ConnectException: Connection refused: getsockopt
2025-12-15T18:04:37.257+05:30  INFO 18252 --- [user-service] [springCloudBus.anonymous.GJUSfB1ST5mLtdG6ByXBYQ-123] o.s.a.r.l.SimpleMessageListenerContainer : Restarting Consumer@6e7757cf: tags=[[]], channel=null, acknowledgeMode=AUTO local queue size=0
2025-12-15T18:04:37.259+05:30  INFO 18252 --- [user-service] [springCloudBus.anonymous.GJUSfB1ST5mLtdG6ByXBYQ-124] o.s.a.r.c.CachingConnectionFactory       : Attempting to connect to: [localhost:5672]
2025-12-15T18:04:42.349+05:30  WARN 18252 --- [user-service] [springCloudBus.anonymous.GJUSfB1ST5mLtdG6ByXBYQ-124] o.s.a.r.l.SimpleMessageListenerContainer : Consumer raised exception, processing can restart if the connection factory supports it. Exception summary: org.springframework.amqp.AmqpConnectException: java.net.ConnectException: Connection refused: getsockopt
2025-12-15T18:04:42.349+05:30  INFO 18252 --- [user-service] [springCloudBus.anonymous.GJUSfB1ST5mLtdG6ByXBYQ-124] o.s.a.r.l.SimpleMessageListenerContainer : Restarting Consumer@50acfcbc: tags=[[]], channel=null, acknowledgeMode=AUTO local queue size=0
2025-12-15T18:04:42.353+05:30  INFO 18252 --- [user-service] [springCloudBus.anonymous.GJUSfB1ST5mLtdG6ByXBYQ-125] o.s.a.r.c.CachingConnectionFactory       : Attempting to connect to: [localhost:5672]
2025-12-15T18:04:47.452+05:30  WARN 18252 --- [user-service] [springCloudBus.anonymous.GJUSfB1ST5mLtdG6ByXBYQ-125] o.s.a.r.l.SimpleMessageListenerContainer : Consumer raised exception, processing can restart if the connection factory supports it. Exception summary: org.springframework.amqp.AmqpConnectException: java.net.ConnectException: Connection refused: getsockopt
2025-12-15T18:04:47.453+05:30  INFO 18252 --- [user-service] [springCloudBus.anonymous.GJUSfB1ST5mLtdG6ByXBYQ-125] o.s.a.r.l.SimpleMessageListenerContainer : Restarting Consumer@2d2573a8: tags=[[]], channel=null, acknowledgeMode=AUTO local queue size=0
2025-12-15T18:04:47.456+05:30  INFO 18252 --- [user-service] [springCloudBus.anonymous.GJUSfB1ST5mLtdG6ByXBYQ-126] o.s.a.r.c.CachingConnectionFactory       : Attempting to connect to: [localhost:5672]
2025-12-15T18:04:52.559+05:30  WARN 18252 --- [user-service] [springCloudBus.anonymous.GJUSfB1ST5mLtdG6ByXBYQ-126] o.s.a.r.l.SimpleMessageListenerContainer : Consumer raised exception, processing can restart if the connection factory supports it. Exception summary: org.springframework.amqp.AmqpConnectException: java.net.ConnectException: Connection refused: getsockopt
2025-12-15T18:04:52.559+05:30  INFO 18252 --- [user-service] [springCloudBus.anonymous.GJUSfB1ST5mLtdG6ByXBYQ-126] o.s.a.r.l.SimpleMessageListenerContainer : Restarting Consumer@1926f996: tags=[[]], channel=null, acknowledgeMode=AUTO local queue size=0
2025-12-15T18:04:52.560+05:30  INFO 18252 --- [user-service] [springCloudBus.anonymous.GJUSfB1ST5mLtdG6ByXBYQ-127] o.s.a.r.c.CachingConnectionFactory       : Attempting to connect to: [localhost:5672]
2025-12-15T18:04:57.649+05:30  WARN 18252 --- [user-service] [springCloudBus.anonymous.GJUSfB1ST5mLtdG6ByXBYQ-127] o.s.a.r.l.SimpleMessageListenerContainer : Consumer raised exception, processing can restart if the connection factory supports it. Exception summary: org.springframework.amqp.AmqpConnectException: java.net.ConnectException: Connection refused: getsockopt
2025-12-15T18:04:57.650+05:30  INFO 18252 --- [user-service] [springCloudBus.anonymous.GJUSfB1ST5mLtdG6ByXBYQ-127] o.s.a.r.l.SimpleMessageListenerContainer : Restarting Consumer@7f879721: tags=[[]], channel=null, acknowledgeMode=AUTO local queue size=0
2025-12-15T18:04:57.653+05:30  INFO 18252 --- [user-service] [springCloudBus.anonymous.GJUSfB1ST5mLtdG6ByXBYQ-128] o.s.a.r.c.CachingConnectionFactory       : Attempting to connect to: [localhost:5672]
2025-12-15T18:05:02.772+05:30  WARN 18252 --- [user-service] [springCloudBus.anonymous.GJUSfB1ST5mLtdG6ByXBYQ-128] o.s.a.r.l.SimpleMessageListenerContainer : Consumer raised exception, processing can restart if the connection factory supports it. Exception summary: org.springframework.amqp.AmqpConnectException: java.net.ConnectException: Connection refused: getsockopt
2025-12-15T18:05:02.773+05:30  INFO 18252 --- [user-service] [springCloudBus.anonymous.GJUSfB1ST5mLtdG6ByXBYQ-128] o.s.a.r.l.SimpleMessageListenerContainer : Restarting Consumer@4ba66769: tags=[[]], channel=null, acknowledgeMode=AUTO local queue size=0
2025-12-15T18:05:02.776+05:30  INFO 18252 --- [user-service] [springCloudBus.anonymous.GJUSfB1ST5mLtdG6ByXBYQ-129] o.s.a.r.c.CachingConnectionFactory       : Attempting to connect to: [localhost:5672]
2025-12-15T18:05:07.884+05:30  WARN 18252 --- [user-service] [springCloudBus.anonymous.GJUSfB1ST5mLtdG6ByXBYQ-129] o.s.a.r.l.SimpleMessageListenerContainer : Consumer raised exception, processing can restart if the connection factory supports it. Exception summary: org.springframework.amqp.AmqpConnectException: java.net.ConnectException: Connection refused: getsockopt
2025-12-15T18:05:07.885+05:30  INFO 18252 --- [user-service] [springCloudBus.anonymous.GJUSfB1ST5mLtdG6ByXBYQ-129] o.s.a.r.l.SimpleMessageListenerContainer : Restarting Consumer@6a2855b1: tags=[[]], channel=null, acknowledgeMode=AUTO local queue size=0
2025-12-15T18:05:07.887+05:30  INFO 18252 --- [user-service] [springCloudBus.anonymous.GJUSfB1ST5mLtdG6ByXBYQ-130] o.s.a.r.c.CachingConnectionFactory       : Attempting to connect to: [localhost:5672]
2025-12-15T18:05:12.967+05:30  WARN 18252 --- [user-service] [springCloudBus.anonymous.GJUSfB1ST5mLtdG6ByXBYQ-130] o.s.a.r.l.SimpleMessageListenerContainer : Consumer raised exception, processing can restart if the connection factory supports it. Exception summary: org.springframework.amqp.AmqpConnectException: java.net.ConnectException: Connection refused: getsockopt
2025-12-15T18:05:12.968+05:30  INFO 18252 --- [user-service] [springCloudBus.anonymous.GJUSfB1ST5mLtdG6ByXBYQ-130] o.s.a.r.l.SimpleMessageListenerContainer : Restarting Consumer@6d8c49b9: tags=[[]], channel=null, acknowledgeMode=AUTO local queue size=0
2025-12-15T18:05:12.970+05:30  INFO 18252 --- [user-service] [springCloudBus.anonymous.GJUSfB1ST5mLtdG6ByXBYQ-131] o.s.a.r.c.CachingConnectionFactory       : Attempting to connect to: [localhost:5672]
2025-12-15T18:05:18.069+05:30  WARN 18252 --- [user-service] [springCloudBus.anonymous.GJUSfB1ST5mLtdG6ByXBYQ-131] o.s.a.r.l.SimpleMessageListenerContainer : Consumer raised exception, processing can restart if the connection factory supports it. Exception summary: org.springframework.amqp.AmqpConnectException: java.net.ConnectException: Connection refused: getsockopt
2025-12-15T18:05:18.070+05:30  INFO 18252 --- [user-service] [springCloudBus.anonymous.GJUSfB1ST5mLtdG6ByXBYQ-131] o.s.a.r.l.SimpleMessageListenerContainer : Restarting Consumer@77dbae4: tags=[[]], channel=null, acknowledgeMode=AUTO local queue size=0
2025-12-15T18:05:18.071+05:30  INFO 18252 --- [user-service] [springCloudBus.anonymous.GJUSfB1ST5mLtdG6ByXBYQ-132] o.s.a.r.c.CachingConnectionFactory       : Attempting to connect to: [localhost:5672]
2025-12-15T18:05:23.180+05:30  WARN 18252 --- [user-service] [springCloudBus.anonymous.GJUSfB1ST5mLtdG6ByXBYQ-132] o.s.a.r.l.SimpleMessageListenerContainer : Consumer raised exception, processing can restart if the connection factory supports it. Exception summary: org.springframework.amqp.AmqpConnectException: java.net.ConnectException: Connection refused: getsockopt
2025-12-15T18:05:23.181+05:30  INFO 18252 --- [user-service] [springCloudBus.anonymous.GJUSfB1ST5mLtdG6ByXBYQ-132] o.s.a.r.l.SimpleMessageListenerContainer : Restarting Consumer@53d2345d: tags=[[]], channel=null, acknowledgeMode=AUTO local queue size=0
2025-12-15T18:05:23.183+05:30  INFO 18252 --- [user-service] [springCloudBus.anonymous.GJUSfB1ST5mLtdG6ByXBYQ-133] o.s.a.r.c.CachingConnectionFactory       : Attempting to connect to: [localhost:5672]
2025-12-15T18:05:28.290+05:30  WARN 18252 --- [user-service] [springCloudBus.anonymous.GJUSfB1ST5mLtdG6ByXBYQ-133] o.s.a.r.l.SimpleMessageListenerContainer : Consumer raised exception, processing can restart if the connection factory supports it. Exception summary: org.springframework.amqp.AmqpConnectException: java.net.ConnectException: Connection refused: getsockopt
2025-12-15T18:05:28.290+05:30  INFO 18252 --- [user-service] [springCloudBus.anonymous.GJUSfB1ST5mLtdG6ByXBYQ-133] o.s.a.r.l.SimpleMessageListenerContainer : Restarting Consumer@5f7e74e: tags=[[]], channel=null, acknowledgeMode=AUTO local queue size=0
2025-12-15T18:05:28.293+05:30  INFO 18252 --- [user-service] [springCloudBus.anonymous.GJUSfB1ST5mLtdG6ByXBYQ-134] o.s.a.r.c.CachingConnectionFactory       : Attempting to connect to: [localhost:5672]
2025-12-15T18:05:33.376+05:30  WARN 18252 --- [user-service] [springCloudBus.anonymous.GJUSfB1ST5mLtdG6ByXBYQ-134] o.s.a.r.l.SimpleMessageListenerContainer : Consumer raised exception, processing can restart if the connection factory supports it. Exception summary: org.springframework.amqp.AmqpConnectException: java.net.ConnectException: Connection refused: getsockopt
2025-12-15T18:05:33.376+05:30  INFO 18252 --- [user-service] [springCloudBus.anonymous.GJUSfB1ST5mLtdG6ByXBYQ-134] o.s.a.r.l.SimpleMessageListenerContainer : Restarting Consumer@6d973335: tags=[[]], channel=null, acknowledgeMode=AUTO local queue size=0
2025-12-15T18:05:33.380+05:30  INFO 18252 --- [user-service] [springCloudBus.anonymous.GJUSfB1ST5mLtdG6ByXBYQ-135] o.s.a.r.c.CachingConnectionFactory       : Attempting to connect to: [localhost:5672]
2025-12-15T18:05:38.463+05:30  WARN 18252 --- [user-service] [springCloudBus.anonymous.GJUSfB1ST5mLtdG6ByXBYQ-135] o.s.a.r.l.SimpleMessageListenerContainer : Consumer raised exception, processing can restart if the connection factory supports it. Exception summary: org.springframework.amqp.AmqpConnectException: java.net.ConnectException: Connection refused: getsockopt
2025-12-15T18:05:38.464+05:30  INFO 18252 --- [user-service] [springCloudBus.anonymous.GJUSfB1ST5mLtdG6ByXBYQ-135] o.s.a.r.l.SimpleMessageListenerContainer : Restarting Consumer@16ce5c89: tags=[[]], channel=null, acknowledgeMode=AUTO local queue size=0
2025-12-15T18:05:38.467+05:30  INFO 18252 --- [user-service] [springCloudBus.anonymous.GJUSfB1ST5mLtdG6ByXBYQ-136] o.s.a.r.c.CachingConnectionFactory       : Attempting to connect to: [localhost:5672]
2025-12-15T18:05:43.573+05:30  WARN 18252 --- [user-service] [springCloudBus.anonymous.GJUSfB1ST5mLtdG6ByXBYQ-136] o.s.a.r.l.SimpleMessageListenerContainer : Consumer raised exception, processing can restart if the connection factory supports it. Exception summary: org.springframework.amqp.AmqpConnectException: java.net.ConnectException: Connection refused: getsockopt
2025-12-15T18:05:43.573+05:30  INFO 18252 --- [user-service] [springCloudBus.anonymous.GJUSfB1ST5mLtdG6ByXBYQ-136] o.s.a.r.l.SimpleMessageListenerContainer : Restarting Consumer@3627b848: tags=[[]], channel=null, acknowledgeMode=AUTO local queue size=0
2025-12-15T18:05:43.574+05:30  INFO 18252 --- [user-service] [springCloudBus.anonymous.GJUSfB1ST5mLtdG6ByXBYQ-137] o.s.a.r.c.CachingConnectionFactory       : Attempting to connect to: [localhost:5672]
2025-12-15T18:05:48.667+05:30  WARN 18252 --- [user-service] [springCloudBus.anonymous.GJUSfB1ST5mLtdG6ByXBYQ-137] o.s.a.r.l.SimpleMessageListenerContainer : Consumer raised exception, processing can restart if the connection factory supports it. Exception summary: org.springframework.amqp.AmqpConnectException: java.net.ConnectException: Connection refused: getsockopt
2025-12-15T18:05:48.668+05:30  INFO 18252 --- [user-service] [springCloudBus.anonymous.GJUSfB1ST5mLtdG6ByXBYQ-137] o.s.a.r.l.SimpleMessageListenerContainer : Restarting Consumer@1ffdaa35: tags=[[]], channel=null, acknowledgeMode=AUTO local queue size=0
2025-12-15T18:05:48.671+05:30  INFO 18252 --- [user-service] [springCloudBus.anonymous.GJUSfB1ST5mLtdG6ByXBYQ-138] o.s.a.r.c.CachingConnectionFactory       : Attempting to connect to: [localhost:5672]
2025-12-15T18:05:53.786+05:30  WARN 18252 --- [user-service] [springCloudBus.anonymous.GJUSfB1ST5mLtdG6ByXBYQ-138] o.s.a.r.l.SimpleMessageListenerContainer : Consumer raised exception, processing can restart if the connection factory supports it. Exception summary: org.springframework.amqp.AmqpConnectException: java.net.ConnectException: Connection refused: getsockopt
2025-12-15T18:05:53.787+05:30  INFO 18252 --- [user-service] [springCloudBus.anonymous.GJUSfB1ST5mLtdG6ByXBYQ-138] o.s.a.r.l.SimpleMessageListenerContainer : Restarting Consumer@3937345d: tags=[[]], channel=null, acknowledgeMode=AUTO local queue size=0
2025-12-15T18:05:53.790+05:30  INFO 18252 --- [user-service] [springCloudBus.anonymous.GJUSfB1ST5mLtdG6ByXBYQ-139] o.s.a.r.c.CachingConnectionFactory       : Attempting to connect to: [localhost:5672]
2025-12-15T18:05:58.915+05:30  WARN 18252 --- [user-service] [springCloudBus.anonymous.GJUSfB1ST5mLtdG6ByXBYQ-139] o.s.a.r.l.SimpleMessageListenerContainer : Consumer raised exception, processing can restart if the connection factory supports it. Exception summary: org.springframework.amqp.AmqpConnectException: java.net.ConnectException: Connection refused: getsockopt
2025-12-15T18:05:58.915+05:30  INFO 18252 --- [user-service] [springCloudBus.anonymous.GJUSfB1ST5mLtdG6ByXBYQ-139] o.s.a.r.l.SimpleMessageListenerContainer : Restarting Consumer@25e2f0ff: tags=[[]], channel=null, acknowledgeMode=AUTO local queue size=0
2025-12-15T18:05:58.917+05:30  INFO 18252 --- [user-service] [springCloudBus.anonymous.GJUSfB1ST5mLtdG6ByXBYQ-140] o.s.a.r.c.CachingConnectionFactory       : Attempting to connect to: [localhost:5672]
2025-12-15T18:06:57.789+05:30  WARN 18252 --- [user-service] [springCloudBus.anonymous.GJUSfB1ST5mLtdG6ByXBYQ-140] o.s.a.r.l.SimpleMessageListenerContainer : Consumer raised exception, processing can restart if the connection factory supports it. Exception summary: org.springframework.amqp.AmqpConnectException: java.net.ConnectException: Connection refused: getsockopt
2025-12-15T18:06:57.790+05:30  INFO 18252 --- [user-service] [springCloudBus.anonymous.GJUSfB1ST5mLtdG6ByXBYQ-140] o.s.a.r.l.SimpleMessageListenerContainer : Restarting Consumer@439e75df: tags=[[]], channel=null, acknowledgeMode=AUTO local queue size=0
2025-12-15T18:06:57.826+05:30  INFO 18252 --- [user-service] [springCloudBus.anonymous.GJUSfB1ST5mLtdG6ByXBYQ-141] o.s.a.r.c.CachingConnectionFactory       : Attempting to connect to: [localhost:5672]
2025-12-15T18:07:02.850+05:30  WARN 18252 --- [user-service] [springCloudBus.anonymous.GJUSfB1ST5mLtdG6ByXBYQ-141] o.s.a.r.l.SimpleMessageListenerContainer : Consumer raised exception, processing can restart if the connection factory supports it. Exception summary: org.springframework.amqp.AmqpConnectException: java.net.ConnectException: Connection refused: getsockopt
2025-12-15T18:07:02.851+05:30  INFO 18252 --- [user-service] [springCloudBus.anonymous.GJUSfB1ST5mLtdG6ByXBYQ-141] o.s.a.r.l.SimpleMessageListenerContainer : Restarting Consumer@5c1dd668: tags=[[]], channel=null, acknowledgeMode=AUTO local queue size=0
2025-12-15T18:07:02.854+05:30  INFO 18252 --- [user-service] [springCloudBus.anonymous.GJUSfB1ST5mLtdG6ByXBYQ-142] o.s.a.r.c.CachingConnectionFactory       : Attempting to connect to: [localhost:5672]
2025-12-15T18:07:07.959+05:30  WARN 18252 --- [user-service] [springCloudBus.anonymous.GJUSfB1ST5mLtdG6ByXBYQ-142] o.s.a.r.l.SimpleMessageListenerContainer : Consumer raised exception, processing can restart if the connection factory supports it. Exception summary: org.springframework.amqp.AmqpConnectException: java.net.ConnectException: Connection refused: getsockopt
2025-12-15T18:07:07.959+05:30  INFO 18252 --- [user-service] [springCloudBus.anonymous.GJUSfB1ST5mLtdG6ByXBYQ-142] o.s.a.r.l.SimpleMessageListenerContainer : Restarting Consumer@79fdd78c: tags=[[]], channel=null, acknowledgeMode=AUTO local queue size=0
2025-12-15T18:07:07.962+05:30  INFO 18252 --- [user-service] [springCloudBus.anonymous.GJUSfB1ST5mLtdG6ByXBYQ-143] o.s.a.r.c.CachingConnectionFactory       : Attempting to connect to: [localhost:5672]
2025-12-15T18:07:13.062+05:30  WARN 18252 --- [user-service] [springCloudBus.anonymous.GJUSfB1ST5mLtdG6ByXBYQ-143] o.s.a.r.l.SimpleMessageListenerContainer : Consumer raised exception, processing can restart if the connection factory supports it. Exception summary: org.springframework.amqp.AmqpConnectException: java.net.ConnectException: Connection refused: getsockopt
2025-12-15T18:07:13.062+05:30  INFO 18252 --- [user-service] [springCloudBus.anonymous.GJUSfB1ST5mLtdG6ByXBYQ-143] o.s.a.r.l.SimpleMessageListenerContainer : Restarting Consumer@22fea63e: tags=[[]], channel=null, acknowledgeMode=AUTO local queue size=0
2025-12-15T18:07:13.064+05:30  INFO 18252 --- [user-service] [springCloudBus.anonymous.GJUSfB1ST5mLtdG6ByXBYQ-144] o.s.a.r.c.CachingConnectionFactory       : Attempting to connect to: [localhost:5672]
2025-12-15T18:07:18.193+05:30  WARN 18252 --- [user-service] [springCloudBus.anonymous.GJUSfB1ST5mLtdG6ByXBYQ-144] o.s.a.r.l.SimpleMessageListenerContainer : Consumer raised exception, processing can restart if the connection factory supports it. Exception summary: org.springframework.amqp.AmqpConnectException: java.net.ConnectException: Connection refused: getsockopt
2025-12-15T18:07:18.193+05:30  INFO 18252 --- [user-service] [springCloudBus.anonymous.GJUSfB1ST5mLtdG6ByXBYQ-144] o.s.a.r.l.SimpleMessageListenerContainer : Restarting Consumer@722e3871: tags=[[]], channel=null, acknowledgeMode=AUTO local queue size=0
2025-12-15T18:07:18.196+05:30  INFO 18252 --- [user-service] [springCloudBus.anonymous.GJUSfB1ST5mLtdG6ByXBYQ-145] o.s.a.r.c.CachingConnectionFactory       : Attempting to connect to: [localhost:5672]
2025-12-15T18:07:23.338+05:30  WARN 18252 --- [user-service] [springCloudBus.anonymous.GJUSfB1ST5mLtdG6ByXBYQ-145] o.s.a.r.l.SimpleMessageListenerContainer : Consumer raised exception, processing can restart if the connection factory supports it. Exception summary: org.springframework.amqp.AmqpConnectException: java.net.ConnectException: Connection refused: getsockopt
2025-12-15T18:07:23.338+05:30  INFO 18252 --- [user-service] [springCloudBus.anonymous.GJUSfB1ST5mLtdG6ByXBYQ-145] o.s.a.r.l.SimpleMessageListenerContainer : Restarting Consumer@571d678e: tags=[[]], channel=null, acknowledgeMode=AUTO local queue size=0
2025-12-15T18:07:23.339+05:30  INFO 18252 --- [user-service] [springCloudBus.anonymous.GJUSfB1ST5mLtdG6ByXBYQ-146] o.s.a.r.c.CachingConnectionFactory       : Attempting to connect to: [localhost:5672]
2025-12-15T18:07:28.528+05:30  WARN 18252 --- [user-service] [springCloudBus.anonymous.GJUSfB1ST5mLtdG6ByXBYQ-146] o.s.a.r.l.SimpleMessageListenerContainer : Consumer raised exception, processing can restart if the connection factory supports it. Exception summary: org.springframework.amqp.AmqpConnectException: java.net.ConnectException: Connection refused: getsockopt
2025-12-15T18:07:28.529+05:30  INFO 18252 --- [user-service] [springCloudBus.anonymous.GJUSfB1ST5mLtdG6ByXBYQ-146] o.s.a.r.l.SimpleMessageListenerContainer : Restarting Consumer@748f40d1: tags=[[]], channel=null, acknowledgeMode=AUTO local queue size=0
2025-12-15T18:07:28.531+05:30  INFO 18252 --- [user-service] [springCloudBus.anonymous.GJUSfB1ST5mLtdG6ByXBYQ-147] o.s.a.r.c.CachingConnectionFactory       : Attempting to connect to: [localhost:5672]
2025-12-15T18:07:33.643+05:30  WARN 18252 --- [user-service] [springCloudBus.anonymous.GJUSfB1ST5mLtdG6ByXBYQ-147] o.s.a.r.l.SimpleMessageListenerContainer : Consumer raised exception, processing can restart if the connection factory supports it. Exception summary: org.springframework.amqp.AmqpConnectException: java.net.ConnectException: Connection refused: getsockopt
2025-12-15T18:07:33.643+05:30  INFO 18252 --- [user-service] [springCloudBus.anonymous.GJUSfB1ST5mLtdG6ByXBYQ-147] o.s.a.r.l.SimpleMessageListenerContainer : Restarting Consumer@3682ac0c: tags=[[]], channel=null, acknowledgeMode=AUTO local queue size=0
2025-12-15T18:07:33.645+05:30  INFO 18252 --- [user-service] [springCloudBus.anonymous.GJUSfB1ST5mLtdG6ByXBYQ-148] o.s.a.r.c.CachingConnectionFactory       : Attempting to connect to: [localhost:5672]
2025-12-15T18:07:38.758+05:30  WARN 18252 --- [user-service] [springCloudBus.anonymous.GJUSfB1ST5mLtdG6ByXBYQ-148] o.s.a.r.l.SimpleMessageListenerContainer : Consumer raised exception, processing can restart if the connection factory supports it. Exception summary: org.springframework.amqp.AmqpConnectException: java.net.ConnectException: Connection refused: getsockopt
2025-12-15T18:07:38.758+05:30  INFO 18252 --- [user-service] [springCloudBus.anonymous.GJUSfB1ST5mLtdG6ByXBYQ-148] o.s.a.r.l.SimpleMessageListenerContainer : Restarting Consumer@10e41cc8: tags=[[]], channel=null, acknowledgeMode=AUTO local queue size=0
2025-12-15T18:07:38.760+05:30  INFO 18252 --- [user-service] [springCloudBus.anonymous.GJUSfB1ST5mLtdG6ByXBYQ-149] o.s.a.r.c.CachingConnectionFactory       : Attempting to connect to: [localhost:5672]
2025-12-15T18:07:43.850+05:30  WARN 18252 --- [user-service] [springCloudBus.anonymous.GJUSfB1ST5mLtdG6ByXBYQ-149] o.s.a.r.l.SimpleMessageListenerContainer : Consumer raised exception, processing can restart if the connection factory supports it. Exception summary: org.springframework.amqp.AmqpConnectException: java.net.ConnectException: Connection refused: getsockopt
2025-12-15T18:07:43.850+05:30  INFO 18252 --- [user-service] [springCloudBus.anonymous.GJUSfB1ST5mLtdG6ByXBYQ-149] o.s.a.r.l.SimpleMessageListenerContainer : Restarting Consumer@2b81963b: tags=[[]], channel=null, acknowledgeMode=AUTO local queue size=0
2025-12-15T18:07:43.853+05:30  INFO 18252 --- [user-service] [springCloudBus.anonymous.GJUSfB1ST5mLtdG6ByXBYQ-150] o.s.a.r.c.CachingConnectionFactory       : Attempting to connect to: [localhost:5672]
2025-12-15T18:07:48.977+05:30  WARN 18252 --- [user-service] [springCloudBus.anonymous.GJUSfB1ST5mLtdG6ByXBYQ-150] o.s.a.r.l.SimpleMessageListenerContainer : Consumer raised exception, processing can restart if the connection factory supports it. Exception summary: org.springframework.amqp.AmqpConnectException: java.net.ConnectException: Connection refused: getsockopt
2025-12-15T18:07:48.977+05:30  INFO 18252 --- [user-service] [springCloudBus.anonymous.GJUSfB1ST5mLtdG6ByXBYQ-150] o.s.a.r.l.SimpleMessageListenerContainer : Restarting Consumer@c37eea5: tags=[[]], channel=null, acknowledgeMode=AUTO local queue size=0
2025-12-15T18:07:48.980+05:30  INFO 18252 --- [user-service] [springCloudBus.anonymous.GJUSfB1ST5mLtdG6ByXBYQ-151] o.s.a.r.c.CachingConnectionFactory       : Attempting to connect to: [localhost:5672]
2025-12-15T18:07:54.113+05:30  WARN 18252 --- [user-service] [springCloudBus.anonymous.GJUSfB1ST5mLtdG6ByXBYQ-151] o.s.a.r.l.SimpleMessageListenerContainer : Consumer raised exception, processing can restart if the connection factory supports it. Exception summary: org.springframework.amqp.AmqpConnectException: java.net.ConnectException: Connection refused: getsockopt
2025-12-15T18:07:54.113+05:30  INFO 18252 --- [user-service] [springCloudBus.anonymous.GJUSfB1ST5mLtdG6ByXBYQ-151] o.s.a.r.l.SimpleMessageListenerContainer : Restarting Consumer@420d3b76: tags=[[]], channel=null, acknowledgeMode=AUTO local queue size=0
2025-12-15T18:07:54.115+05:30  INFO 18252 --- [user-service] [springCloudBus.anonymous.GJUSfB1ST5mLtdG6ByXBYQ-152] o.s.a.r.c.CachingConnectionFactory       : Attempting to connect to: [localhost:5672]
2025-12-15T18:07:59.235+05:30  WARN 18252 --- [user-service] [springCloudBus.anonymous.GJUSfB1ST5mLtdG6ByXBYQ-152] o.s.a.r.l.SimpleMessageListenerContainer : Consumer raised exception, processing can restart if the connection factory supports it. Exception summary: org.springframework.amqp.AmqpConnectException: java.net.ConnectException: Connection refused: getsockopt
2025-12-15T18:07:59.235+05:30  INFO 18252 --- [user-service] [springCloudBus.anonymous.GJUSfB1ST5mLtdG6ByXBYQ-152] o.s.a.r.l.SimpleMessageListenerContainer : Restarting Consumer@139060fc: tags=[[]], channel=null, acknowledgeMode=AUTO local queue size=0
2025-12-15T18:07:59.238+05:30  INFO 18252 --- [user-service] [springCloudBus.anonymous.GJUSfB1ST5mLtdG6ByXBYQ-153] o.s.a.r.c.CachingConnectionFactory       : Attempting to connect to: [localhost:5672]
2025-12-15T18:08:04.345+05:30  WARN 18252 --- [user-service] [springCloudBus.anonymous.GJUSfB1ST5mLtdG6ByXBYQ-153] o.s.a.r.l.SimpleMessageListenerContainer : Consumer raised exception, processing can restart if the connection factory supports it. Exception summary: org.springframework.amqp.AmqpConnectException: java.net.ConnectException: Connection refused: getsockopt
2025-12-15T18:08:04.345+05:30  INFO 18252 --- [user-service] [springCloudBus.anonymous.GJUSfB1ST5mLtdG6ByXBYQ-153] o.s.a.r.l.SimpleMessageListenerContainer : Restarting Consumer@60644f14: tags=[[]], channel=null, acknowledgeMode=AUTO local queue size=0
2025-12-15T18:08:04.346+05:30  INFO 18252 --- [user-service] [springCloudBus.anonymous.GJUSfB1ST5mLtdG6ByXBYQ-154] o.s.a.r.c.CachingConnectionFactory       : Attempting to connect to: [localhost:5672]
2025-12-15T18:08:09.474+05:30  WARN 18252 --- [user-service] [springCloudBus.anonymous.GJUSfB1ST5mLtdG6ByXBYQ-154] o.s.a.r.l.SimpleMessageListenerContainer : Consumer raised exception, processing can restart if the connection factory supports it. Exception summary: org.springframework.amqp.AmqpConnectException: java.net.ConnectException: Connection refused: getsockopt
2025-12-15T18:08:09.475+05:30  INFO 18252 --- [user-service] [springCloudBus.anonymous.GJUSfB1ST5mLtdG6ByXBYQ-154] o.s.a.r.l.SimpleMessageListenerContainer : Restarting Consumer@3b03450: tags=[[]], channel=null, acknowledgeMode=AUTO local queue size=0
2025-12-15T18:08:09.476+05:30  INFO 18252 --- [user-service] [springCloudBus.anonymous.GJUSfB1ST5mLtdG6ByXBYQ-155] o.s.a.r.c.CachingConnectionFactory       : Attempting to connect to: [localhost:5672]
2025-12-15T18:08:14.587+05:30  WARN 18252 --- [user-service] [springCloudBus.anonymous.GJUSfB1ST5mLtdG6ByXBYQ-155] o.s.a.r.l.SimpleMessageListenerContainer : Consumer raised exception, processing can restart if the connection factory supports it. Exception summary: org.springframework.amqp.AmqpConnectException: java.net.ConnectException: Connection refused: getsockopt
2025-12-15T18:08:14.587+05:30  INFO 18252 --- [user-service] [springCloudBus.anonymous.GJUSfB1ST5mLtdG6ByXBYQ-155] o.s.a.r.l.SimpleMessageListenerContainer : Restarting Consumer@7d404e67: tags=[[]], channel=null, acknowledgeMode=AUTO local queue size=0
2025-12-15T18:08:14.590+05:30  INFO 18252 --- [user-service] [springCloudBus.anonymous.GJUSfB1ST5mLtdG6ByXBYQ-156] o.s.a.r.c.CachingConnectionFactory       : Attempting to connect to: [localhost:5672]
2025-12-15T18:08:19.691+05:30  WARN 18252 --- [user-service] [springCloudBus.anonymous.GJUSfB1ST5mLtdG6ByXBYQ-156] o.s.a.r.l.SimpleMessageListenerContainer : Consumer raised exception, processing can restart if the connection factory supports it. Exception summary: org.springframework.amqp.AmqpConnectException: java.net.ConnectException: Connection refused: getsockopt
2025-12-15T18:08:19.691+05:30  INFO 18252 --- [user-service] [springCloudBus.anonymous.GJUSfB1ST5mLtdG6ByXBYQ-156] o.s.a.r.l.SimpleMessageListenerContainer : Restarting Consumer@3ec8387c: tags=[[]], channel=null, acknowledgeMode=AUTO local queue size=0
2025-12-15T18:08:19.693+05:30  INFO 18252 --- [user-service] [springCloudBus.anonymous.GJUSfB1ST5mLtdG6ByXBYQ-157] o.s.a.r.c.CachingConnectionFactory       : Attempting to connect to: [localhost:5672]
2025-12-15T18:08:24.771+05:30  WARN 18252 --- [user-service] [springCloudBus.anonymous.GJUSfB1ST5mLtdG6ByXBYQ-157] o.s.a.r.l.SimpleMessageListenerContainer : Consumer raised exception, processing can restart if the connection factory supports it. Exception summary: org.springframework.amqp.AmqpConnectException: java.net.ConnectException: Connection refused: getsockopt
2025-12-15T18:08:24.771+05:30  INFO 18252 --- [user-service] [springCloudBus.anonymous.GJUSfB1ST5mLtdG6ByXBYQ-157] o.s.a.r.l.SimpleMessageListenerContainer : Restarting Consumer@7817ceb6: tags=[[]], channel=null, acknowledgeMode=AUTO local queue size=0
2025-12-15T18:08:24.773+05:30  INFO 18252 --- [user-service] [springCloudBus.anonymous.GJUSfB1ST5mLtdG6ByXBYQ-158] o.s.a.r.c.CachingConnectionFactory       : Attempting to connect to: [localhost:5672]
2025-12-15T18:08:29.862+05:30  WARN 18252 --- [user-service] [springCloudBus.anonymous.GJUSfB1ST5mLtdG6ByXBYQ-158] o.s.a.r.l.SimpleMessageListenerContainer : Consumer raised exception, processing can restart if the connection factory supports it. Exception summary: org.springframework.amqp.AmqpConnectException: java.net.ConnectException: Connection refused: getsockopt
2025-12-15T18:08:29.862+05:30  INFO 18252 --- [user-service] [springCloudBus.anonymous.GJUSfB1ST5mLtdG6ByXBYQ-158] o.s.a.r.l.SimpleMessageListenerContainer : Restarting Consumer@7e33e5b7: tags=[[]], channel=null, acknowledgeMode=AUTO local queue size=0
2025-12-15T18:08:29.865+05:30  INFO 18252 --- [user-service] [springCloudBus.anonymous.GJUSfB1ST5mLtdG6ByXBYQ-159] o.s.a.r.c.CachingConnectionFactory       : Attempting to connect to: [localhost:5672]
2025-12-15T18:08:34.988+05:30  WARN 18252 --- [user-service] [springCloudBus.anonymous.GJUSfB1ST5mLtdG6ByXBYQ-159] o.s.a.r.l.SimpleMessageListenerContainer : Consumer raised exception, processing can restart if the connection factory supports it. Exception summary: org.springframework.amqp.AmqpConnectException: java.net.ConnectException: Connection refused: getsockopt
2025-12-15T18:08:34.989+05:30  INFO 18252 --- [user-service] [springCloudBus.anonymous.GJUSfB1ST5mLtdG6ByXBYQ-159] o.s.a.r.l.SimpleMessageListenerContainer : Restarting Consumer@2344966a: tags=[[]], channel=null, acknowledgeMode=AUTO local queue size=0
2025-12-15T18:08:34.992+05:30  INFO 18252 --- [user-service] [springCloudBus.anonymous.GJUSfB1ST5mLtdG6ByXBYQ-160] o.s.a.r.c.CachingConnectionFactory       : Attempting to connect to: [localhost:5672]
2025-12-15T18:08:40.112+05:30  WARN 18252 --- [user-service] [springCloudBus.anonymous.GJUSfB1ST5mLtdG6ByXBYQ-160] o.s.a.r.l.SimpleMessageListenerContainer : Consumer raised exception, processing can restart if the connection factory supports it. Exception summary: org.springframework.amqp.AmqpConnectException: java.net.ConnectException: Connection refused: getsockopt
2025-12-15T18:08:40.112+05:30  INFO 18252 --- [user-service] [springCloudBus.anonymous.GJUSfB1ST5mLtdG6ByXBYQ-160] o.s.a.r.l.SimpleMessageListenerContainer : Restarting Consumer@6ab4ec02: tags=[[]], channel=null, acknowledgeMode=AUTO local queue size=0
2025-12-15T18:08:40.114+05:30  INFO 18252 --- [user-service] [springCloudBus.anonymous.GJUSfB1ST5mLtdG6ByXBYQ-161] o.s.a.r.c.CachingConnectionFactory       : Attempting to connect to: [localhost:5672]
2025-12-15T18:08:45.220+05:30  WARN 18252 --- [user-service] [springCloudBus.anonymous.GJUSfB1ST5mLtdG6ByXBYQ-161] o.s.a.r.l.SimpleMessageListenerContainer : Consumer raised exception, processing can restart if the connection factory supports it. Exception summary: org.springframework.amqp.AmqpConnectException: java.net.ConnectException: Connection refused: getsockopt
2025-12-15T18:08:45.221+05:30  INFO 18252 --- [user-service] [springCloudBus.anonymous.GJUSfB1ST5mLtdG6ByXBYQ-161] o.s.a.r.l.SimpleMessageListenerContainer : Restarting Consumer@473a4a76: tags=[[]], channel=null, acknowledgeMode=AUTO local queue size=0
2025-12-15T18:08:45.225+05:30  INFO 18252 --- [user-service] [springCloudBus.anonymous.GJUSfB1ST5mLtdG6ByXBYQ-162] o.s.a.r.c.CachingConnectionFactory       : Attempting to connect to: [localhost:5672]
2025-12-15T18:08:50.372+05:30  WARN 18252 --- [user-service] [springCloudBus.anonymous.GJUSfB1ST5mLtdG6ByXBYQ-162] o.s.a.r.l.SimpleMessageListenerContainer : Consumer raised exception, processing can restart if the connection factory supports it. Exception summary: org.springframework.amqp.AmqpConnectException: java.net.ConnectException: Connection refused: getsockopt
2025-12-15T18:08:50.373+05:30  INFO 18252 --- [user-service] [springCloudBus.anonymous.GJUSfB1ST5mLtdG6ByXBYQ-162] o.s.a.r.l.SimpleMessageListenerContainer : Restarting Consumer@7a1d1c03: tags=[[]], channel=null, acknowledgeMode=AUTO local queue size=0
2025-12-15T18:08:50.377+05:30  INFO 18252 --- [user-service] [springCloudBus.anonymous.GJUSfB1ST5mLtdG6ByXBYQ-163] o.s.a.r.c.CachingConnectionFactory       : Attempting to connect to: [localhost:5672]
2025-12-15T18:08:55.506+05:30  WARN 18252 --- [user-service] [springCloudBus.anonymous.GJUSfB1ST5mLtdG6ByXBYQ-163] o.s.a.r.l.SimpleMessageListenerContainer : Consumer raised exception, processing can restart if the connection factory supports it. Exception summary: org.springframework.amqp.AmqpConnectException: java.net.ConnectException: Connection refused: getsockopt
2025-12-15T18:08:55.506+05:30  INFO 18252 --- [user-service] [springCloudBus.anonymous.GJUSfB1ST5mLtdG6ByXBYQ-163] o.s.a.r.l.SimpleMessageListenerContainer : Restarting Consumer@490e6a3: tags=[[]], channel=null, acknowledgeMode=AUTO local queue size=0
2025-12-15T18:08:55.508+05:30  INFO 18252 --- [user-service] [springCloudBus.anonymous.GJUSfB1ST5mLtdG6ByXBYQ-164] o.s.a.r.c.CachingConnectionFactory       : Attempting to connect to: [localhost:5672]
2025-12-15T18:09:00.618+05:30  WARN 18252 --- [user-service] [springCloudBus.anonymous.GJUSfB1ST5mLtdG6ByXBYQ-164] o.s.a.r.l.SimpleMessageListenerContainer : Consumer raised exception, processing can restart if the connection factory supports it. Exception summary: org.springframework.amqp.AmqpConnectException: java.net.ConnectException: Connection refused: getsockopt
2025-12-15T18:09:00.618+05:30  INFO 18252 --- [user-service] [springCloudBus.anonymous.GJUSfB1ST5mLtdG6ByXBYQ-164] o.s.a.r.l.SimpleMessageListenerContainer : Restarting Consumer@4f7f3db0: tags=[[]], channel=null, acknowledgeMode=AUTO local queue size=0
2025-12-15T18:09:00.622+05:30  INFO 18252 --- [user-service] [springCloudBus.anonymous.GJUSfB1ST5mLtdG6ByXBYQ-165] o.s.a.r.c.CachingConnectionFactory       : Attempting to connect to: [localhost:5672]
2025-12-15T18:09:05.735+05:30  WARN 18252 --- [user-service] [springCloudBus.anonymous.GJUSfB1ST5mLtdG6ByXBYQ-165] o.s.a.r.l.SimpleMessageListenerContainer : Consumer raised exception, processing can restart if the connection factory supports it. Exception summary: org.springframework.amqp.AmqpConnectException: java.net.ConnectException: Connection refused: getsockopt
2025-12-15T18:09:05.736+05:30  INFO 18252 --- [user-service] [springCloudBus.anonymous.GJUSfB1ST5mLtdG6ByXBYQ-165] o.s.a.r.l.SimpleMessageListenerContainer : Restarting Consumer@c686a7b: tags=[[]], channel=null, acknowledgeMode=AUTO local queue size=0
2025-12-15T18:09:05.738+05:30  INFO 18252 --- [user-service] [springCloudBus.anonymous.GJUSfB1ST5mLtdG6ByXBYQ-166] o.s.a.r.c.CachingConnectionFactory       : Attempting to connect to: [localhost:5672]
2025-12-15T18:09:10.919+05:30  WARN 18252 --- [user-service] [springCloudBus.anonymous.GJUSfB1ST5mLtdG6ByXBYQ-166] o.s.a.r.l.SimpleMessageListenerContainer : Consumer raised exception, processing can restart if the connection factory supports it. Exception summary: org.springframework.amqp.AmqpConnectException: java.net.ConnectException: Connection refused: getsockopt
2025-12-15T18:09:10.920+05:30  INFO 18252 --- [user-service] [springCloudBus.anonymous.GJUSfB1ST5mLtdG6ByXBYQ-166] o.s.a.r.l.SimpleMessageListenerContainer : Restarting Consumer@3c72bece: tags=[[]], channel=null, acknowledgeMode=AUTO local queue size=0
2025-12-15T18:09:10.923+05:30  INFO 18252 --- [user-service] [springCloudBus.anonymous.GJUSfB1ST5mLtdG6ByXBYQ-167] o.s.a.r.c.CachingConnectionFactory       : Attempting to connect to: [localhost:5672]
2025-12-15T18:09:16.072+05:30  WARN 18252 --- [user-service] [springCloudBus.anonymous.GJUSfB1ST5mLtdG6ByXBYQ-167] o.s.a.r.l.SimpleMessageListenerContainer : Consumer raised exception, processing can restart if the connection factory supports it. Exception summary: org.springframework.amqp.AmqpConnectException: java.net.ConnectException: Connection refused: getsockopt
2025-12-15T18:09:16.073+05:30  INFO 18252 --- [user-service] [springCloudBus.anonymous.GJUSfB1ST5mLtdG6ByXBYQ-167] o.s.a.r.l.SimpleMessageListenerContainer : Restarting Consumer@a6b379e: tags=[[]], channel=null, acknowledgeMode=AUTO local queue size=0
2025-12-15T18:09:16.076+05:30  INFO 18252 --- [user-service] [springCloudBus.anonymous.GJUSfB1ST5mLtdG6ByXBYQ-168] o.s.a.r.c.CachingConnectionFactory       : Attempting to connect to: [localhost:5672]
2025-12-15T18:09:21.207+05:30  WARN 18252 --- [user-service] [springCloudBus.anonymous.GJUSfB1ST5mLtdG6ByXBYQ-168] o.s.a.r.l.SimpleMessageListenerContainer : Consumer raised exception, processing can restart if the connection factory supports it. Exception summary: org.springframework.amqp.AmqpConnectException: java.net.ConnectException: Connection refused: getsockopt
2025-12-15T18:09:21.208+05:30  INFO 18252 --- [user-service] [springCloudBus.anonymous.GJUSfB1ST5mLtdG6ByXBYQ-168] o.s.a.r.l.SimpleMessageListenerContainer : Restarting Consumer@7d600cea: tags=[[]], channel=null, acknowledgeMode=AUTO local queue size=0
2025-12-15T18:09:21.211+05:30  INFO 18252 --- [user-service] [springCloudBus.anonymous.GJUSfB1ST5mLtdG6ByXBYQ-169] o.s.a.r.c.CachingConnectionFactory       : Attempting to connect to: [localhost:5672]
2025-12-15T18:09:26.303+05:30  WARN 18252 --- [user-service] [springCloudBus.anonymous.GJUSfB1ST5mLtdG6ByXBYQ-169] o.s.a.r.l.SimpleMessageListenerContainer : Consumer raised exception, processing can restart if the connection factory supports it. Exception summary: org.springframework.amqp.AmqpConnectException: java.net.ConnectException: Connection refused: getsockopt
2025-12-15T18:09:26.304+05:30  INFO 18252 --- [user-service] [springCloudBus.anonymous.GJUSfB1ST5mLtdG6ByXBYQ-169] o.s.a.r.l.SimpleMessageListenerContainer : Restarting Consumer@367c92a6: tags=[[]], channel=null, acknowledgeMode=AUTO local queue size=0
2025-12-15T18:09:26.307+05:30  INFO 18252 --- [user-service] [springCloudBus.anonymous.GJUSfB1ST5mLtdG6ByXBYQ-170] o.s.a.r.c.CachingConnectionFactory       : Attempting to connect to: [localhost:5672]
2025-12-15T18:09:31.394+05:30  WARN 18252 --- [user-service] [springCloudBus.anonymous.GJUSfB1ST5mLtdG6ByXBYQ-170] o.s.a.r.l.SimpleMessageListenerContainer : Consumer raised exception, processing can restart if the connection factory supports it. Exception summary: org.springframework.amqp.AmqpConnectException: java.net.ConnectException: Connection refused: getsockopt
2025-12-15T18:09:31.394+05:30  INFO 18252 --- [user-service] [springCloudBus.anonymous.GJUSfB1ST5mLtdG6ByXBYQ-170] o.s.a.r.l.SimpleMessageListenerContainer : Restarting Consumer@5358b01a: tags=[[]], channel=null, acknowledgeMode=AUTO local queue size=0
2025-12-15T18:09:31.396+05:30  INFO 18252 --- [user-service] [springCloudBus.anonymous.GJUSfB1ST5mLtdG6ByXBYQ-171] o.s.a.r.c.CachingConnectionFactory       : Attempting to connect to: [localhost:5672]
2025-12-15T18:09:36.486+05:30  WARN 18252 --- [user-service] [springCloudBus.anonymous.GJUSfB1ST5mLtdG6ByXBYQ-171] o.s.a.r.l.SimpleMessageListenerContainer : Consumer raised exception, processing can restart if the connection factory supports it. Exception summary: org.springframework.amqp.AmqpConnectException: java.net.ConnectException: Connection refused: getsockopt
2025-12-15T18:09:36.487+05:30  INFO 18252 --- [user-service] [springCloudBus.anonymous.GJUSfB1ST5mLtdG6ByXBYQ-171] o.s.a.r.l.SimpleMessageListenerContainer : Restarting Consumer@33c77651: tags=[[]], channel=null, acknowledgeMode=AUTO local queue size=0
2025-12-15T18:09:36.495+05:30  INFO 18252 --- [user-service] [springCloudBus.anonymous.GJUSfB1ST5mLtdG6ByXBYQ-172] o.s.a.r.c.CachingConnectionFactory       : Attempting to connect to: [localhost:5672]
2025-12-15T18:09:41.617+05:30  WARN 18252 --- [user-service] [springCloudBus.anonymous.GJUSfB1ST5mLtdG6ByXBYQ-172] o.s.a.r.l.SimpleMessageListenerContainer : Consumer raised exception, processing can restart if the connection factory supports it. Exception summary: org.springframework.amqp.AmqpConnectException: java.net.ConnectException: Connection refused: getsockopt
2025-12-15T18:09:41.617+05:30  INFO 18252 --- [user-service] [springCloudBus.anonymous.GJUSfB1ST5mLtdG6ByXBYQ-172] o.s.a.r.l.SimpleMessageListenerContainer : Restarting Consumer@6d15818e: tags=[[]], channel=null, acknowledgeMode=AUTO local queue size=0
2025-12-15T18:09:41.619+05:30  INFO 18252 --- [user-service] [springCloudBus.anonymous.GJUSfB1ST5mLtdG6ByXBYQ-173] o.s.a.r.c.CachingConnectionFactory       : Attempting to connect to: [localhost:5672]
2025-12-15T18:09:46.718+05:30  WARN 18252 --- [user-service] [springCloudBus.anonymous.GJUSfB1ST5mLtdG6ByXBYQ-173] o.s.a.r.l.SimpleMessageListenerContainer : Consumer raised exception, processing can restart if the connection factory supports it. Exception summary: org.springframework.amqp.AmqpConnectException: java.net.ConnectException: Connection refused: getsockopt
2025-12-15T18:09:46.718+05:30  INFO 18252 --- [user-service] [springCloudBus.anonymous.GJUSfB1ST5mLtdG6ByXBYQ-173] o.s.a.r.l.SimpleMessageListenerContainer : Restarting Consumer@23c94970: tags=[[]], channel=null, acknowledgeMode=AUTO local queue size=0
2025-12-15T18:09:46.720+05:30  INFO 18252 --- [user-service] [springCloudBus.anonymous.GJUSfB1ST5mLtdG6ByXBYQ-174] o.s.a.r.c.CachingConnectionFactory       : Attempting to connect to: [localhost:5672]
2025-12-15T18:09:51.833+05:30  WARN 18252 --- [user-service] [springCloudBus.anonymous.GJUSfB1ST5mLtdG6ByXBYQ-174] o.s.a.r.l.SimpleMessageListenerContainer : Consumer raised exception, processing can restart if the connection factory supports it. Exception summary: org.springframework.amqp.AmqpConnectException: java.net.ConnectException: Connection refused: getsockopt
2025-12-15T18:09:51.834+05:30  INFO 18252 --- [user-service] [springCloudBus.anonymous.GJUSfB1ST5mLtdG6ByXBYQ-174] o.s.a.r.l.SimpleMessageListenerContainer : Restarting Consumer@7f529ebc: tags=[[]], channel=null, acknowledgeMode=AUTO local queue size=0
2025-12-15T18:09:51.836+05:30  INFO 18252 --- [user-service] [springCloudBus.anonymous.GJUSfB1ST5mLtdG6ByXBYQ-175] o.s.a.r.c.CachingConnectionFactory       : Attempting to connect to: [localhost:5672]
2025-12-15T18:09:56.944+05:30  WARN 18252 --- [user-service] [springCloudBus.anonymous.GJUSfB1ST5mLtdG6ByXBYQ-175] o.s.a.r.l.SimpleMessageListenerContainer : Consumer raised exception, processing can restart if the connection factory supports it. Exception summary: org.springframework.amqp.AmqpConnectException: java.net.ConnectException: Connection refused: getsockopt
2025-12-15T18:09:56.945+05:30  INFO 18252 --- [user-service] [springCloudBus.anonymous.GJUSfB1ST5mLtdG6ByXBYQ-175] o.s.a.r.l.SimpleMessageListenerContainer : Restarting Consumer@7d7eed9a: tags=[[]], channel=null, acknowledgeMode=AUTO local queue size=0
2025-12-15T18:09:56.946+05:30  INFO 18252 --- [user-service] [springCloudBus.anonymous.GJUSfB1ST5mLtdG6ByXBYQ-176] o.s.a.r.c.CachingConnectionFactory       : Attempting to connect to: [localhost:5672]
2025-12-15T18:10:02.065+05:30  WARN 18252 --- [user-service] [springCloudBus.anonymous.GJUSfB1ST5mLtdG6ByXBYQ-176] o.s.a.r.l.SimpleMessageListenerContainer : Consumer raised exception, processing can restart if the connection factory supports it. Exception summary: org.springframework.amqp.AmqpConnectException: java.net.ConnectException: Connection refused: getsockopt
2025-12-15T18:10:02.065+05:30  INFO 18252 --- [user-service] [springCloudBus.anonymous.GJUSfB1ST5mLtdG6ByXBYQ-176] o.s.a.r.l.SimpleMessageListenerContainer : Restarting Consumer@24096212: tags=[[]], channel=null, acknowledgeMode=AUTO local queue size=0
2025-12-15T18:10:02.066+05:30  INFO 18252 --- [user-service] [springCloudBus.anonymous.GJUSfB1ST5mLtdG6ByXBYQ-177] o.s.a.r.c.CachingConnectionFactory       : Attempting to connect to: [localhost:5672]
2025-12-15T18:10:05.910+05:30  INFO 18252 --- [user-service] [AsyncResolver-bootstrap-executor-%d] c.n.d.s.r.aws.ConfigClusterResolver      : Resolving eureka endpoints via configuration
2025-12-15T18:10:07.175+05:30  WARN 18252 --- [user-service] [springCloudBus.anonymous.GJUSfB1ST5mLtdG6ByXBYQ-177] o.s.a.r.l.SimpleMessageListenerContainer : Consumer raised exception, processing can restart if the connection factory supports it. Exception summary: org.springframework.amqp.AmqpConnectException: java.net.ConnectException: Connection refused: getsockopt
2025-12-15T18:10:07.175+05:30  INFO 18252 --- [user-service] [springCloudBus.anonymous.GJUSfB1ST5mLtdG6ByXBYQ-177] o.s.a.r.l.SimpleMessageListenerContainer : Restarting Consumer@6b34b93f: tags=[[]], channel=null, acknowledgeMode=AUTO local queue size=0
2025-12-15T18:10:07.178+05:30  INFO 18252 --- [user-service] [springCloudBus.anonymous.GJUSfB1ST5mLtdG6ByXBYQ-178] o.s.a.r.c.CachingConnectionFactory       : Attempting to connect to: [localhost:5672]
2025-12-15T18:10:12.327+05:30  WARN 18252 --- [user-service] [springCloudBus.anonymous.GJUSfB1ST5mLtdG6ByXBYQ-178] o.s.a.r.l.SimpleMessageListenerContainer : Consumer raised exception, processing can restart if the connection factory supports it. Exception summary: org.springframework.amqp.AmqpConnectException: java.net.ConnectException: Connection refused: getsockopt
2025-12-15T18:10:12.327+05:30  INFO 18252 --- [user-service] [springCloudBus.anonymous.GJUSfB1ST5mLtdG6ByXBYQ-178] o.s.a.r.l.SimpleMessageListenerContainer : Restarting Consumer@21b72050: tags=[[]], channel=null, acknowledgeMode=AUTO local queue size=0
2025-12-15T18:10:12.330+05:30  INFO 18252 --- [user-service] [springCloudBus.anonymous.GJUSfB1ST5mLtdG6ByXBYQ-179] o.s.a.r.c.CachingConnectionFactory       : Attempting to connect to: [localhost:5672]
2025-12-15T18:10:17.408+05:30  WARN 18252 --- [user-service] [springCloudBus.anonymous.GJUSfB1ST5mLtdG6ByXBYQ-179] o.s.a.r.l.SimpleMessageListenerContainer : Consumer raised exception, processing can restart if the connection factory supports it. Exception summary: org.springframework.amqp.AmqpConnectException: java.net.ConnectException: Connection refused: getsockopt
2025-12-15T18:10:17.408+05:30  INFO 18252 --- [user-service] [springCloudBus.anonymous.GJUSfB1ST5mLtdG6ByXBYQ-179] o.s.a.r.l.SimpleMessageListenerContainer : Restarting Consumer@7894522e: tags=[[]], channel=null, acknowledgeMode=AUTO local queue size=0
2025-12-15T18:10:17.411+05:30  INFO 18252 --- [user-service] [springCloudBus.anonymous.GJUSfB1ST5mLtdG6ByXBYQ-180] o.s.a.r.c.CachingConnectionFactory       : Attempting to connect to: [localhost:5672]
2025-12-15T18:10:22.554+05:30  WARN 18252 --- [user-service] [springCloudBus.anonymous.GJUSfB1ST5mLtdG6ByXBYQ-180] o.s.a.r.l.SimpleMessageListenerContainer : Consumer raised exception, processing can restart if the connection factory supports it. Exception summary: org.springframework.amqp.AmqpConnectException: java.net.ConnectException: Connection refused: getsockopt
2025-12-15T18:10:22.555+05:30  INFO 18252 --- [user-service] [springCloudBus.anonymous.GJUSfB1ST5mLtdG6ByXBYQ-180] o.s.a.r.l.SimpleMessageListenerContainer : Restarting Consumer@57be8994: tags=[[]], channel=null, acknowledgeMode=AUTO local queue size=0
2025-12-15T18:10:22.557+05:30  INFO 18252 --- [user-service] [springCloudBus.anonymous.GJUSfB1ST5mLtdG6ByXBYQ-181] o.s.a.r.c.CachingConnectionFactory       : Attempting to connect to: [localhost:5672]
2025-12-15T18:10:27.738+05:30  WARN 18252 --- [user-service] [springCloudBus.anonymous.GJUSfB1ST5mLtdG6ByXBYQ-181] o.s.a.r.l.SimpleMessageListenerContainer : Consumer raised exception, processing can restart if the connection factory supports it. Exception summary: org.springframework.amqp.AmqpConnectException: java.net.ConnectException: Connection refused: getsockopt
2025-12-15T18:10:27.739+05:30  INFO 18252 --- [user-service] [springCloudBus.anonymous.GJUSfB1ST5mLtdG6ByXBYQ-181] o.s.a.r.l.SimpleMessageListenerContainer : Restarting Consumer@580bd73a: tags=[[]], channel=null, acknowledgeMode=AUTO local queue size=0
2025-12-15T18:10:27.742+05:30  INFO 18252 --- [user-service] [springCloudBus.anonymous.GJUSfB1ST5mLtdG6ByXBYQ-182] o.s.a.r.c.CachingConnectionFactory       : Attempting to connect to: [localhost:5672]
2025-12-15T18:10:32.871+05:30  WARN 18252 --- [user-service] [springCloudBus.anonymous.GJUSfB1ST5mLtdG6ByXBYQ-182] o.s.a.r.l.SimpleMessageListenerContainer : Consumer raised exception, processing can restart if the connection factory supports it. Exception summary: org.springframework.amqp.AmqpConnectException: java.net.ConnectException: Connection refused: getsockopt
2025-12-15T18:10:32.871+05:30  INFO 18252 --- [user-service] [springCloudBus.anonymous.GJUSfB1ST5mLtdG6ByXBYQ-182] o.s.a.r.l.SimpleMessageListenerContainer : Restarting Consumer@5f27203a: tags=[[]], channel=null, acknowledgeMode=AUTO local queue size=0
2025-12-15T18:10:32.872+05:30  INFO 18252 --- [user-service] [springCloudBus.anonymous.GJUSfB1ST5mLtdG6ByXBYQ-183] o.s.a.r.c.CachingConnectionFactory       : Attempting to connect to: [localhost:5672]
2025-12-15T18:10:38.048+05:30  WARN 18252 --- [user-service] [springCloudBus.anonymous.GJUSfB1ST5mLtdG6ByXBYQ-183] o.s.a.r.l.SimpleMessageListenerContainer : Consumer raised exception, processing can restart if the connection factory supports it. Exception summary: org.springframework.amqp.AmqpConnectException: java.net.ConnectException: Connection refused: getsockopt
2025-12-15T18:10:38.048+05:30  INFO 18252 --- [user-service] [springCloudBus.anonymous.GJUSfB1ST5mLtdG6ByXBYQ-183] o.s.a.r.l.SimpleMessageListenerContainer : Restarting Consumer@1ce47b09: tags=[[]], channel=null, acknowledgeMode=AUTO local queue size=0
2025-12-15T18:10:38.059+05:30  INFO 18252 --- [user-service] [springCloudBus.anonymous.GJUSfB1ST5mLtdG6ByXBYQ-184] o.s.a.r.c.CachingConnectionFactory       : Attempting to connect to: [localhost:5672]
2025-12-15T18:10:43.192+05:30  WARN 18252 --- [user-service] [springCloudBus.anonymous.GJUSfB1ST5mLtdG6ByXBYQ-184] o.s.a.r.l.SimpleMessageListenerContainer : Consumer raised exception, processing can restart if the connection factory supports it. Exception summary: org.springframework.amqp.AmqpConnectException: java.net.ConnectException: Connection refused: getsockopt
2025-12-15T18:10:43.193+05:30  INFO 18252 --- [user-service] [springCloudBus.anonymous.GJUSfB1ST5mLtdG6ByXBYQ-184] o.s.a.r.l.SimpleMessageListenerContainer : Restarting Consumer@9a8fd89: tags=[[]], channel=null, acknowledgeMode=AUTO local queue size=0
2025-12-15T18:10:43.199+05:30  INFO 18252 --- [user-service] [springCloudBus.anonymous.GJUSfB1ST5mLtdG6ByXBYQ-185] o.s.a.r.c.CachingConnectionFactory       : Attempting to connect to: [localhost:5672]
2025-12-15T18:10:48.334+05:30  WARN 18252 --- [user-service] [springCloudBus.anonymous.GJUSfB1ST5mLtdG6ByXBYQ-185] o.s.a.r.l.SimpleMessageListenerContainer : Consumer raised exception, processing can restart if the connection factory supports it. Exception summary: org.springframework.amqp.AmqpConnectException: java.net.ConnectException: Connection refused: getsockopt
2025-12-15T18:10:48.334+05:30  INFO 18252 --- [user-service] [springCloudBus.anonymous.GJUSfB1ST5mLtdG6ByXBYQ-185] o.s.a.r.l.SimpleMessageListenerContainer : Restarting Consumer@4e929c74: tags=[[]], channel=null, acknowledgeMode=AUTO local queue size=0
2025-12-15T18:10:48.336+05:30  INFO 18252 --- [user-service] [springCloudBus.anonymous.GJUSfB1ST5mLtdG6ByXBYQ-186] o.s.a.r.c.CachingConnectionFactory       : Attempting to connect to: [localhost:5672]
2025-12-15T18:10:53.470+05:30  WARN 18252 --- [user-service] [springCloudBus.anonymous.GJUSfB1ST5mLtdG6ByXBYQ-186] o.s.a.r.l.SimpleMessageListenerContainer : Consumer raised exception, processing can restart if the connection factory supports it. Exception summary: org.springframework.amqp.AmqpConnectException: java.net.ConnectException: Connection refused: getsockopt
2025-12-15T18:10:53.471+05:30  INFO 18252 --- [user-service] [springCloudBus.anonymous.GJUSfB1ST5mLtdG6ByXBYQ-186] o.s.a.r.l.SimpleMessageListenerContainer : Restarting Consumer@3be85771: tags=[[]], channel=null, acknowledgeMode=AUTO local queue size=0
2025-12-15T18:10:53.474+05:30  INFO 18252 --- [user-service] [springCloudBus.anonymous.GJUSfB1ST5mLtdG6ByXBYQ-187] o.s.a.r.c.CachingConnectionFactory       : Attempting to connect to: [localhost:5672]
2025-12-15T18:10:58.603+05:30  WARN 18252 --- [user-service] [springCloudBus.anonymous.GJUSfB1ST5mLtdG6ByXBYQ-187] o.s.a.r.l.SimpleMessageListenerContainer : Consumer raised exception, processing can restart if the connection factory supports it. Exception summary: org.springframework.amqp.AmqpConnectException: java.net.ConnectException: Connection refused: getsockopt
2025-12-15T18:10:58.603+05:30  INFO 18252 --- [user-service] [springCloudBus.anonymous.GJUSfB1ST5mLtdG6ByXBYQ-187] o.s.a.r.l.SimpleMessageListenerContainer : Restarting Consumer@740a02cd: tags=[[]], channel=null, acknowledgeMode=AUTO local queue size=0
2025-12-15T18:10:58.605+05:30  INFO 18252 --- [user-service] [springCloudBus.anonymous.GJUSfB1ST5mLtdG6ByXBYQ-188] o.s.a.r.c.CachingConnectionFactory       : Attempting to connect to: [localhost:5672]
2025-12-15T18:11:03.680+05:30  WARN 18252 --- [user-service] [springCloudBus.anonymous.GJUSfB1ST5mLtdG6ByXBYQ-188] o.s.a.r.l.SimpleMessageListenerContainer : Consumer raised exception, processing can restart if the connection factory supports it. Exception summary: org.springframework.amqp.AmqpConnectException: java.net.ConnectException: Connection refused: getsockopt
2025-12-15T18:11:03.681+05:30  INFO 18252 --- [user-service] [springCloudBus.anonymous.GJUSfB1ST5mLtdG6ByXBYQ-188] o.s.a.r.l.SimpleMessageListenerContainer : Restarting Consumer@3a7d5176: tags=[[]], channel=null, acknowledgeMode=AUTO local queue size=0
2025-12-15T18:11:03.682+05:30  INFO 18252 --- [user-service] [springCloudBus.anonymous.GJUSfB1ST5mLtdG6ByXBYQ-189] o.s.a.r.c.CachingConnectionFactory       : Attempting to connect to: [localhost:5672]
2025-12-15T18:11:08.850+05:30  WARN 18252 --- [user-service] [springCloudBus.anonymous.GJUSfB1ST5mLtdG6ByXBYQ-189] o.s.a.r.l.SimpleMessageListenerContainer : Consumer raised exception, processing can restart if the connection factory supports it. Exception summary: org.springframework.amqp.AmqpConnectException: java.net.ConnectException: Connection refused: getsockopt
2025-12-15T18:11:08.851+05:30  INFO 18252 --- [user-service] [springCloudBus.anonymous.GJUSfB1ST5mLtdG6ByXBYQ-189] o.s.a.r.l.SimpleMessageListenerContainer : Restarting Consumer@134a5c64: tags=[[]], channel=null, acknowledgeMode=AUTO local queue size=0
2025-12-15T18:11:08.856+05:30  INFO 18252 --- [user-service] [springCloudBus.anonymous.GJUSfB1ST5mLtdG6ByXBYQ-190] o.s.a.r.c.CachingConnectionFactory       : Attempting to connect to: [localhost:5672]
2025-12-15T18:11:13.981+05:30  WARN 18252 --- [user-service] [springCloudBus.anonymous.GJUSfB1ST5mLtdG6ByXBYQ-190] o.s.a.r.l.SimpleMessageListenerContainer : Consumer raised exception, processing can restart if the connection factory supports it. Exception summary: org.springframework.amqp.AmqpConnectException: java.net.ConnectException: Connection refused: getsockopt
2025-12-15T18:11:13.982+05:30  INFO 18252 --- [user-service] [springCloudBus.anonymous.GJUSfB1ST5mLtdG6ByXBYQ-190] o.s.a.r.l.SimpleMessageListenerContainer : Restarting Consumer@2c5783f3: tags=[[]], channel=null, acknowledgeMode=AUTO local queue size=0
2025-12-15T18:11:13.986+05:30  INFO 18252 --- [user-service] [springCloudBus.anonymous.GJUSfB1ST5mLtdG6ByXBYQ-191] o.s.a.r.c.CachingConnectionFactory       : Attempting to connect to: [localhost:5672]
2025-12-15T18:11:19.141+05:30  WARN 18252 --- [user-service] [springCloudBus.anonymous.GJUSfB1ST5mLtdG6ByXBYQ-191] o.s.a.r.l.SimpleMessageListenerContainer : Consumer raised exception, processing can restart if the connection factory supports it. Exception summary: org.springframework.amqp.AmqpConnectException: java.net.ConnectException: Connection refused: getsockopt
2025-12-15T18:11:19.141+05:30  INFO 18252 --- [user-service] [springCloudBus.anonymous.GJUSfB1ST5mLtdG6ByXBYQ-191] o.s.a.r.l.SimpleMessageListenerContainer : Restarting Consumer@62863ab1: tags=[[]], channel=null, acknowledgeMode=AUTO local queue size=0
2025-12-15T18:11:19.143+05:30  INFO 18252 --- [user-service] [springCloudBus.anonymous.GJUSfB1ST5mLtdG6ByXBYQ-192] o.s.a.r.c.CachingConnectionFactory       : Attempting to connect to: [localhost:5672]
2025-12-15T18:11:24.251+05:30  WARN 18252 --- [user-service] [springCloudBus.anonymous.GJUSfB1ST5mLtdG6ByXBYQ-192] o.s.a.r.l.SimpleMessageListenerContainer : Consumer raised exception, processing can restart if the connection factory supports it. Exception summary: org.springframework.amqp.AmqpConnectException: java.net.ConnectException: Connection refused: getsockopt
2025-12-15T18:11:24.252+05:30  INFO 18252 --- [user-service] [springCloudBus.anonymous.GJUSfB1ST5mLtdG6ByXBYQ-192] o.s.a.r.l.SimpleMessageListenerContainer : Restarting Consumer@7146aae7: tags=[[]], channel=null, acknowledgeMode=AUTO local queue size=0
2025-12-15T18:11:24.255+05:30  INFO 18252 --- [user-service] [springCloudBus.anonymous.GJUSfB1ST5mLtdG6ByXBYQ-193] o.s.a.r.c.CachingConnectionFactory       : Attempting to connect to: [localhost:5672]
2025-12-15T18:11:29.358+05:30  WARN 18252 --- [user-service] [springCloudBus.anonymous.GJUSfB1ST5mLtdG6ByXBYQ-193] o.s.a.r.l.SimpleMessageListenerContainer : Consumer raised exception, processing can restart if the connection factory supports it. Exception summary: org.springframework.amqp.AmqpConnectException: java.net.ConnectException: Connection refused: getsockopt
2025-12-15T18:11:29.359+05:30  INFO 18252 --- [user-service] [springCloudBus.anonymous.GJUSfB1ST5mLtdG6ByXBYQ-193] o.s.a.r.l.SimpleMessageListenerContainer : Restarting Consumer@534d71f0: tags=[[]], channel=null, acknowledgeMode=AUTO local queue size=0
2025-12-15T18:11:29.362+05:30  INFO 18252 --- [user-service] [springCloudBus.anonymous.GJUSfB1ST5mLtdG6ByXBYQ-194] o.s.a.r.c.CachingConnectionFactory       : Attempting to connect to: [localhost:5672]
2025-12-15T18:11:34.442+05:30  WARN 18252 --- [user-service] [springCloudBus.anonymous.GJUSfB1ST5mLtdG6ByXBYQ-194] o.s.a.r.l.SimpleMessageListenerContainer : Consumer raised exception, processing can restart if the connection factory supports it. Exception summary: org.springframework.amqp.AmqpConnectException: java.net.ConnectException: Connection refused: getsockopt
2025-12-15T18:11:34.443+05:30  INFO 18252 --- [user-service] [springCloudBus.anonymous.GJUSfB1ST5mLtdG6ByXBYQ-194] o.s.a.r.l.SimpleMessageListenerContainer : Restarting Consumer@257e707e: tags=[[]], channel=null, acknowledgeMode=AUTO local queue size=0
2025-12-15T18:11:34.445+05:30  INFO 18252 --- [user-service] [springCloudBus.anonymous.GJUSfB1ST5mLtdG6ByXBYQ-195] o.s.a.r.c.CachingConnectionFactory       : Attempting to connect to: [localhost:5672]
2025-12-15T18:11:39.593+05:30  WARN 18252 --- [user-service] [springCloudBus.anonymous.GJUSfB1ST5mLtdG6ByXBYQ-195] o.s.a.r.l.SimpleMessageListenerContainer : Consumer raised exception, processing can restart if the connection factory supports it. Exception summary: org.springframework.amqp.AmqpConnectException: java.net.ConnectException: Connection refused: getsockopt
2025-12-15T18:11:39.594+05:30  INFO 18252 --- [user-service] [springCloudBus.anonymous.GJUSfB1ST5mLtdG6ByXBYQ-195] o.s.a.r.l.SimpleMessageListenerContainer : Restarting Consumer@5f9b00bb: tags=[[]], channel=null, acknowledgeMode=AUTO local queue size=0
2025-12-15T18:11:39.595+05:30  INFO 18252 --- [user-service] [springCloudBus.anonymous.GJUSfB1ST5mLtdG6ByXBYQ-196] o.s.a.r.c.CachingConnectionFactory       : Attempting to connect to: [localhost:5672]
2025-12-15T18:11:44.727+05:30  WARN 18252 --- [user-service] [springCloudBus.anonymous.GJUSfB1ST5mLtdG6ByXBYQ-196] o.s.a.r.l.SimpleMessageListenerContainer : Consumer raised exception, processing can restart if the connection factory supports it. Exception summary: org.springframework.amqp.AmqpConnectException: java.net.ConnectException: Connection refused: getsockopt
2025-12-15T18:11:44.727+05:30  INFO 18252 --- [user-service] [springCloudBus.anonymous.GJUSfB1ST5mLtdG6ByXBYQ-196] o.s.a.r.l.SimpleMessageListenerContainer : Restarting Consumer@5c0df80c: tags=[[]], channel=null, acknowledgeMode=AUTO local queue size=0
2025-12-15T18:11:44.730+05:30  INFO 18252 --- [user-service] [springCloudBus.anonymous.GJUSfB1ST5mLtdG6ByXBYQ-197] o.s.a.r.c.CachingConnectionFactory       : Attempting to connect to: [localhost:5672]
2025-12-15T18:11:49.831+05:30  WARN 18252 --- [user-service] [springCloudBus.anonymous.GJUSfB1ST5mLtdG6ByXBYQ-197] o.s.a.r.l.SimpleMessageListenerContainer : Consumer raised exception, processing can restart if the connection factory supports it. Exception summary: org.springframework.amqp.AmqpConnectException: java.net.ConnectException: Connection refused: getsockopt
2025-12-15T18:11:49.832+05:30  INFO 18252 --- [user-service] [springCloudBus.anonymous.GJUSfB1ST5mLtdG6ByXBYQ-197] o.s.a.r.l.SimpleMessageListenerContainer : Restarting Consumer@3817e80e: tags=[[]], channel=null, acknowledgeMode=AUTO local queue size=0
2025-12-15T18:11:49.834+05:30  INFO 18252 --- [user-service] [springCloudBus.anonymous.GJUSfB1ST5mLtdG6ByXBYQ-198] o.s.a.r.c.CachingConnectionFactory       : Attempting to connect to: [localhost:5672]
2025-12-15T18:11:54.935+05:30  WARN 18252 --- [user-service] [springCloudBus.anonymous.GJUSfB1ST5mLtdG6ByXBYQ-198] o.s.a.r.l.SimpleMessageListenerContainer : Consumer raised exception, processing can restart if the connection factory supports it. Exception summary: org.springframework.amqp.AmqpConnectException: java.net.ConnectException: Connection refused: getsockopt
2025-12-15T18:11:54.936+05:30  INFO 18252 --- [user-service] [springCloudBus.anonymous.GJUSfB1ST5mLtdG6ByXBYQ-198] o.s.a.r.l.SimpleMessageListenerContainer : Restarting Consumer@39fb8ad0: tags=[[]], channel=null, acknowledgeMode=AUTO local queue size=0
2025-12-15T18:11:54.938+05:30  INFO 18252 --- [user-service] [springCloudBus.anonymous.GJUSfB1ST5mLtdG6ByXBYQ-199] o.s.a.r.c.CachingConnectionFactory       : Attempting to connect to: [localhost:5672]
2025-12-15T18:12:00.080+05:30  WARN 18252 --- [user-service] [springCloudBus.anonymous.GJUSfB1ST5mLtdG6ByXBYQ-199] o.s.a.r.l.SimpleMessageListenerContainer : Consumer raised exception, processing can restart if the connection factory supports it. Exception summary: org.springframework.amqp.AmqpConnectException: java.net.ConnectException: Connection refused: getsockopt
2025-12-15T18:12:00.081+05:30  INFO 18252 --- [user-service] [springCloudBus.anonymous.GJUSfB1ST5mLtdG6ByXBYQ-199] o.s.a.r.l.SimpleMessageListenerContainer : Restarting Consumer@481e6949: tags=[[]], channel=null, acknowledgeMode=AUTO local queue size=0
2025-12-15T18:12:00.083+05:30  INFO 18252 --- [user-service] [springCloudBus.anonymous.GJUSfB1ST5mLtdG6ByXBYQ-200] o.s.a.r.c.CachingConnectionFactory       : Attempting to connect to: [localhost:5672]
2025-12-15T18:12:05.201+05:30  WARN 18252 --- [user-service] [springCloudBus.anonymous.GJUSfB1ST5mLtdG6ByXBYQ-200] o.s.a.r.l.SimpleMessageListenerContainer : Consumer raised exception, processing can restart if the connection factory supports it. Exception summary: org.springframework.amqp.AmqpConnectException: java.net.ConnectException: Connection refused: getsockopt
2025-12-15T18:12:05.202+05:30  INFO 18252 --- [user-service] [springCloudBus.anonymous.GJUSfB1ST5mLtdG6ByXBYQ-200] o.s.a.r.l.SimpleMessageListenerContainer : Restarting Consumer@c3d44d7: tags=[[]], channel=null, acknowledgeMode=AUTO local queue size=0
2025-12-15T18:12:05.205+05:30  INFO 18252 --- [user-service] [springCloudBus.anonymous.GJUSfB1ST5mLtdG6ByXBYQ-201] o.s.a.r.c.CachingConnectionFactory       : Attempting to connect to: [localhost:5672]
2025-12-15T18:12:10.335+05:30  WARN 18252 --- [user-service] [springCloudBus.anonymous.GJUSfB1ST5mLtdG6ByXBYQ-201] o.s.a.r.l.SimpleMessageListenerContainer : Consumer raised exception, processing can restart if the connection factory supports it. Exception summary: org.springframework.amqp.AmqpConnectException: java.net.ConnectException: Connection refused: getsockopt
2025-12-15T18:12:10.336+05:30  INFO 18252 --- [user-service] [springCloudBus.anonymous.GJUSfB1ST5mLtdG6ByXBYQ-201] o.s.a.r.l.SimpleMessageListenerContainer : Restarting Consumer@5590397a: tags=[[]], channel=null, acknowledgeMode=AUTO local queue size=0
2025-12-15T18:12:10.338+05:30  INFO 18252 --- [user-service] [springCloudBus.anonymous.GJUSfB1ST5mLtdG6ByXBYQ-202] o.s.a.r.c.CachingConnectionFactory       : Attempting to connect to: [localhost:5672]
2025-12-15T18:12:15.445+05:30  WARN 18252 --- [user-service] [springCloudBus.anonymous.GJUSfB1ST5mLtdG6ByXBYQ-202] o.s.a.r.l.SimpleMessageListenerContainer : Consumer raised exception, processing can restart if the connection factory supports it. Exception summary: org.springframework.amqp.AmqpConnectException: java.net.ConnectException: Connection refused: getsockopt
2025-12-15T18:12:15.445+05:30  INFO 18252 --- [user-service] [springCloudBus.anonymous.GJUSfB1ST5mLtdG6ByXBYQ-202] o.s.a.r.l.SimpleMessageListenerContainer : Restarting Consumer@642cc31f: tags=[[]], channel=null, acknowledgeMode=AUTO local queue size=0
2025-12-15T18:12:15.448+05:30  INFO 18252 --- [user-service] [springCloudBus.anonymous.GJUSfB1ST5mLtdG6ByXBYQ-203] o.s.a.r.c.CachingConnectionFactory       : Attempting to connect to: [localhost:5672]
2025-12-15T18:12:20.568+05:30  WARN 18252 --- [user-service] [springCloudBus.anonymous.GJUSfB1ST5mLtdG6ByXBYQ-203] o.s.a.r.l.SimpleMessageListenerContainer : Consumer raised exception, processing can restart if the connection factory supports it. Exception summary: org.springframework.amqp.AmqpConnectException: java.net.ConnectException: Connection refused: getsockopt
2025-12-15T18:12:20.569+05:30  INFO 18252 --- [user-service] [springCloudBus.anonymous.GJUSfB1ST5mLtdG6ByXBYQ-203] o.s.a.r.l.SimpleMessageListenerContainer : Restarting Consumer@29ec52d6: tags=[[]], channel=null, acknowledgeMode=AUTO local queue size=0
2025-12-15T18:12:20.571+05:30  INFO 18252 --- [user-service] [springCloudBus.anonymous.GJUSfB1ST5mLtdG6ByXBYQ-204] o.s.a.r.c.CachingConnectionFactory       : Attempting to connect to: [localhost:5672]
2025-12-15T18:12:25.652+05:30  WARN 18252 --- [user-service] [springCloudBus.anonymous.GJUSfB1ST5mLtdG6ByXBYQ-204] o.s.a.r.l.SimpleMessageListenerContainer : Consumer raised exception, processing can restart if the connection factory supports it. Exception summary: org.springframework.amqp.AmqpConnectException: java.net.ConnectException: Connection refused: getsockopt
2025-12-15T18:12:25.652+05:30  INFO 18252 --- [user-service] [springCloudBus.anonymous.GJUSfB1ST5mLtdG6ByXBYQ-204] o.s.a.r.l.SimpleMessageListenerContainer : Restarting Consumer@3514bc62: tags=[[]], channel=null, acknowledgeMode=AUTO local queue size=0
2025-12-15T18:12:25.654+05:30  INFO 18252 --- [user-service] [springCloudBus.anonymous.GJUSfB1ST5mLtdG6ByXBYQ-205] o.s.a.r.c.CachingConnectionFactory       : Attempting to connect to: [localhost:5672]
2025-12-15T18:12:30.768+05:30  WARN 18252 --- [user-service] [springCloudBus.anonymous.GJUSfB1ST5mLtdG6ByXBYQ-205] o.s.a.r.l.SimpleMessageListenerContainer : Consumer raised exception, processing can restart if the connection factory supports it. Exception summary: org.springframework.amqp.AmqpConnectException: java.net.ConnectException: Connection refused: getsockopt
2025-12-15T18:12:30.769+05:30  INFO 18252 --- [user-service] [springCloudBus.anonymous.GJUSfB1ST5mLtdG6ByXBYQ-205] o.s.a.r.l.SimpleMessageListenerContainer : Restarting Consumer@314fb1c7: tags=[[]], channel=null, acknowledgeMode=AUTO local queue size=0
2025-12-15T18:12:30.772+05:30  INFO 18252 --- [user-service] [springCloudBus.anonymous.GJUSfB1ST5mLtdG6ByXBYQ-206] o.s.a.r.c.CachingConnectionFactory       : Attempting to connect to: [localhost:5672]
2025-12-15T18:12:35.861+05:30  WARN 18252 --- [user-service] [springCloudBus.anonymous.GJUSfB1ST5mLtdG6ByXBYQ-206] o.s.a.r.l.SimpleMessageListenerContainer : Consumer raised exception, processing can restart if the connection factory supports it. Exception summary: org.springframework.amqp.AmqpConnectException: java.net.ConnectException: Connection refused: getsockopt
2025-12-15T18:12:35.861+05:30  INFO 18252 --- [user-service] [springCloudBus.anonymous.GJUSfB1ST5mLtdG6ByXBYQ-206] o.s.a.r.l.SimpleMessageListenerContainer : Restarting Consumer@24412f28: tags=[[]], channel=null, acknowledgeMode=AUTO local queue size=0
2025-12-15T18:12:35.863+05:30  INFO 18252 --- [user-service] [springCloudBus.anonymous.GJUSfB1ST5mLtdG6ByXBYQ-207] o.s.a.r.c.CachingConnectionFactory       : Attempting to connect to: [localhost:5672]
2025-12-15T18:12:41.003+05:30  WARN 18252 --- [user-service] [springCloudBus.anonymous.GJUSfB1ST5mLtdG6ByXBYQ-207] o.s.a.r.l.SimpleMessageListenerContainer : Consumer raised exception, processing can restart if the connection factory supports it. Exception summary: org.springframework.amqp.AmqpConnectException: java.net.ConnectException: Connection refused: getsockopt
2025-12-15T18:12:41.003+05:30  INFO 18252 --- [user-service] [springCloudBus.anonymous.GJUSfB1ST5mLtdG6ByXBYQ-207] o.s.a.r.l.SimpleMessageListenerContainer : Restarting Consumer@5caa6d5: tags=[[]], channel=null, acknowledgeMode=AUTO local queue size=0
2025-12-15T18:12:41.005+05:30  INFO 18252 --- [user-service] [springCloudBus.anonymous.GJUSfB1ST5mLtdG6ByXBYQ-208] o.s.a.r.c.CachingConnectionFactory       : Attempting to connect to: [localhost:5672]
2025-12-15T18:12:46.126+05:30  WARN 18252 --- [user-service] [springCloudBus.anonymous.GJUSfB1ST5mLtdG6ByXBYQ-208] o.s.a.r.l.SimpleMessageListenerContainer : Consumer raised exception, processing can restart if the connection factory supports it. Exception summary: org.springframework.amqp.AmqpConnectException: java.net.ConnectException: Connection refused: getsockopt
2025-12-15T18:12:46.126+05:30  INFO 18252 --- [user-service] [springCloudBus.anonymous.GJUSfB1ST5mLtdG6ByXBYQ-208] o.s.a.r.l.SimpleMessageListenerContainer : Restarting Consumer@4e9347e8: tags=[[]], channel=null, acknowledgeMode=AUTO local queue size=0
2025-12-15T18:12:46.130+05:30  INFO 18252 --- [user-service] [springCloudBus.anonymous.GJUSfB1ST5mLtdG6ByXBYQ-209] o.s.a.r.c.CachingConnectionFactory       : Attempting to connect to: [localhost:5672]
2025-12-15T18:12:51.261+05:30  WARN 18252 --- [user-service] [springCloudBus.anonymous.GJUSfB1ST5mLtdG6ByXBYQ-209] o.s.a.r.l.SimpleMessageListenerContainer : Consumer raised exception, processing can restart if the connection factory supports it. Exception summary: org.springframework.amqp.AmqpConnectException: java.net.ConnectException: Connection refused: getsockopt
2025-12-15T18:12:51.262+05:30  INFO 18252 --- [user-service] [springCloudBus.anonymous.GJUSfB1ST5mLtdG6ByXBYQ-209] o.s.a.r.l.SimpleMessageListenerContainer : Restarting Consumer@1e7a4ecd: tags=[[]], channel=null, acknowledgeMode=AUTO local queue size=0
2025-12-15T18:12:51.265+05:30  INFO 18252 --- [user-service] [springCloudBus.anonymous.GJUSfB1ST5mLtdG6ByXBYQ-210] o.s.a.r.c.CachingConnectionFactory       : Attempting to connect to: [localhost:5672]
2025-12-15T18:12:56.351+05:30  WARN 18252 --- [user-service] [springCloudBus.anonymous.GJUSfB1ST5mLtdG6ByXBYQ-210] o.s.a.r.l.SimpleMessageListenerContainer : Consumer raised exception, processing can restart if the connection factory supports it. Exception summary: org.springframework.amqp.AmqpConnectException: java.net.ConnectException: Connection refused: getsockopt
2025-12-15T18:12:56.351+05:30  INFO 18252 --- [user-service] [springCloudBus.anonymous.GJUSfB1ST5mLtdG6ByXBYQ-210] o.s.a.r.l.SimpleMessageListenerContainer : Restarting Consumer@907c427: tags=[[]], channel=null, acknowledgeMode=AUTO local queue size=0
2025-12-15T18:12:56.354+05:30  INFO 18252 --- [user-service] [springCloudBus.anonymous.GJUSfB1ST5mLtdG6ByXBYQ-211] o.s.a.r.c.CachingConnectionFactory       : Attempting to connect to: [localhost:5672]
2025-12-15T18:13:01.471+05:30  WARN 18252 --- [user-service] [springCloudBus.anonymous.GJUSfB1ST5mLtdG6ByXBYQ-211] o.s.a.r.l.SimpleMessageListenerContainer : Consumer raised exception, processing can restart if the connection factory supports it. Exception summary: org.springframework.amqp.AmqpConnectException: java.net.ConnectException: Connection refused: getsockopt
2025-12-15T18:13:01.472+05:30  INFO 18252 --- [user-service] [springCloudBus.anonymous.GJUSfB1ST5mLtdG6ByXBYQ-211] o.s.a.r.l.SimpleMessageListenerContainer : Restarting Consumer@36427692: tags=[[]], channel=null, acknowledgeMode=AUTO local queue size=0
2025-12-15T18:13:01.474+05:30  INFO 18252 --- [user-service] [springCloudBus.anonymous.GJUSfB1ST5mLtdG6ByXBYQ-212] o.s.a.r.c.CachingConnectionFactory       : Attempting to connect to: [localhost:5672]
2025-12-15T18:13:06.568+05:30  WARN 18252 --- [user-service] [springCloudBus.anonymous.GJUSfB1ST5mLtdG6ByXBYQ-212] o.s.a.r.l.SimpleMessageListenerContainer : Consumer raised exception, processing can restart if the connection factory supports it. Exception summary: org.springframework.amqp.AmqpConnectException: java.net.ConnectException: Connection refused: getsockopt
2025-12-15T18:13:06.568+05:30  INFO 18252 --- [user-service] [springCloudBus.anonymous.GJUSfB1ST5mLtdG6ByXBYQ-212] o.s.a.r.l.SimpleMessageListenerContainer : Restarting Consumer@2d1328a2: tags=[[]], channel=null, acknowledgeMode=AUTO local queue size=0
2025-12-15T18:13:06.571+05:30  INFO 18252 --- [user-service] [springCloudBus.anonymous.GJUSfB1ST5mLtdG6ByXBYQ-213] o.s.a.r.c.CachingConnectionFactory       : Attempting to connect to: [localhost:5672]
2025-12-15T18:13:11.700+05:30  WARN 18252 --- [user-service] [springCloudBus.anonymous.GJUSfB1ST5mLtdG6ByXBYQ-213] o.s.a.r.l.SimpleMessageListenerContainer : Consumer raised exception, processing can restart if the connection factory supports it. Exception summary: org.springframework.amqp.AmqpConnectException: java.net.ConnectException: Connection refused: getsockopt
2025-12-15T18:13:11.700+05:30  INFO 18252 --- [user-service] [springCloudBus.anonymous.GJUSfB1ST5mLtdG6ByXBYQ-213] o.s.a.r.l.SimpleMessageListenerContainer : Restarting Consumer@472685ab: tags=[[]], channel=null, acknowledgeMode=AUTO local queue size=0
2025-12-15T18:13:11.703+05:30  INFO 18252 --- [user-service] [springCloudBus.anonymous.GJUSfB1ST5mLtdG6ByXBYQ-214] o.s.a.r.c.CachingConnectionFactory       : Attempting to connect to: [localhost:5672]
2025-12-15T18:13:16.830+05:30  WARN 18252 --- [user-service] [springCloudBus.anonymous.GJUSfB1ST5mLtdG6ByXBYQ-214] o.s.a.r.l.SimpleMessageListenerContainer : Consumer raised exception, processing can restart if the connection factory supports it. Exception summary: org.springframework.amqp.AmqpConnectException: java.net.ConnectException: Connection refused: getsockopt
2025-12-15T18:13:16.830+05:30  INFO 18252 --- [user-service] [springCloudBus.anonymous.GJUSfB1ST5mLtdG6ByXBYQ-214] o.s.a.r.l.SimpleMessageListenerContainer : Restarting Consumer@7e34cec2: tags=[[]], channel=null, acknowledgeMode=AUTO local queue size=0
2025-12-15T18:13:16.833+05:30  INFO 18252 --- [user-service] [springCloudBus.anonymous.GJUSfB1ST5mLtdG6ByXBYQ-215] o.s.a.r.c.CachingConnectionFactory       : Attempting to connect to: [localhost:5672]
2025-12-15T18:13:21.991+05:30  WARN 18252 --- [user-service] [springCloudBus.anonymous.GJUSfB1ST5mLtdG6ByXBYQ-215] o.s.a.r.l.SimpleMessageListenerContainer : Consumer raised exception, processing can restart if the connection factory supports it. Exception summary: org.springframework.amqp.AmqpConnectException: java.net.ConnectException: Connection refused: getsockopt
2025-12-15T18:13:21.991+05:30  INFO 18252 --- [user-service] [springCloudBus.anonymous.GJUSfB1ST5mLtdG6ByXBYQ-215] o.s.a.r.l.SimpleMessageListenerContainer : Restarting Consumer@5e152118: tags=[[]], channel=null, acknowledgeMode=AUTO local queue size=0
2025-12-15T18:13:21.992+05:30  INFO 18252 --- [user-service] [springCloudBus.anonymous.GJUSfB1ST5mLtdG6ByXBYQ-216] o.s.a.r.c.CachingConnectionFactory       : Attempting to connect to: [localhost:5672]
2025-12-15T18:13:27.108+05:30  WARN 18252 --- [user-service] [springCloudBus.anonymous.GJUSfB1ST5mLtdG6ByXBYQ-216] o.s.a.r.l.SimpleMessageListenerContainer : Consumer raised exception, processing can restart if the connection factory supports it. Exception summary: org.springframework.amqp.AmqpConnectException: java.net.ConnectException: Connection refused: getsockopt
2025-12-15T18:13:27.108+05:30  INFO 18252 --- [user-service] [springCloudBus.anonymous.GJUSfB1ST5mLtdG6ByXBYQ-216] o.s.a.r.l.SimpleMessageListenerContainer : Restarting Consumer@40a92ff7: tags=[[]], channel=null, acknowledgeMode=AUTO local queue size=0
2025-12-15T18:13:27.111+05:30  INFO 18252 --- [user-service] [springCloudBus.anonymous.GJUSfB1ST5mLtdG6ByXBYQ-217] o.s.a.r.c.CachingConnectionFactory       : Attempting to connect to: [localhost:5672]
2025-12-15T18:13:32.251+05:30  WARN 18252 --- [user-service] [springCloudBus.anonymous.GJUSfB1ST5mLtdG6ByXBYQ-217] o.s.a.r.l.SimpleMessageListenerContainer : Consumer raised exception, processing can restart if the connection factory supports it. Exception summary: org.springframework.amqp.AmqpConnectException: java.net.ConnectException: Connection refused: getsockopt
2025-12-15T18:13:32.251+05:30  INFO 18252 --- [user-service] [springCloudBus.anonymous.GJUSfB1ST5mLtdG6ByXBYQ-217] o.s.a.r.l.SimpleMessageListenerContainer : Restarting Consumer@58546164: tags=[[]], channel=null, acknowledgeMode=AUTO local queue size=0
2025-12-15T18:13:32.252+05:30  INFO 18252 --- [user-service] [springCloudBus.anonymous.GJUSfB1ST5mLtdG6ByXBYQ-218] o.s.a.r.c.CachingConnectionFactory       : Attempting to connect to: [localhost:5672]
2025-12-15T18:13:37.379+05:30  WARN 18252 --- [user-service] [springCloudBus.anonymous.GJUSfB1ST5mLtdG6ByXBYQ-218] o.s.a.r.l.SimpleMessageListenerContainer : Consumer raised exception, processing can restart if the connection factory supports it. Exception summary: org.springframework.amqp.AmqpConnectException: java.net.ConnectException: Connection refused: getsockopt
2025-12-15T18:13:37.379+05:30  INFO 18252 --- [user-service] [springCloudBus.anonymous.GJUSfB1ST5mLtdG6ByXBYQ-218] o.s.a.r.l.SimpleMessageListenerContainer : Restarting Consumer@4de88e72: tags=[[]], channel=null, acknowledgeMode=AUTO local queue size=0
2025-12-15T18:13:37.382+05:30  INFO 18252 --- [user-service] [springCloudBus.anonymous.GJUSfB1ST5mLtdG6ByXBYQ-219] o.s.a.r.c.CachingConnectionFactory       : Attempting to connect to: [localhost:5672]
2025-12-15T18:13:42.491+05:30  WARN 18252 --- [user-service] [springCloudBus.anonymous.GJUSfB1ST5mLtdG6ByXBYQ-219] o.s.a.r.l.SimpleMessageListenerContainer : Consumer raised exception, processing can restart if the connection factory supports it. Exception summary: org.springframework.amqp.AmqpConnectException: java.net.ConnectException: Connection refused: getsockopt
2025-12-15T18:13:42.491+05:30  INFO 18252 --- [user-service] [springCloudBus.anonymous.GJUSfB1ST5mLtdG6ByXBYQ-219] o.s.a.r.l.SimpleMessageListenerContainer : Restarting Consumer@3c2db63f: tags=[[]], channel=null, acknowledgeMode=AUTO local queue size=0
2025-12-15T18:13:42.495+05:30  INFO 18252 --- [user-service] [springCloudBus.anonymous.GJUSfB1ST5mLtdG6ByXBYQ-220] o.s.a.r.c.CachingConnectionFactory       : Attempting to connect to: [localhost:5672]
2025-12-15T18:13:44.027+05:30  INFO 18252 --- [user-service] [SpringApplicationShutdownHook] o.s.c.n.e.s.EurekaServiceRegistry        : Unregistering application USER-SERVICE with eureka with status DOWN
2025-12-15T18:13:44.027+05:30  INFO 18252 --- [user-service] [SpringApplicationShutdownHook] com.netflix.discovery.DiscoveryClient    : Saw local status change event StatusChangeEvent [timestamp=1765802624027, current=DOWN, previous=UP]
2025-12-15T18:13:44.028+05:30  INFO 18252 --- [user-service] [DiscoveryClient-InstanceInfoReplicator-%d] com.netflix.discovery.DiscoveryClient    : DiscoveryClient_USER-SERVICE/FON-LAP-52.mshome.net:user-service:8081: registering service...
2025-12-15T18:13:44.032+05:30  INFO 18252 --- [user-service] [SpringApplicationShutdownHook] o.s.b.w.e.tomcat.GracefulShutdown        : Commencing graceful shutdown. Waiting for active requests to complete
2025-12-15T18:13:44.042+05:30  INFO 18252 --- [user-service] [tomcat-shutdown] o.s.b.w.e.tomcat.GracefulShutdown        : Graceful shutdown complete
2025-12-15T18:13:44.046+05:30  INFO 18252 --- [user-service] [SpringApplicationShutdownHook] o.s.a.r.l.SimpleMessageListenerContainer : Waiting for workers to finish.
2025-12-15T18:13:44.046+05:30  INFO 18252 --- [user-service] [SpringApplicationShutdownHook] o.s.a.r.l.SimpleMessageListenerContainer : Successfully waited for workers to finish.
2025-12-15T18:13:44.047+05:30  INFO 18252 --- [user-service] [SpringApplicationShutdownHook] o.s.i.a.i.AmqpInboundChannelAdapter      : stopped bean 'inbound.springCloudBus.anonymous.GJUSfB1ST5mLtdG6ByXBYQ'
2025-12-15T18:13:44.051+05:30  INFO 18252 --- [user-service] [DiscoveryClient-InstanceInfoReplicator-%d] com.netflix.discovery.DiscoveryClient    : DiscoveryClient_USER-SERVICE/FON-LAP-52.mshome.net:user-service:8081 - registration status: 204
2025-12-15T18:13:44.054+05:30  INFO 18252 --- [user-service] [SpringApplicationShutdownHook] o.s.c.stream.binder.BinderErrorChannel   : Channel 'user-service.rabbit-633324888.springCloudBusInput.errors' has 1 subscriber(s).
2025-12-15T18:13:44.054+05:30  INFO 18252 --- [user-service] [SpringApplicationShutdownHook] o.s.c.stream.binder.BinderErrorChannel   : Channel 'user-service.rabbit-633324888.springCloudBusInput.errors' has 0 subscriber(s).
2025-12-15T18:13:44.084+05:30  INFO 18252 --- [user-service] [SpringApplicationShutdownHook] o.s.i.endpoint.EventDrivenConsumer       : Removing {logging-channel-adapter:_org.springframework.integration.errorLogger} as a subscriber to the 'errorChannel' channel
2025-12-15T18:13:44.084+05:30  INFO 18252 --- [user-service] [SpringApplicationShutdownHook] o.s.i.channel.PublishSubscribeChannel    : Channel 'user-service.errorChannel' has 0 subscriber(s).
2025-12-15T18:13:44.084+05:30  INFO 18252 --- [user-service] [SpringApplicationShutdownHook] o.s.i.endpoint.EventDrivenConsumer       : stopped bean '_org.springframework.integration.errorLogger'
2025-12-15T18:13:44.097+05:30  INFO 18252 --- [user-service] [SpringApplicationShutdownHook] com.netflix.discovery.DiscoveryClient    : Shutting down DiscoveryClient ...
2025-12-15T18:13:47.107+05:30  INFO 18252 --- [user-service] [SpringApplicationShutdownHook] com.netflix.discovery.DiscoveryClient    : Unregistering ...
2025-12-15T18:13:47.126+05:30  INFO 18252 --- [user-service] [SpringApplicationShutdownHook] com.netflix.discovery.DiscoveryClient    : DiscoveryClient_USER-SERVICE/FON-LAP-52.mshome.net:user-service:8081 - deregister  status: 200
2025-12-15T18:13:47.127+05:30  INFO 18252 --- [user-service] [SpringApplicationShutdownHook] com.netflix.discovery.DiscoveryClient    : Completed shut down of DiscoveryClient
