2025-12-17T00:09:06.845+05:30  INFO 4824 --- [ORDER-SERVICE] [main] com.app_ecom.EcomApplication             : Starting EcomApplication using Java 21.0.8 with PID 4824 (D:\Personal\CODE\Java-Code\MicroService\MicroserverWithDiffrentServices\order-model\target\classes started by Fintern in D:\Personal\CODE\Java-Code\MicroService\MicroserverWithDiffrentServices)
2025-12-17T00:09:06.858+05:30  INFO 4824 --- [ORDER-SERVICE] [main] com.app_ecom.EcomApplication             : No active profile set, falling back to 1 default profile: "default"
2025-12-17T00:09:06.904+05:30  INFO 4824 --- [ORDER-SERVICE] [main] o.s.c.c.c.ConfigServerConfigDataLoader   : Fetching config from server at : http://localhost:8888
2025-12-17T00:09:06.904+05:30  INFO 4824 --- [ORDER-SERVICE] [main] o.s.c.c.c.ConfigServerConfigDataLoader   : Located environment: name=ORDER-SERVICE, profiles=[default], label=null, version=null, state=null
2025-12-17T00:09:08.391+05:30  INFO 4824 --- [ORDER-SERVICE] [main] .s.d.r.c.RepositoryConfigurationDelegate : Bootstrapping Spring Data JPA repositories in DEFAULT mode.
2025-12-17T00:09:08.667+05:30  INFO 4824 --- [ORDER-SERVICE] [main] .s.d.r.c.RepositoryConfigurationDelegate : Finished Spring Data repository scanning in 242 ms. Found 2 JPA repository interfaces.
2025-12-17T00:09:09.195+05:30  INFO 4824 --- [ORDER-SERVICE] [main] faultConfiguringBeanFactoryPostProcessor : No bean named 'errorChannel' has been explicitly defined. Therefore, a default PublishSubscribeChannel will be created.
2025-12-17T00:09:09.203+05:30  INFO 4824 --- [ORDER-SERVICE] [main] faultConfiguringBeanFactoryPostProcessor : No bean named 'integrationHeaderChannelRegistry' has been explicitly defined. Therefore, a default DefaultHeaderChannelRegistry will be created.
2025-12-17T00:09:09.408+05:30  INFO 4824 --- [ORDER-SERVICE] [main] o.s.cloud.context.scope.GenericScope     : BeanFactory id=dc0d3192-0607-371c-bbc8-28153ea0e71e
2025-12-17T00:09:10.421+05:30  INFO 4824 --- [ORDER-SERVICE] [main] o.s.b.w.embedded.tomcat.TomcatWebServer  : Tomcat initialized with port 8083 (http)
2025-12-17T00:09:10.443+05:30  INFO 4824 --- [ORDER-SERVICE] [main] o.apache.catalina.core.StandardService   : Starting service [Tomcat]
2025-12-17T00:09:10.444+05:30  INFO 4824 --- [ORDER-SERVICE] [main] o.apache.catalina.core.StandardEngine    : Starting Servlet engine: [Apache Tomcat/10.1.46]
2025-12-17T00:09:10.532+05:30  INFO 4824 --- [ORDER-SERVICE] [main] o.a.c.c.C.[Tomcat].[localhost].[/]       : Initializing Spring embedded WebApplicationContext
2025-12-17T00:09:10.533+05:30  INFO 4824 --- [ORDER-SERVICE] [main] w.s.c.ServletWebServerApplicationContext : Root WebApplicationContext: initialization completed in 3625 ms
2025-12-17T00:09:10.965+05:30  INFO 4824 --- [ORDER-SERVICE] [main] o.hibernate.jpa.internal.util.LogHelper  : HHH000204: Processing PersistenceUnitInfo [name: default]
2025-12-17T00:09:10.998+05:30  INFO 4824 --- [ORDER-SERVICE] [main] org.hibernate.Version                    : HHH000412: Hibernate ORM core version 6.6.29.Final
2025-12-17T00:09:11.021+05:30  INFO 4824 --- [ORDER-SERVICE] [main] o.h.c.internal.RegionFactoryInitiator    : HHH000026: Second-level cache disabled
2025-12-17T00:09:11.237+05:30  INFO 4824 --- [ORDER-SERVICE] [main] o.s.o.j.p.SpringPersistenceUnitInfo      : No LoadTimeWeaver setup: ignoring JPA class transformer
2025-12-17T00:09:11.263+05:30  INFO 4824 --- [ORDER-SERVICE] [main] com.zaxxer.hikari.HikariDataSource       : HikariPool-1 - Starting...
2025-12-17T00:09:11.412+05:30  INFO 4824 --- [ORDER-SERVICE] [main] com.zaxxer.hikari.pool.HikariPool        : HikariPool-1 - Added connection com.mysql.cj.jdbc.ConnectionImpl@45cddfd3
2025-12-17T00:09:11.414+05:30  INFO 4824 --- [ORDER-SERVICE] [main] com.zaxxer.hikari.HikariDataSource       : HikariPool-1 - Start completed.
2025-12-17T00:09:11.446+05:30  WARN 4824 --- [ORDER-SERVICE] [main] org.hibernate.orm.deprecation            : HHH90000025: MySQL8Dialect does not need to be specified explicitly using 'hibernate.dialect' (remove the property setting and it will be selected by default)
2025-12-17T00:09:11.448+05:30  WARN 4824 --- [ORDER-SERVICE] [main] org.hibernate.orm.deprecation            : HHH90000026: MySQL8Dialect has been deprecated; use org.hibernate.dialect.MySQLDialect instead
2025-12-17T00:09:11.471+05:30  INFO 4824 --- [ORDER-SERVICE] [main] org.hibernate.orm.connections.pooling    : HHH10001005: Database info:
	Database JDBC URL [Connecting through datasource 'HikariDataSource (HikariPool-1)']
	Database driver: undefined/unknown
	Database version: 8.0
	Autocommit mode: undefined/unknown
	Isolation level: undefined/unknown
	Minimum pool size: undefined/unknown
	Maximum pool size: undefined/unknown
2025-12-17T00:09:12.305+05:30  INFO 4824 --- [ORDER-SERVICE] [main] o.h.e.t.j.p.i.JtaPlatformInitiator       : HHH000489: No JTA platform available (set 'hibernate.transaction.jta.platform' to enable JTA platform integration)
2025-12-17T00:09:12.389+05:30  INFO 4824 --- [ORDER-SERVICE] [main] j.LocalContainerEntityManagerFactoryBean : Initialized JPA EntityManagerFactory for persistence unit 'default'
2025-12-17T00:09:13.064+05:30  WARN 4824 --- [ORDER-SERVICE] [main] JpaBaseConfiguration$JpaWebConfiguration : spring.jpa.open-in-view is enabled by default. Therefore, database queries may be performed during view rendering. Explicitly configure spring.jpa.open-in-view to disable this warning
2025-12-17T00:09:13.856+05:30  WARN 4824 --- [ORDER-SERVICE] [main] c.f.c.c.BeanFactoryAwareFunctionRegistry : Failed to locate function 'busConsumer' for function definition 'busConsumer'. Returning null.
2025-12-17T00:09:13.916+05:30  INFO 4824 --- [ORDER-SERVICE] [main] o.s.c.s.m.DirectWithAttributesChannel    : Channel 'ORDER-SERVICE.springCloudBusInput' has 1 subscriber(s).
2025-12-17T00:09:14.194+05:30  INFO 4824 --- [ORDER-SERVICE] [main] DiscoveryClientOptionalArgsConfiguration : Eureka HTTP Client uses RestTemplate.
2025-12-17T00:09:14.249+05:30  WARN 4824 --- [ORDER-SERVICE] [main] iguration$LoadBalancerCaffeineWarnLogger : Spring Cloud LoadBalancer is currently working with the default cache. While this cache implementation is useful for development and tests, it's recommended to use Caffeine cache in production.You can switch to using Caffeine cache, by adding it and org.springframework.cache.caffeine.CaffeineCacheManager to the classpath.
2025-12-17T00:09:14.258+05:30  INFO 4824 --- [ORDER-SERVICE] [main] o.s.b.a.e.web.EndpointLinksResolver      : Exposing 26 endpoints beneath base path '/actuator'
2025-12-17T00:09:14.386+05:30  INFO 4824 --- [ORDER-SERVICE] [main] o.s.i.endpoint.EventDrivenConsumer       : Adding {logging-channel-adapter:_org.springframework.integration.errorLogger} as a subscriber to the 'errorChannel' channel
2025-12-17T00:09:14.386+05:30  INFO 4824 --- [ORDER-SERVICE] [main] o.s.i.channel.PublishSubscribeChannel    : Channel 'ORDER-SERVICE.errorChannel' has 1 subscriber(s).
2025-12-17T00:09:14.386+05:30  INFO 4824 --- [ORDER-SERVICE] [main] o.s.i.endpoint.EventDrivenConsumer       : started bean '_org.springframework.integration.errorLogger'
2025-12-17T00:09:14.435+05:30  INFO 4824 --- [ORDER-SERVICE] [main] o.s.c.n.eureka.InstanceInfoFactory       : Setting initial instance status as: STARTING
2025-12-17T00:09:14.470+05:30  INFO 4824 --- [ORDER-SERVICE] [main] com.netflix.discovery.DiscoveryClient    : Initializing Eureka in region us-east-1
2025-12-17T00:09:14.476+05:30  INFO 4824 --- [ORDER-SERVICE] [main] c.n.d.s.r.aws.ConfigClusterResolver      : Resolving eureka endpoints via configuration
2025-12-17T00:09:14.487+05:30  INFO 4824 --- [ORDER-SERVICE] [main] com.netflix.discovery.DiscoveryClient    : Disable delta property : false
2025-12-17T00:09:14.487+05:30  INFO 4824 --- [ORDER-SERVICE] [main] com.netflix.discovery.DiscoveryClient    : Single vip registry refresh property : null
2025-12-17T00:09:14.487+05:30  INFO 4824 --- [ORDER-SERVICE] [main] com.netflix.discovery.DiscoveryClient    : Force full registry fetch : false
2025-12-17T00:09:14.487+05:30  INFO 4824 --- [ORDER-SERVICE] [main] com.netflix.discovery.DiscoveryClient    : Application is null : false
2025-12-17T00:09:14.487+05:30  INFO 4824 --- [ORDER-SERVICE] [main] com.netflix.discovery.DiscoveryClient    : Registered Applications size is zero : true
2025-12-17T00:09:14.487+05:30  INFO 4824 --- [ORDER-SERVICE] [main] com.netflix.discovery.DiscoveryClient    : Application version is -1: true
2025-12-17T00:09:14.487+05:30  INFO 4824 --- [ORDER-SERVICE] [main] com.netflix.discovery.DiscoveryClient    : Getting all instance registry info from the eureka server
2025-12-17T00:09:14.619+05:30  INFO 4824 --- [ORDER-SERVICE] [main] com.netflix.discovery.DiscoveryClient    : The response status is 200
2025-12-17T00:09:14.621+05:30  INFO 4824 --- [ORDER-SERVICE] [main] com.netflix.discovery.DiscoveryClient    : Starting heartbeat executor: renew interval is: 30
2025-12-17T00:09:14.622+05:30  INFO 4824 --- [ORDER-SERVICE] [main] c.n.discovery.InstanceInfoReplicator     : InstanceInfoReplicator onDemand update allowed rate per min is 4
2025-12-17T00:09:14.623+05:30  INFO 4824 --- [ORDER-SERVICE] [main] com.netflix.discovery.DiscoveryClient    : Discovery Client initialized at timestamp 1765910354623 with initial instances count: 3
2025-12-17T00:09:14.626+05:30  INFO 4824 --- [ORDER-SERVICE] [main] o.s.c.n.e.s.EurekaServiceRegistry        : Registering application ORDER-SERVICE with eureka with status UP
2025-12-17T00:09:14.627+05:30  INFO 4824 --- [ORDER-SERVICE] [main] com.netflix.discovery.DiscoveryClient    : Saw local status change event StatusChangeEvent [timestamp=1765910354627, current=UP, previous=STARTING]
2025-12-17T00:09:14.628+05:30  INFO 4824 --- [ORDER-SERVICE] [DiscoveryClient-InstanceInfoReplicator-%d] com.netflix.discovery.DiscoveryClient    : DiscoveryClient_ORDER-SERVICE/FON-LAP-52.mshome.net:ORDER-SERVICE:8083: registering service...
2025-12-17T00:09:14.629+05:30  INFO 4824 --- [ORDER-SERVICE] [main] o.s.c.s.binder.DefaultBinderFactory      : Creating binder: rabbit
2025-12-17T00:09:14.629+05:30  INFO 4824 --- [ORDER-SERVICE] [main] o.s.c.s.binder.DefaultBinderFactory      : Constructing binder child context for rabbit
2025-12-17T00:09:14.692+05:30  INFO 4824 --- [ORDER-SERVICE] [DiscoveryClient-InstanceInfoReplicator-%d] com.netflix.discovery.DiscoveryClient    : DiscoveryClient_ORDER-SERVICE/FON-LAP-52.mshome.net:ORDER-SERVICE:8083 - registration status: 204
2025-12-17T00:09:14.767+05:30  INFO 4824 --- [ORDER-SERVICE] [main] o.s.c.s.binder.DefaultBinderFactory      : Caching the binder: rabbit
2025-12-17T00:09:14.777+05:30  INFO 4824 --- [ORDER-SERVICE] [main] c.s.b.r.p.RabbitExchangeQueueProvisioner : declaring queue for inbound: springCloudBus.anonymous.k7YPYHbOTJ2MiS6Bt0eXtg, bound to: springCloudBus
2025-12-17T00:09:14.783+05:30  INFO 4824 --- [ORDER-SERVICE] [main] o.s.a.r.c.CachingConnectionFactory       : Attempting to connect to: [localhost:5672]
2025-12-17T00:09:14.800+05:30  INFO 4824 --- [ORDER-SERVICE] [main] o.s.a.r.c.CachingConnectionFactory       : Attempting to connect to: [localhost:5672]
2025-12-17T00:09:14.814+05:30  INFO 4824 --- [ORDER-SERVICE] [main] o.s.a.r.c.CachingConnectionFactory       : Attempting to connect to: [localhost:5672]
2025-12-17T00:09:14.846+05:30  INFO 4824 --- [ORDER-SERVICE] [main] o.s.c.stream.binder.BinderErrorChannel   : Channel 'rabbit-104113058.springCloudBusInput.errors' has 1 subscriber(s).
2025-12-17T00:09:14.847+05:30  INFO 4824 --- [ORDER-SERVICE] [main] o.s.c.stream.binder.BinderErrorChannel   : Channel 'rabbit-104113058.springCloudBusInput.errors' has 2 subscriber(s).
2025-12-17T00:09:14.849+05:30  INFO 4824 --- [ORDER-SERVICE] [main] o.s.a.r.c.CachingConnectionFactory       : Attempting to connect to: [localhost:5672]
2025-12-17T00:09:14.889+05:30  INFO 4824 --- [ORDER-SERVICE] [main] o.s.a.r.l.SimpleMessageListenerContainer : Broker not available; cannot force queue declarations during start: java.net.ConnectException: Connection refused: getsockopt
2025-12-17T00:09:14.906+05:30  INFO 4824 --- [ORDER-SERVICE] [springCloudBus.anonymous.k7YPYHbOTJ2MiS6Bt0eXtg-1] o.s.a.r.c.CachingConnectionFactory       : Attempting to connect to: [localhost:5672]
2025-12-17T00:09:14.909+05:30  INFO 4824 --- [ORDER-SERVICE] [main] o.s.i.a.i.AmqpInboundChannelAdapter      : started bean 'inbound.springCloudBus.anonymous.k7YPYHbOTJ2MiS6Bt0eXtg'
2025-12-17T00:09:14.938+05:30  INFO 4824 --- [ORDER-SERVICE] [main] o.s.b.w.embedded.tomcat.TomcatWebServer  : Tomcat started on port 8083 (http) with context path '/'
2025-12-17T00:09:14.940+05:30  INFO 4824 --- [ORDER-SERVICE] [main] .s.c.n.e.s.EurekaAutoServiceRegistration : Updating port to 8083
2025-12-17T00:09:15.015+05:30  INFO 4824 --- [ORDER-SERVICE] [main] com.app_ecom.EcomApplication             : Started EcomApplication in 9.205 seconds (process running for 9.903)
2025-12-17T00:09:15.398+05:30  INFO 4824 --- [ORDER-SERVICE] [http-nio-8083-exec-1] o.a.c.c.C.[Tomcat].[localhost].[/]       : Initializing Spring DispatcherServlet 'dispatcherServlet'
2025-12-17T00:09:15.398+05:30  INFO 4824 --- [ORDER-SERVICE] [http-nio-8083-exec-1] o.s.web.servlet.DispatcherServlet        : Initializing Servlet 'dispatcherServlet'
2025-12-17T00:09:15.400+05:30  INFO 4824 --- [ORDER-SERVICE] [http-nio-8083-exec-1] o.s.web.servlet.DispatcherServlet        : Completed initialization in 2 ms
2025-12-17T00:09:20.009+05:30  WARN 4824 --- [ORDER-SERVICE] [springCloudBus.anonymous.k7YPYHbOTJ2MiS6Bt0eXtg-1] o.s.a.r.l.SimpleMessageListenerContainer : Consumer raised exception, processing can restart if the connection factory supports it. Exception summary: org.springframework.amqp.AmqpConnectException: java.net.ConnectException: Connection refused: getsockopt
2025-12-17T00:09:20.018+05:30  INFO 4824 --- [ORDER-SERVICE] [springCloudBus.anonymous.k7YPYHbOTJ2MiS6Bt0eXtg-1] o.s.a.r.l.SimpleMessageListenerContainer : Restarting Consumer@5ed48fd4: tags=[[]], channel=null, acknowledgeMode=AUTO local queue size=0
2025-12-17T00:09:20.021+05:30  INFO 4824 --- [ORDER-SERVICE] [springCloudBus.anonymous.k7YPYHbOTJ2MiS6Bt0eXtg-2] o.s.a.r.c.CachingConnectionFactory       : Attempting to connect to: [localhost:5672]
2025-12-17T00:09:25.124+05:30  WARN 4824 --- [ORDER-SERVICE] [springCloudBus.anonymous.k7YPYHbOTJ2MiS6Bt0eXtg-2] o.s.a.r.l.SimpleMessageListenerContainer : Consumer raised exception, processing can restart if the connection factory supports it. Exception summary: org.springframework.amqp.AmqpConnectException: java.net.ConnectException: Connection refused: getsockopt
2025-12-17T00:09:25.125+05:30  INFO 4824 --- [ORDER-SERVICE] [springCloudBus.anonymous.k7YPYHbOTJ2MiS6Bt0eXtg-2] o.s.a.r.l.SimpleMessageListenerContainer : Restarting Consumer@7251a5e7: tags=[[]], channel=null, acknowledgeMode=AUTO local queue size=0
2025-12-17T00:09:25.128+05:30  INFO 4824 --- [ORDER-SERVICE] [springCloudBus.anonymous.k7YPYHbOTJ2MiS6Bt0eXtg-3] o.s.a.r.c.CachingConnectionFactory       : Attempting to connect to: [localhost:5672]
2025-12-17T00:09:30.243+05:30  WARN 4824 --- [ORDER-SERVICE] [springCloudBus.anonymous.k7YPYHbOTJ2MiS6Bt0eXtg-3] o.s.a.r.l.SimpleMessageListenerContainer : Consumer raised exception, processing can restart if the connection factory supports it. Exception summary: org.springframework.amqp.AmqpConnectException: java.net.ConnectException: Connection refused: getsockopt
2025-12-17T00:09:30.245+05:30  INFO 4824 --- [ORDER-SERVICE] [springCloudBus.anonymous.k7YPYHbOTJ2MiS6Bt0eXtg-3] o.s.a.r.l.SimpleMessageListenerContainer : Restarting Consumer@4d67e5ae: tags=[[]], channel=null, acknowledgeMode=AUTO local queue size=0
2025-12-17T00:09:30.258+05:30  INFO 4824 --- [ORDER-SERVICE] [springCloudBus.anonymous.k7YPYHbOTJ2MiS6Bt0eXtg-4] o.s.a.r.c.CachingConnectionFactory       : Attempting to connect to: [localhost:5672]
2025-12-17T00:09:35.421+05:30  WARN 4824 --- [ORDER-SERVICE] [springCloudBus.anonymous.k7YPYHbOTJ2MiS6Bt0eXtg-4] o.s.a.r.l.SimpleMessageListenerContainer : Consumer raised exception, processing can restart if the connection factory supports it. Exception summary: org.springframework.amqp.AmqpConnectException: java.net.ConnectException: Connection refused: getsockopt
2025-12-17T00:09:35.421+05:30  INFO 4824 --- [ORDER-SERVICE] [springCloudBus.anonymous.k7YPYHbOTJ2MiS6Bt0eXtg-4] o.s.a.r.l.SimpleMessageListenerContainer : Restarting Consumer@2d94ab7a: tags=[[]], channel=null, acknowledgeMode=AUTO local queue size=0
2025-12-17T00:09:35.422+05:30  INFO 4824 --- [ORDER-SERVICE] [springCloudBus.anonymous.k7YPYHbOTJ2MiS6Bt0eXtg-5] o.s.a.r.c.CachingConnectionFactory       : Attempting to connect to: [localhost:5672]
2025-12-17T00:09:40.521+05:30  WARN 4824 --- [ORDER-SERVICE] [springCloudBus.anonymous.k7YPYHbOTJ2MiS6Bt0eXtg-5] o.s.a.r.l.SimpleMessageListenerContainer : Consumer raised exception, processing can restart if the connection factory supports it. Exception summary: org.springframework.amqp.AmqpConnectException: java.net.ConnectException: Connection refused: getsockopt
2025-12-17T00:09:40.522+05:30  INFO 4824 --- [ORDER-SERVICE] [springCloudBus.anonymous.k7YPYHbOTJ2MiS6Bt0eXtg-5] o.s.a.r.l.SimpleMessageListenerContainer : Restarting Consumer@696769f1: tags=[[]], channel=null, acknowledgeMode=AUTO local queue size=0
2025-12-17T00:09:40.526+05:30  INFO 4824 --- [ORDER-SERVICE] [springCloudBus.anonymous.k7YPYHbOTJ2MiS6Bt0eXtg-6] o.s.a.r.c.CachingConnectionFactory       : Attempting to connect to: [localhost:5672]
2025-12-17T00:09:45.704+05:30  WARN 4824 --- [ORDER-SERVICE] [springCloudBus.anonymous.k7YPYHbOTJ2MiS6Bt0eXtg-6] o.s.a.r.l.SimpleMessageListenerContainer : Consumer raised exception, processing can restart if the connection factory supports it. Exception summary: org.springframework.amqp.AmqpConnectException: java.net.ConnectException: Connection refused: getsockopt
2025-12-17T00:09:45.704+05:30  INFO 4824 --- [ORDER-SERVICE] [springCloudBus.anonymous.k7YPYHbOTJ2MiS6Bt0eXtg-6] o.s.a.r.l.SimpleMessageListenerContainer : Restarting Consumer@6641dc28: tags=[[]], channel=null, acknowledgeMode=AUTO local queue size=0
2025-12-17T00:09:45.706+05:30  INFO 4824 --- [ORDER-SERVICE] [springCloudBus.anonymous.k7YPYHbOTJ2MiS6Bt0eXtg-7] o.s.a.r.c.CachingConnectionFactory       : Attempting to connect to: [localhost:5672]
2025-12-17T00:09:50.893+05:30  WARN 4824 --- [ORDER-SERVICE] [springCloudBus.anonymous.k7YPYHbOTJ2MiS6Bt0eXtg-7] o.s.a.r.l.SimpleMessageListenerContainer : Consumer raised exception, processing can restart if the connection factory supports it. Exception summary: org.springframework.amqp.AmqpConnectException: java.net.ConnectException: Connection refused: getsockopt
2025-12-17T00:09:50.893+05:30  INFO 4824 --- [ORDER-SERVICE] [springCloudBus.anonymous.k7YPYHbOTJ2MiS6Bt0eXtg-7] o.s.a.r.l.SimpleMessageListenerContainer : Restarting Consumer@46804f37: tags=[[]], channel=null, acknowledgeMode=AUTO local queue size=0
2025-12-17T00:09:50.895+05:30  INFO 4824 --- [ORDER-SERVICE] [springCloudBus.anonymous.k7YPYHbOTJ2MiS6Bt0eXtg-8] o.s.a.r.c.CachingConnectionFactory       : Attempting to connect to: [localhost:5672]
2025-12-17T00:09:55.990+05:30  WARN 4824 --- [ORDER-SERVICE] [springCloudBus.anonymous.k7YPYHbOTJ2MiS6Bt0eXtg-8] o.s.a.r.l.SimpleMessageListenerContainer : Consumer raised exception, processing can restart if the connection factory supports it. Exception summary: org.springframework.amqp.AmqpConnectException: java.net.ConnectException: Connection refused: getsockopt
2025-12-17T00:09:55.991+05:30  INFO 4824 --- [ORDER-SERVICE] [springCloudBus.anonymous.k7YPYHbOTJ2MiS6Bt0eXtg-8] o.s.a.r.l.SimpleMessageListenerContainer : Restarting Consumer@2cf5ab59: tags=[[]], channel=null, acknowledgeMode=AUTO local queue size=0
2025-12-17T00:09:55.992+05:30  INFO 4824 --- [ORDER-SERVICE] [springCloudBus.anonymous.k7YPYHbOTJ2MiS6Bt0eXtg-9] o.s.a.r.c.CachingConnectionFactory       : Attempting to connect to: [localhost:5672]
2025-12-17T00:10:01.148+05:30  WARN 4824 --- [ORDER-SERVICE] [springCloudBus.anonymous.k7YPYHbOTJ2MiS6Bt0eXtg-9] o.s.a.r.l.SimpleMessageListenerContainer : Consumer raised exception, processing can restart if the connection factory supports it. Exception summary: org.springframework.amqp.AmqpConnectException: java.net.ConnectException: Connection refused: getsockopt
2025-12-17T00:10:01.149+05:30  INFO 4824 --- [ORDER-SERVICE] [springCloudBus.anonymous.k7YPYHbOTJ2MiS6Bt0eXtg-9] o.s.a.r.l.SimpleMessageListenerContainer : Restarting Consumer@7816defc: tags=[[]], channel=null, acknowledgeMode=AUTO local queue size=0
2025-12-17T00:10:01.152+05:30  INFO 4824 --- [ORDER-SERVICE] [springCloudBus.anonymous.k7YPYHbOTJ2MiS6Bt0eXtg-10] o.s.a.r.c.CachingConnectionFactory       : Attempting to connect to: [localhost:5672]
2025-12-17T00:10:06.225+05:30  WARN 4824 --- [ORDER-SERVICE] [springCloudBus.anonymous.k7YPYHbOTJ2MiS6Bt0eXtg-10] o.s.a.r.l.SimpleMessageListenerContainer : Consumer raised exception, processing can restart if the connection factory supports it. Exception summary: org.springframework.amqp.AmqpConnectException: java.net.ConnectException: Connection refused: getsockopt
2025-12-17T00:10:06.225+05:30  INFO 4824 --- [ORDER-SERVICE] [springCloudBus.anonymous.k7YPYHbOTJ2MiS6Bt0eXtg-10] o.s.a.r.l.SimpleMessageListenerContainer : Restarting Consumer@63c726b3: tags=[[]], channel=null, acknowledgeMode=AUTO local queue size=0
2025-12-17T00:10:06.227+05:30  INFO 4824 --- [ORDER-SERVICE] [springCloudBus.anonymous.k7YPYHbOTJ2MiS6Bt0eXtg-11] o.s.a.r.c.CachingConnectionFactory       : Attempting to connect to: [localhost:5672]
2025-12-17T00:10:11.334+05:30  WARN 4824 --- [ORDER-SERVICE] [springCloudBus.anonymous.k7YPYHbOTJ2MiS6Bt0eXtg-11] o.s.a.r.l.SimpleMessageListenerContainer : Consumer raised exception, processing can restart if the connection factory supports it. Exception summary: org.springframework.amqp.AmqpConnectException: java.net.ConnectException: Connection refused: getsockopt
2025-12-17T00:10:11.334+05:30  INFO 4824 --- [ORDER-SERVICE] [springCloudBus.anonymous.k7YPYHbOTJ2MiS6Bt0eXtg-11] o.s.a.r.l.SimpleMessageListenerContainer : Restarting Consumer@2aaa9f71: tags=[[]], channel=null, acknowledgeMode=AUTO local queue size=0
2025-12-17T00:10:11.336+05:30  INFO 4824 --- [ORDER-SERVICE] [springCloudBus.anonymous.k7YPYHbOTJ2MiS6Bt0eXtg-12] o.s.a.r.c.CachingConnectionFactory       : Attempting to connect to: [localhost:5672]
2025-12-17T00:10:16.525+05:30  WARN 4824 --- [ORDER-SERVICE] [springCloudBus.anonymous.k7YPYHbOTJ2MiS6Bt0eXtg-12] o.s.a.r.l.SimpleMessageListenerContainer : Consumer raised exception, processing can restart if the connection factory supports it. Exception summary: org.springframework.amqp.AmqpConnectException: java.net.ConnectException: Connection refused: getsockopt
2025-12-17T00:10:16.526+05:30  INFO 4824 --- [ORDER-SERVICE] [springCloudBus.anonymous.k7YPYHbOTJ2MiS6Bt0eXtg-12] o.s.a.r.l.SimpleMessageListenerContainer : Restarting Consumer@444ac0e: tags=[[]], channel=null, acknowledgeMode=AUTO local queue size=0
2025-12-17T00:10:16.529+05:30  INFO 4824 --- [ORDER-SERVICE] [springCloudBus.anonymous.k7YPYHbOTJ2MiS6Bt0eXtg-13] o.s.a.r.c.CachingConnectionFactory       : Attempting to connect to: [localhost:5672]
2025-12-17T00:10:21.627+05:30  WARN 4824 --- [ORDER-SERVICE] [springCloudBus.anonymous.k7YPYHbOTJ2MiS6Bt0eXtg-13] o.s.a.r.l.SimpleMessageListenerContainer : Consumer raised exception, processing can restart if the connection factory supports it. Exception summary: org.springframework.amqp.AmqpConnectException: java.net.ConnectException: Connection refused: getsockopt
2025-12-17T00:10:21.628+05:30  INFO 4824 --- [ORDER-SERVICE] [springCloudBus.anonymous.k7YPYHbOTJ2MiS6Bt0eXtg-13] o.s.a.r.l.SimpleMessageListenerContainer : Restarting Consumer@6ce50390: tags=[[]], channel=null, acknowledgeMode=AUTO local queue size=0
2025-12-17T00:10:21.630+05:30  INFO 4824 --- [ORDER-SERVICE] [springCloudBus.anonymous.k7YPYHbOTJ2MiS6Bt0eXtg-14] o.s.a.r.c.CachingConnectionFactory       : Attempting to connect to: [localhost:5672]
2025-12-17T00:10:26.755+05:30  WARN 4824 --- [ORDER-SERVICE] [springCloudBus.anonymous.k7YPYHbOTJ2MiS6Bt0eXtg-14] o.s.a.r.l.SimpleMessageListenerContainer : Consumer raised exception, processing can restart if the connection factory supports it. Exception summary: org.springframework.amqp.AmqpConnectException: java.net.ConnectException: Connection refused: getsockopt
2025-12-17T00:10:26.756+05:30  INFO 4824 --- [ORDER-SERVICE] [springCloudBus.anonymous.k7YPYHbOTJ2MiS6Bt0eXtg-14] o.s.a.r.l.SimpleMessageListenerContainer : Restarting Consumer@16138a9b: tags=[[]], channel=null, acknowledgeMode=AUTO local queue size=0
2025-12-17T00:10:26.760+05:30  INFO 4824 --- [ORDER-SERVICE] [springCloudBus.anonymous.k7YPYHbOTJ2MiS6Bt0eXtg-15] o.s.a.r.c.CachingConnectionFactory       : Attempting to connect to: [localhost:5672]
2025-12-17T00:10:31.990+05:30  WARN 4824 --- [ORDER-SERVICE] [springCloudBus.anonymous.k7YPYHbOTJ2MiS6Bt0eXtg-15] o.s.a.r.l.SimpleMessageListenerContainer : Consumer raised exception, processing can restart if the connection factory supports it. Exception summary: org.springframework.amqp.AmqpConnectException: java.net.ConnectException: Connection refused: getsockopt
2025-12-17T00:10:31.991+05:30  INFO 4824 --- [ORDER-SERVICE] [springCloudBus.anonymous.k7YPYHbOTJ2MiS6Bt0eXtg-15] o.s.a.r.l.SimpleMessageListenerContainer : Restarting Consumer@65743b11: tags=[[]], channel=null, acknowledgeMode=AUTO local queue size=0
2025-12-17T00:10:31.994+05:30  INFO 4824 --- [ORDER-SERVICE] [springCloudBus.anonymous.k7YPYHbOTJ2MiS6Bt0eXtg-16] o.s.a.r.c.CachingConnectionFactory       : Attempting to connect to: [localhost:5672]
2025-12-17T00:10:37.090+05:30  WARN 4824 --- [ORDER-SERVICE] [springCloudBus.anonymous.k7YPYHbOTJ2MiS6Bt0eXtg-16] o.s.a.r.l.SimpleMessageListenerContainer : Consumer raised exception, processing can restart if the connection factory supports it. Exception summary: org.springframework.amqp.AmqpConnectException: java.net.ConnectException: Connection refused: getsockopt
2025-12-17T00:10:37.091+05:30  INFO 4824 --- [ORDER-SERVICE] [springCloudBus.anonymous.k7YPYHbOTJ2MiS6Bt0eXtg-16] o.s.a.r.l.SimpleMessageListenerContainer : Restarting Consumer@7a5c701e: tags=[[]], channel=null, acknowledgeMode=AUTO local queue size=0
2025-12-17T00:10:37.094+05:30  INFO 4824 --- [ORDER-SERVICE] [springCloudBus.anonymous.k7YPYHbOTJ2MiS6Bt0eXtg-17] o.s.a.r.c.CachingConnectionFactory       : Attempting to connect to: [localhost:5672]
2025-12-17T00:10:42.223+05:30  WARN 4824 --- [ORDER-SERVICE] [springCloudBus.anonymous.k7YPYHbOTJ2MiS6Bt0eXtg-17] o.s.a.r.l.SimpleMessageListenerContainer : Consumer raised exception, processing can restart if the connection factory supports it. Exception summary: org.springframework.amqp.AmqpConnectException: java.net.ConnectException: Connection refused: getsockopt
2025-12-17T00:10:42.224+05:30  INFO 4824 --- [ORDER-SERVICE] [springCloudBus.anonymous.k7YPYHbOTJ2MiS6Bt0eXtg-17] o.s.a.r.l.SimpleMessageListenerContainer : Restarting Consumer@40f90927: tags=[[]], channel=null, acknowledgeMode=AUTO local queue size=0
2025-12-17T00:10:42.227+05:30  INFO 4824 --- [ORDER-SERVICE] [springCloudBus.anonymous.k7YPYHbOTJ2MiS6Bt0eXtg-18] o.s.a.r.c.CachingConnectionFactory       : Attempting to connect to: [localhost:5672]
2025-12-17T00:10:47.412+05:30  WARN 4824 --- [ORDER-SERVICE] [springCloudBus.anonymous.k7YPYHbOTJ2MiS6Bt0eXtg-18] o.s.a.r.l.SimpleMessageListenerContainer : Consumer raised exception, processing can restart if the connection factory supports it. Exception summary: org.springframework.amqp.AmqpConnectException: java.net.ConnectException: Connection refused: getsockopt
2025-12-17T00:10:47.412+05:30  INFO 4824 --- [ORDER-SERVICE] [springCloudBus.anonymous.k7YPYHbOTJ2MiS6Bt0eXtg-18] o.s.a.r.l.SimpleMessageListenerContainer : Restarting Consumer@49a71ebb: tags=[[]], channel=null, acknowledgeMode=AUTO local queue size=0
2025-12-17T00:10:47.414+05:30  INFO 4824 --- [ORDER-SERVICE] [springCloudBus.anonymous.k7YPYHbOTJ2MiS6Bt0eXtg-19] o.s.a.r.c.CachingConnectionFactory       : Attempting to connect to: [localhost:5672]
2025-12-17T00:10:52.495+05:30  WARN 4824 --- [ORDER-SERVICE] [springCloudBus.anonymous.k7YPYHbOTJ2MiS6Bt0eXtg-19] o.s.a.r.l.SimpleMessageListenerContainer : Consumer raised exception, processing can restart if the connection factory supports it. Exception summary: org.springframework.amqp.AmqpConnectException: java.net.ConnectException: Connection refused: getsockopt
2025-12-17T00:10:52.495+05:30  INFO 4824 --- [ORDER-SERVICE] [springCloudBus.anonymous.k7YPYHbOTJ2MiS6Bt0eXtg-19] o.s.a.r.l.SimpleMessageListenerContainer : Restarting Consumer@256e41ff: tags=[[]], channel=null, acknowledgeMode=AUTO local queue size=0
2025-12-17T00:10:52.498+05:30  INFO 4824 --- [ORDER-SERVICE] [springCloudBus.anonymous.k7YPYHbOTJ2MiS6Bt0eXtg-20] o.s.a.r.c.CachingConnectionFactory       : Attempting to connect to: [localhost:5672]
2025-12-17T00:10:57.585+05:30  WARN 4824 --- [ORDER-SERVICE] [springCloudBus.anonymous.k7YPYHbOTJ2MiS6Bt0eXtg-20] o.s.a.r.l.SimpleMessageListenerContainer : Consumer raised exception, processing can restart if the connection factory supports it. Exception summary: org.springframework.amqp.AmqpConnectException: java.net.ConnectException: Connection refused: getsockopt
2025-12-17T00:10:57.585+05:30  INFO 4824 --- [ORDER-SERVICE] [springCloudBus.anonymous.k7YPYHbOTJ2MiS6Bt0eXtg-20] o.s.a.r.l.SimpleMessageListenerContainer : Restarting Consumer@6d4f980f: tags=[[]], channel=null, acknowledgeMode=AUTO local queue size=0
2025-12-17T00:10:57.588+05:30  INFO 4824 --- [ORDER-SERVICE] [springCloudBus.anonymous.k7YPYHbOTJ2MiS6Bt0eXtg-21] o.s.a.r.c.CachingConnectionFactory       : Attempting to connect to: [localhost:5672]
2025-12-17T00:11:02.675+05:30  WARN 4824 --- [ORDER-SERVICE] [springCloudBus.anonymous.k7YPYHbOTJ2MiS6Bt0eXtg-21] o.s.a.r.l.SimpleMessageListenerContainer : Consumer raised exception, processing can restart if the connection factory supports it. Exception summary: org.springframework.amqp.AmqpConnectException: java.net.ConnectException: Connection refused: getsockopt
2025-12-17T00:11:02.677+05:30  INFO 4824 --- [ORDER-SERVICE] [springCloudBus.anonymous.k7YPYHbOTJ2MiS6Bt0eXtg-21] o.s.a.r.l.SimpleMessageListenerContainer : Restarting Consumer@72263a43: tags=[[]], channel=null, acknowledgeMode=AUTO local queue size=0
2025-12-17T00:11:02.680+05:30  INFO 4824 --- [ORDER-SERVICE] [springCloudBus.anonymous.k7YPYHbOTJ2MiS6Bt0eXtg-22] o.s.a.r.c.CachingConnectionFactory       : Attempting to connect to: [localhost:5672]
2025-12-17T00:11:07.782+05:30  WARN 4824 --- [ORDER-SERVICE] [springCloudBus.anonymous.k7YPYHbOTJ2MiS6Bt0eXtg-22] o.s.a.r.l.SimpleMessageListenerContainer : Consumer raised exception, processing can restart if the connection factory supports it. Exception summary: org.springframework.amqp.AmqpConnectException: java.net.ConnectException: Connection refused: getsockopt
2025-12-17T00:11:07.783+05:30  INFO 4824 --- [ORDER-SERVICE] [springCloudBus.anonymous.k7YPYHbOTJ2MiS6Bt0eXtg-22] o.s.a.r.l.SimpleMessageListenerContainer : Restarting Consumer@1b9f9b56: tags=[[]], channel=null, acknowledgeMode=AUTO local queue size=0
2025-12-17T00:11:07.788+05:30  INFO 4824 --- [ORDER-SERVICE] [springCloudBus.anonymous.k7YPYHbOTJ2MiS6Bt0eXtg-23] o.s.a.r.c.CachingConnectionFactory       : Attempting to connect to: [localhost:5672]
2025-12-17T00:11:12.891+05:30  WARN 4824 --- [ORDER-SERVICE] [springCloudBus.anonymous.k7YPYHbOTJ2MiS6Bt0eXtg-23] o.s.a.r.l.SimpleMessageListenerContainer : Consumer raised exception, processing can restart if the connection factory supports it. Exception summary: org.springframework.amqp.AmqpConnectException: java.net.ConnectException: Connection refused: getsockopt
2025-12-17T00:11:12.892+05:30  INFO 4824 --- [ORDER-SERVICE] [springCloudBus.anonymous.k7YPYHbOTJ2MiS6Bt0eXtg-23] o.s.a.r.l.SimpleMessageListenerContainer : Restarting Consumer@42ef6d8b: tags=[[]], channel=null, acknowledgeMode=AUTO local queue size=0
2025-12-17T00:11:12.895+05:30  INFO 4824 --- [ORDER-SERVICE] [springCloudBus.anonymous.k7YPYHbOTJ2MiS6Bt0eXtg-24] o.s.a.r.c.CachingConnectionFactory       : Attempting to connect to: [localhost:5672]
2025-12-17T00:11:18.047+05:30  WARN 4824 --- [ORDER-SERVICE] [springCloudBus.anonymous.k7YPYHbOTJ2MiS6Bt0eXtg-24] o.s.a.r.l.SimpleMessageListenerContainer : Consumer raised exception, processing can restart if the connection factory supports it. Exception summary: org.springframework.amqp.AmqpConnectException: java.net.ConnectException: Connection refused: getsockopt
2025-12-17T00:11:18.048+05:30  INFO 4824 --- [ORDER-SERVICE] [springCloudBus.anonymous.k7YPYHbOTJ2MiS6Bt0eXtg-24] o.s.a.r.l.SimpleMessageListenerContainer : Restarting Consumer@12a2db64: tags=[[]], channel=null, acknowledgeMode=AUTO local queue size=0
2025-12-17T00:11:18.051+05:30  INFO 4824 --- [ORDER-SERVICE] [springCloudBus.anonymous.k7YPYHbOTJ2MiS6Bt0eXtg-25] o.s.a.r.c.CachingConnectionFactory       : Attempting to connect to: [localhost:5672]
2025-12-17T00:11:23.154+05:30  WARN 4824 --- [ORDER-SERVICE] [springCloudBus.anonymous.k7YPYHbOTJ2MiS6Bt0eXtg-25] o.s.a.r.l.SimpleMessageListenerContainer : Consumer raised exception, processing can restart if the connection factory supports it. Exception summary: org.springframework.amqp.AmqpConnectException: java.net.ConnectException: Connection refused: getsockopt
2025-12-17T00:11:23.155+05:30  INFO 4824 --- [ORDER-SERVICE] [springCloudBus.anonymous.k7YPYHbOTJ2MiS6Bt0eXtg-25] o.s.a.r.l.SimpleMessageListenerContainer : Restarting Consumer@6e289287: tags=[[]], channel=null, acknowledgeMode=AUTO local queue size=0
2025-12-17T00:11:23.157+05:30  INFO 4824 --- [ORDER-SERVICE] [springCloudBus.anonymous.k7YPYHbOTJ2MiS6Bt0eXtg-26] o.s.a.r.c.CachingConnectionFactory       : Attempting to connect to: [localhost:5672]
2025-12-17T00:11:28.252+05:30  WARN 4824 --- [ORDER-SERVICE] [springCloudBus.anonymous.k7YPYHbOTJ2MiS6Bt0eXtg-26] o.s.a.r.l.SimpleMessageListenerContainer : Consumer raised exception, processing can restart if the connection factory supports it. Exception summary: org.springframework.amqp.AmqpConnectException: java.net.ConnectException: Connection refused: getsockopt
2025-12-17T00:11:28.254+05:30  INFO 4824 --- [ORDER-SERVICE] [springCloudBus.anonymous.k7YPYHbOTJ2MiS6Bt0eXtg-26] o.s.a.r.l.SimpleMessageListenerContainer : Restarting Consumer@27074a5f: tags=[[]], channel=null, acknowledgeMode=AUTO local queue size=0
2025-12-17T00:11:28.257+05:30  INFO 4824 --- [ORDER-SERVICE] [springCloudBus.anonymous.k7YPYHbOTJ2MiS6Bt0eXtg-27] o.s.a.r.c.CachingConnectionFactory       : Attempting to connect to: [localhost:5672]
2025-12-17T00:11:33.410+05:30  WARN 4824 --- [ORDER-SERVICE] [springCloudBus.anonymous.k7YPYHbOTJ2MiS6Bt0eXtg-27] o.s.a.r.l.SimpleMessageListenerContainer : Consumer raised exception, processing can restart if the connection factory supports it. Exception summary: org.springframework.amqp.AmqpConnectException: java.net.ConnectException: Connection refused: getsockopt
2025-12-17T00:11:33.410+05:30  INFO 4824 --- [ORDER-SERVICE] [springCloudBus.anonymous.k7YPYHbOTJ2MiS6Bt0eXtg-27] o.s.a.r.l.SimpleMessageListenerContainer : Restarting Consumer@7b2b0702: tags=[[]], channel=null, acknowledgeMode=AUTO local queue size=0
2025-12-17T00:11:33.411+05:30  INFO 4824 --- [ORDER-SERVICE] [springCloudBus.anonymous.k7YPYHbOTJ2MiS6Bt0eXtg-28] o.s.a.r.c.CachingConnectionFactory       : Attempting to connect to: [localhost:5672]
2025-12-17T00:11:38.484+05:30  WARN 4824 --- [ORDER-SERVICE] [springCloudBus.anonymous.k7YPYHbOTJ2MiS6Bt0eXtg-28] o.s.a.r.l.SimpleMessageListenerContainer : Consumer raised exception, processing can restart if the connection factory supports it. Exception summary: org.springframework.amqp.AmqpConnectException: java.net.ConnectException: Connection refused: getsockopt
2025-12-17T00:11:38.484+05:30  INFO 4824 --- [ORDER-SERVICE] [springCloudBus.anonymous.k7YPYHbOTJ2MiS6Bt0eXtg-28] o.s.a.r.l.SimpleMessageListenerContainer : Restarting Consumer@2d0132ca: tags=[[]], channel=null, acknowledgeMode=AUTO local queue size=0
2025-12-17T00:11:38.486+05:30  INFO 4824 --- [ORDER-SERVICE] [springCloudBus.anonymous.k7YPYHbOTJ2MiS6Bt0eXtg-29] o.s.a.r.c.CachingConnectionFactory       : Attempting to connect to: [localhost:5672]
2025-12-17T00:11:43.585+05:30  WARN 4824 --- [ORDER-SERVICE] [springCloudBus.anonymous.k7YPYHbOTJ2MiS6Bt0eXtg-29] o.s.a.r.l.SimpleMessageListenerContainer : Consumer raised exception, processing can restart if the connection factory supports it. Exception summary: org.springframework.amqp.AmqpConnectException: java.net.ConnectException: Connection refused: getsockopt
2025-12-17T00:11:43.586+05:30  INFO 4824 --- [ORDER-SERVICE] [springCloudBus.anonymous.k7YPYHbOTJ2MiS6Bt0eXtg-29] o.s.a.r.l.SimpleMessageListenerContainer : Restarting Consumer@51844c78: tags=[[]], channel=null, acknowledgeMode=AUTO local queue size=0
2025-12-17T00:11:43.589+05:30  INFO 4824 --- [ORDER-SERVICE] [springCloudBus.anonymous.k7YPYHbOTJ2MiS6Bt0eXtg-30] o.s.a.r.c.CachingConnectionFactory       : Attempting to connect to: [localhost:5672]
2025-12-17T00:11:48.680+05:30  WARN 4824 --- [ORDER-SERVICE] [springCloudBus.anonymous.k7YPYHbOTJ2MiS6Bt0eXtg-30] o.s.a.r.l.SimpleMessageListenerContainer : Consumer raised exception, processing can restart if the connection factory supports it. Exception summary: org.springframework.amqp.AmqpConnectException: java.net.ConnectException: Connection refused: getsockopt
2025-12-17T00:11:48.681+05:30  INFO 4824 --- [ORDER-SERVICE] [springCloudBus.anonymous.k7YPYHbOTJ2MiS6Bt0eXtg-30] o.s.a.r.l.SimpleMessageListenerContainer : Restarting Consumer@3c135b65: tags=[[]], channel=null, acknowledgeMode=AUTO local queue size=0
2025-12-17T00:11:48.685+05:30  INFO 4824 --- [ORDER-SERVICE] [springCloudBus.anonymous.k7YPYHbOTJ2MiS6Bt0eXtg-31] o.s.a.r.c.CachingConnectionFactory       : Attempting to connect to: [localhost:5672]
2025-12-17T00:11:53.766+05:30  WARN 4824 --- [ORDER-SERVICE] [springCloudBus.anonymous.k7YPYHbOTJ2MiS6Bt0eXtg-31] o.s.a.r.l.SimpleMessageListenerContainer : Consumer raised exception, processing can restart if the connection factory supports it. Exception summary: org.springframework.amqp.AmqpConnectException: java.net.ConnectException: Connection refused: getsockopt
2025-12-17T00:11:53.766+05:30  INFO 4824 --- [ORDER-SERVICE] [springCloudBus.anonymous.k7YPYHbOTJ2MiS6Bt0eXtg-31] o.s.a.r.l.SimpleMessageListenerContainer : Restarting Consumer@40146401: tags=[[]], channel=null, acknowledgeMode=AUTO local queue size=0
2025-12-17T00:11:53.769+05:30  INFO 4824 --- [ORDER-SERVICE] [springCloudBus.anonymous.k7YPYHbOTJ2MiS6Bt0eXtg-32] o.s.a.r.c.CachingConnectionFactory       : Attempting to connect to: [localhost:5672]
2025-12-17T00:11:58.895+05:30  WARN 4824 --- [ORDER-SERVICE] [springCloudBus.anonymous.k7YPYHbOTJ2MiS6Bt0eXtg-32] o.s.a.r.l.SimpleMessageListenerContainer : Consumer raised exception, processing can restart if the connection factory supports it. Exception summary: org.springframework.amqp.AmqpConnectException: java.net.ConnectException: Connection refused: getsockopt
2025-12-17T00:11:58.896+05:30  INFO 4824 --- [ORDER-SERVICE] [springCloudBus.anonymous.k7YPYHbOTJ2MiS6Bt0eXtg-32] o.s.a.r.l.SimpleMessageListenerContainer : Restarting Consumer@4968c981: tags=[[]], channel=null, acknowledgeMode=AUTO local queue size=0
2025-12-17T00:11:58.898+05:30  INFO 4824 --- [ORDER-SERVICE] [springCloudBus.anonymous.k7YPYHbOTJ2MiS6Bt0eXtg-33] o.s.a.r.c.CachingConnectionFactory       : Attempting to connect to: [localhost:5672]
2025-12-17T00:12:04.045+05:30  WARN 4824 --- [ORDER-SERVICE] [springCloudBus.anonymous.k7YPYHbOTJ2MiS6Bt0eXtg-33] o.s.a.r.l.SimpleMessageListenerContainer : Consumer raised exception, processing can restart if the connection factory supports it. Exception summary: org.springframework.amqp.AmqpConnectException: java.net.ConnectException: Connection refused: getsockopt
2025-12-17T00:12:04.046+05:30  INFO 4824 --- [ORDER-SERVICE] [springCloudBus.anonymous.k7YPYHbOTJ2MiS6Bt0eXtg-33] o.s.a.r.l.SimpleMessageListenerContainer : Restarting Consumer@7daefcf2: tags=[[]], channel=null, acknowledgeMode=AUTO local queue size=0
2025-12-17T00:12:04.049+05:30  INFO 4824 --- [ORDER-SERVICE] [springCloudBus.anonymous.k7YPYHbOTJ2MiS6Bt0eXtg-34] o.s.a.r.c.CachingConnectionFactory       : Attempting to connect to: [localhost:5672]
2025-12-17T00:12:09.150+05:30  WARN 4824 --- [ORDER-SERVICE] [springCloudBus.anonymous.k7YPYHbOTJ2MiS6Bt0eXtg-34] o.s.a.r.l.SimpleMessageListenerContainer : Consumer raised exception, processing can restart if the connection factory supports it. Exception summary: org.springframework.amqp.AmqpConnectException: java.net.ConnectException: Connection refused: getsockopt
2025-12-17T00:12:09.150+05:30  INFO 4824 --- [ORDER-SERVICE] [springCloudBus.anonymous.k7YPYHbOTJ2MiS6Bt0eXtg-34] o.s.a.r.l.SimpleMessageListenerContainer : Restarting Consumer@ce33ff5: tags=[[]], channel=null, acknowledgeMode=AUTO local queue size=0
2025-12-17T00:12:09.155+05:30  INFO 4824 --- [ORDER-SERVICE] [springCloudBus.anonymous.k7YPYHbOTJ2MiS6Bt0eXtg-35] o.s.a.r.c.CachingConnectionFactory       : Attempting to connect to: [localhost:5672]
2025-12-17T00:12:14.305+05:30  WARN 4824 --- [ORDER-SERVICE] [springCloudBus.anonymous.k7YPYHbOTJ2MiS6Bt0eXtg-35] o.s.a.r.l.SimpleMessageListenerContainer : Consumer raised exception, processing can restart if the connection factory supports it. Exception summary: org.springframework.amqp.AmqpConnectException: java.net.ConnectException: Connection refused: getsockopt
2025-12-17T00:12:14.305+05:30  INFO 4824 --- [ORDER-SERVICE] [springCloudBus.anonymous.k7YPYHbOTJ2MiS6Bt0eXtg-35] o.s.a.r.l.SimpleMessageListenerContainer : Restarting Consumer@67f27536: tags=[[]], channel=null, acknowledgeMode=AUTO local queue size=0
2025-12-17T00:12:14.310+05:30  INFO 4824 --- [ORDER-SERVICE] [springCloudBus.anonymous.k7YPYHbOTJ2MiS6Bt0eXtg-36] o.s.a.r.c.CachingConnectionFactory       : Attempting to connect to: [localhost:5672]
2025-12-17T00:12:19.467+05:30  WARN 4824 --- [ORDER-SERVICE] [springCloudBus.anonymous.k7YPYHbOTJ2MiS6Bt0eXtg-36] o.s.a.r.l.SimpleMessageListenerContainer : Consumer raised exception, processing can restart if the connection factory supports it. Exception summary: org.springframework.amqp.AmqpConnectException: java.net.ConnectException: Connection refused: getsockopt
2025-12-17T00:12:19.467+05:30  INFO 4824 --- [ORDER-SERVICE] [springCloudBus.anonymous.k7YPYHbOTJ2MiS6Bt0eXtg-36] o.s.a.r.l.SimpleMessageListenerContainer : Restarting Consumer@680690aa: tags=[[]], channel=null, acknowledgeMode=AUTO local queue size=0
2025-12-17T00:12:19.473+05:30  INFO 4824 --- [ORDER-SERVICE] [springCloudBus.anonymous.k7YPYHbOTJ2MiS6Bt0eXtg-37] o.s.a.r.c.CachingConnectionFactory       : Attempting to connect to: [localhost:5672]
2025-12-17T00:12:24.666+05:30  WARN 4824 --- [ORDER-SERVICE] [springCloudBus.anonymous.k7YPYHbOTJ2MiS6Bt0eXtg-37] o.s.a.r.l.SimpleMessageListenerContainer : Consumer raised exception, processing can restart if the connection factory supports it. Exception summary: org.springframework.amqp.AmqpConnectException: java.net.ConnectException: Connection refused: getsockopt
2025-12-17T00:12:24.667+05:30  INFO 4824 --- [ORDER-SERVICE] [springCloudBus.anonymous.k7YPYHbOTJ2MiS6Bt0eXtg-37] o.s.a.r.l.SimpleMessageListenerContainer : Restarting Consumer@6ff44d01: tags=[[]], channel=null, acknowledgeMode=AUTO local queue size=0
2025-12-17T00:12:24.670+05:30  INFO 4824 --- [ORDER-SERVICE] [springCloudBus.anonymous.k7YPYHbOTJ2MiS6Bt0eXtg-38] o.s.a.r.c.CachingConnectionFactory       : Attempting to connect to: [localhost:5672]
2025-12-17T00:12:29.847+05:30  WARN 4824 --- [ORDER-SERVICE] [springCloudBus.anonymous.k7YPYHbOTJ2MiS6Bt0eXtg-38] o.s.a.r.l.SimpleMessageListenerContainer : Consumer raised exception, processing can restart if the connection factory supports it. Exception summary: org.springframework.amqp.AmqpConnectException: java.net.ConnectException: Connection refused: getsockopt
2025-12-17T00:12:29.848+05:30  INFO 4824 --- [ORDER-SERVICE] [springCloudBus.anonymous.k7YPYHbOTJ2MiS6Bt0eXtg-38] o.s.a.r.l.SimpleMessageListenerContainer : Restarting Consumer@2bf28202: tags=[[]], channel=null, acknowledgeMode=AUTO local queue size=0
2025-12-17T00:12:29.850+05:30  INFO 4824 --- [ORDER-SERVICE] [springCloudBus.anonymous.k7YPYHbOTJ2MiS6Bt0eXtg-39] o.s.a.r.c.CachingConnectionFactory       : Attempting to connect to: [localhost:5672]
2025-12-17T00:12:34.944+05:30  WARN 4824 --- [ORDER-SERVICE] [springCloudBus.anonymous.k7YPYHbOTJ2MiS6Bt0eXtg-39] o.s.a.r.l.SimpleMessageListenerContainer : Consumer raised exception, processing can restart if the connection factory supports it. Exception summary: org.springframework.amqp.AmqpConnectException: java.net.ConnectException: Connection refused: getsockopt
2025-12-17T00:12:34.946+05:30  INFO 4824 --- [ORDER-SERVICE] [springCloudBus.anonymous.k7YPYHbOTJ2MiS6Bt0eXtg-39] o.s.a.r.l.SimpleMessageListenerContainer : Restarting Consumer@3381594e: tags=[[]], channel=null, acknowledgeMode=AUTO local queue size=0
2025-12-17T00:12:34.957+05:30  INFO 4824 --- [ORDER-SERVICE] [springCloudBus.anonymous.k7YPYHbOTJ2MiS6Bt0eXtg-40] o.s.a.r.c.CachingConnectionFactory       : Attempting to connect to: [localhost:5672]
2025-12-17T00:12:40.148+05:30  WARN 4824 --- [ORDER-SERVICE] [springCloudBus.anonymous.k7YPYHbOTJ2MiS6Bt0eXtg-40] o.s.a.r.l.SimpleMessageListenerContainer : Consumer raised exception, processing can restart if the connection factory supports it. Exception summary: org.springframework.amqp.AmqpConnectException: java.net.ConnectException: Connection refused: getsockopt
2025-12-17T00:12:40.149+05:30  INFO 4824 --- [ORDER-SERVICE] [springCloudBus.anonymous.k7YPYHbOTJ2MiS6Bt0eXtg-40] o.s.a.r.l.SimpleMessageListenerContainer : Restarting Consumer@6ec1143e: tags=[[]], channel=null, acknowledgeMode=AUTO local queue size=0
2025-12-17T00:12:40.152+05:30  INFO 4824 --- [ORDER-SERVICE] [springCloudBus.anonymous.k7YPYHbOTJ2MiS6Bt0eXtg-41] o.s.a.r.c.CachingConnectionFactory       : Attempting to connect to: [localhost:5672]
2025-12-17T00:12:45.229+05:30  WARN 4824 --- [ORDER-SERVICE] [springCloudBus.anonymous.k7YPYHbOTJ2MiS6Bt0eXtg-41] o.s.a.r.l.SimpleMessageListenerContainer : Consumer raised exception, processing can restart if the connection factory supports it. Exception summary: org.springframework.amqp.AmqpConnectException: java.net.ConnectException: Connection refused: getsockopt
2025-12-17T00:12:45.280+05:30  INFO 4824 --- [ORDER-SERVICE] [springCloudBus.anonymous.k7YPYHbOTJ2MiS6Bt0eXtg-41] o.s.a.r.l.SimpleMessageListenerContainer : Restarting Consumer@4d994861: tags=[[]], channel=null, acknowledgeMode=AUTO local queue size=0
2025-12-17T00:12:45.307+05:30  INFO 4824 --- [ORDER-SERVICE] [springCloudBus.anonymous.k7YPYHbOTJ2MiS6Bt0eXtg-42] o.s.a.r.c.CachingConnectionFactory       : Attempting to connect to: [localhost:5672]
2025-12-17T00:12:50.453+05:30  WARN 4824 --- [ORDER-SERVICE] [springCloudBus.anonymous.k7YPYHbOTJ2MiS6Bt0eXtg-42] o.s.a.r.l.SimpleMessageListenerContainer : Consumer raised exception, processing can restart if the connection factory supports it. Exception summary: org.springframework.amqp.AmqpConnectException: java.net.ConnectException: Connection refused: getsockopt
2025-12-17T00:12:50.454+05:30  INFO 4824 --- [ORDER-SERVICE] [springCloudBus.anonymous.k7YPYHbOTJ2MiS6Bt0eXtg-42] o.s.a.r.l.SimpleMessageListenerContainer : Restarting Consumer@296a6de8: tags=[[]], channel=null, acknowledgeMode=AUTO local queue size=0
2025-12-17T00:12:50.461+05:30  INFO 4824 --- [ORDER-SERVICE] [springCloudBus.anonymous.k7YPYHbOTJ2MiS6Bt0eXtg-43] o.s.a.r.c.CachingConnectionFactory       : Attempting to connect to: [localhost:5672]
2025-12-17T00:12:55.623+05:30  WARN 4824 --- [ORDER-SERVICE] [springCloudBus.anonymous.k7YPYHbOTJ2MiS6Bt0eXtg-43] o.s.a.r.l.SimpleMessageListenerContainer : Consumer raised exception, processing can restart if the connection factory supports it. Exception summary: org.springframework.amqp.AmqpConnectException: java.net.ConnectException: Connection refused: getsockopt
2025-12-17T00:12:55.624+05:30  INFO 4824 --- [ORDER-SERVICE] [springCloudBus.anonymous.k7YPYHbOTJ2MiS6Bt0eXtg-43] o.s.a.r.l.SimpleMessageListenerContainer : Restarting Consumer@d240a77: tags=[[]], channel=null, acknowledgeMode=AUTO local queue size=0
2025-12-17T00:12:55.627+05:30  INFO 4824 --- [ORDER-SERVICE] [springCloudBus.anonymous.k7YPYHbOTJ2MiS6Bt0eXtg-44] o.s.a.r.c.CachingConnectionFactory       : Attempting to connect to: [localhost:5672]
2025-12-17T00:13:00.743+05:30  WARN 4824 --- [ORDER-SERVICE] [springCloudBus.anonymous.k7YPYHbOTJ2MiS6Bt0eXtg-44] o.s.a.r.l.SimpleMessageListenerContainer : Consumer raised exception, processing can restart if the connection factory supports it. Exception summary: org.springframework.amqp.AmqpConnectException: java.net.ConnectException: Connection refused: getsockopt
2025-12-17T00:13:00.744+05:30  INFO 4824 --- [ORDER-SERVICE] [springCloudBus.anonymous.k7YPYHbOTJ2MiS6Bt0eXtg-44] o.s.a.r.l.SimpleMessageListenerContainer : Restarting Consumer@57eb7046: tags=[[]], channel=null, acknowledgeMode=AUTO local queue size=0
2025-12-17T00:13:00.746+05:30  INFO 4824 --- [ORDER-SERVICE] [springCloudBus.anonymous.k7YPYHbOTJ2MiS6Bt0eXtg-45] o.s.a.r.c.CachingConnectionFactory       : Attempting to connect to: [localhost:5672]
2025-12-17T00:13:05.886+05:30  WARN 4824 --- [ORDER-SERVICE] [springCloudBus.anonymous.k7YPYHbOTJ2MiS6Bt0eXtg-45] o.s.a.r.l.SimpleMessageListenerContainer : Consumer raised exception, processing can restart if the connection factory supports it. Exception summary: org.springframework.amqp.AmqpConnectException: java.net.ConnectException: Connection refused: getsockopt
2025-12-17T00:13:05.887+05:30  INFO 4824 --- [ORDER-SERVICE] [springCloudBus.anonymous.k7YPYHbOTJ2MiS6Bt0eXtg-45] o.s.a.r.l.SimpleMessageListenerContainer : Restarting Consumer@2be91b14: tags=[[]], channel=null, acknowledgeMode=AUTO local queue size=0
2025-12-17T00:13:05.891+05:30  INFO 4824 --- [ORDER-SERVICE] [springCloudBus.anonymous.k7YPYHbOTJ2MiS6Bt0eXtg-46] o.s.a.r.c.CachingConnectionFactory       : Attempting to connect to: [localhost:5672]
2025-12-17T00:13:11.058+05:30  WARN 4824 --- [ORDER-SERVICE] [springCloudBus.anonymous.k7YPYHbOTJ2MiS6Bt0eXtg-46] o.s.a.r.l.SimpleMessageListenerContainer : Consumer raised exception, processing can restart if the connection factory supports it. Exception summary: org.springframework.amqp.AmqpConnectException: java.net.ConnectException: Connection refused: getsockopt
2025-12-17T00:13:11.058+05:30  INFO 4824 --- [ORDER-SERVICE] [springCloudBus.anonymous.k7YPYHbOTJ2MiS6Bt0eXtg-46] o.s.a.r.l.SimpleMessageListenerContainer : Restarting Consumer@5c2fcbea: tags=[[]], channel=null, acknowledgeMode=AUTO local queue size=0
2025-12-17T00:13:11.061+05:30  INFO 4824 --- [ORDER-SERVICE] [springCloudBus.anonymous.k7YPYHbOTJ2MiS6Bt0eXtg-47] o.s.a.r.c.CachingConnectionFactory       : Attempting to connect to: [localhost:5672]
2025-12-17T00:13:16.203+05:30  WARN 4824 --- [ORDER-SERVICE] [springCloudBus.anonymous.k7YPYHbOTJ2MiS6Bt0eXtg-47] o.s.a.r.l.SimpleMessageListenerContainer : Consumer raised exception, processing can restart if the connection factory supports it. Exception summary: org.springframework.amqp.AmqpConnectException: java.net.ConnectException: Connection refused: getsockopt
2025-12-17T00:13:16.203+05:30  INFO 4824 --- [ORDER-SERVICE] [springCloudBus.anonymous.k7YPYHbOTJ2MiS6Bt0eXtg-47] o.s.a.r.l.SimpleMessageListenerContainer : Restarting Consumer@12203bad: tags=[[]], channel=null, acknowledgeMode=AUTO local queue size=0
2025-12-17T00:13:16.207+05:30  INFO 4824 --- [ORDER-SERVICE] [springCloudBus.anonymous.k7YPYHbOTJ2MiS6Bt0eXtg-48] o.s.a.r.c.CachingConnectionFactory       : Attempting to connect to: [localhost:5672]
2025-12-17T00:13:21.350+05:30  WARN 4824 --- [ORDER-SERVICE] [springCloudBus.anonymous.k7YPYHbOTJ2MiS6Bt0eXtg-48] o.s.a.r.l.SimpleMessageListenerContainer : Consumer raised exception, processing can restart if the connection factory supports it. Exception summary: org.springframework.amqp.AmqpConnectException: java.net.ConnectException: Connection refused: getsockopt
2025-12-17T00:13:21.351+05:30  INFO 4824 --- [ORDER-SERVICE] [springCloudBus.anonymous.k7YPYHbOTJ2MiS6Bt0eXtg-48] o.s.a.r.l.SimpleMessageListenerContainer : Restarting Consumer@11982a21: tags=[[]], channel=null, acknowledgeMode=AUTO local queue size=0
2025-12-17T00:13:21.354+05:30  INFO 4824 --- [ORDER-SERVICE] [springCloudBus.anonymous.k7YPYHbOTJ2MiS6Bt0eXtg-49] o.s.a.r.c.CachingConnectionFactory       : Attempting to connect to: [localhost:5672]
2025-12-17T00:13:26.469+05:30  WARN 4824 --- [ORDER-SERVICE] [springCloudBus.anonymous.k7YPYHbOTJ2MiS6Bt0eXtg-49] o.s.a.r.l.SimpleMessageListenerContainer : Consumer raised exception, processing can restart if the connection factory supports it. Exception summary: org.springframework.amqp.AmqpConnectException: java.net.ConnectException: Connection refused: getsockopt
2025-12-17T00:13:26.470+05:30  INFO 4824 --- [ORDER-SERVICE] [springCloudBus.anonymous.k7YPYHbOTJ2MiS6Bt0eXtg-49] o.s.a.r.l.SimpleMessageListenerContainer : Restarting Consumer@4cfac246: tags=[[]], channel=null, acknowledgeMode=AUTO local queue size=0
2025-12-17T00:13:26.474+05:30  INFO 4824 --- [ORDER-SERVICE] [springCloudBus.anonymous.k7YPYHbOTJ2MiS6Bt0eXtg-50] o.s.a.r.c.CachingConnectionFactory       : Attempting to connect to: [localhost:5672]
2025-12-17T00:13:31.563+05:30  WARN 4824 --- [ORDER-SERVICE] [springCloudBus.anonymous.k7YPYHbOTJ2MiS6Bt0eXtg-50] o.s.a.r.l.SimpleMessageListenerContainer : Consumer raised exception, processing can restart if the connection factory supports it. Exception summary: org.springframework.amqp.AmqpConnectException: java.net.ConnectException: Connection refused: getsockopt
2025-12-17T00:13:31.564+05:30  INFO 4824 --- [ORDER-SERVICE] [springCloudBus.anonymous.k7YPYHbOTJ2MiS6Bt0eXtg-50] o.s.a.r.l.SimpleMessageListenerContainer : Restarting Consumer@af8de24: tags=[[]], channel=null, acknowledgeMode=AUTO local queue size=0
2025-12-17T00:13:31.567+05:30  INFO 4824 --- [ORDER-SERVICE] [springCloudBus.anonymous.k7YPYHbOTJ2MiS6Bt0eXtg-51] o.s.a.r.c.CachingConnectionFactory       : Attempting to connect to: [localhost:5672]
2025-12-17T00:13:36.689+05:30  WARN 4824 --- [ORDER-SERVICE] [springCloudBus.anonymous.k7YPYHbOTJ2MiS6Bt0eXtg-51] o.s.a.r.l.SimpleMessageListenerContainer : Consumer raised exception, processing can restart if the connection factory supports it. Exception summary: org.springframework.amqp.AmqpConnectException: java.net.ConnectException: Connection refused: getsockopt
2025-12-17T00:13:36.690+05:30  INFO 4824 --- [ORDER-SERVICE] [springCloudBus.anonymous.k7YPYHbOTJ2MiS6Bt0eXtg-51] o.s.a.r.l.SimpleMessageListenerContainer : Restarting Consumer@6e67bc5a: tags=[[]], channel=null, acknowledgeMode=AUTO local queue size=0
2025-12-17T00:13:36.692+05:30  INFO 4824 --- [ORDER-SERVICE] [springCloudBus.anonymous.k7YPYHbOTJ2MiS6Bt0eXtg-52] o.s.a.r.c.CachingConnectionFactory       : Attempting to connect to: [localhost:5672]
2025-12-17T00:13:41.805+05:30  WARN 4824 --- [ORDER-SERVICE] [springCloudBus.anonymous.k7YPYHbOTJ2MiS6Bt0eXtg-52] o.s.a.r.l.SimpleMessageListenerContainer : Consumer raised exception, processing can restart if the connection factory supports it. Exception summary: org.springframework.amqp.AmqpConnectException: java.net.ConnectException: Connection refused: getsockopt
2025-12-17T00:13:41.805+05:30  INFO 4824 --- [ORDER-SERVICE] [springCloudBus.anonymous.k7YPYHbOTJ2MiS6Bt0eXtg-52] o.s.a.r.l.SimpleMessageListenerContainer : Restarting Consumer@563f7e56: tags=[[]], channel=null, acknowledgeMode=AUTO local queue size=0
2025-12-17T00:13:41.807+05:30  INFO 4824 --- [ORDER-SERVICE] [springCloudBus.anonymous.k7YPYHbOTJ2MiS6Bt0eXtg-53] o.s.a.r.c.CachingConnectionFactory       : Attempting to connect to: [localhost:5672]
2025-12-17T00:13:46.897+05:30  WARN 4824 --- [ORDER-SERVICE] [springCloudBus.anonymous.k7YPYHbOTJ2MiS6Bt0eXtg-53] o.s.a.r.l.SimpleMessageListenerContainer : Consumer raised exception, processing can restart if the connection factory supports it. Exception summary: org.springframework.amqp.AmqpConnectException: java.net.ConnectException: Connection refused: getsockopt
2025-12-17T00:13:46.898+05:30  INFO 4824 --- [ORDER-SERVICE] [springCloudBus.anonymous.k7YPYHbOTJ2MiS6Bt0eXtg-53] o.s.a.r.l.SimpleMessageListenerContainer : Restarting Consumer@8859c51: tags=[[]], channel=null, acknowledgeMode=AUTO local queue size=0
2025-12-17T00:13:46.901+05:30  INFO 4824 --- [ORDER-SERVICE] [springCloudBus.anonymous.k7YPYHbOTJ2MiS6Bt0eXtg-54] o.s.a.r.c.CachingConnectionFactory       : Attempting to connect to: [localhost:5672]
2025-12-17T00:13:52.019+05:30  WARN 4824 --- [ORDER-SERVICE] [springCloudBus.anonymous.k7YPYHbOTJ2MiS6Bt0eXtg-54] o.s.a.r.l.SimpleMessageListenerContainer : Consumer raised exception, processing can restart if the connection factory supports it. Exception summary: org.springframework.amqp.AmqpConnectException: java.net.ConnectException: Connection refused: getsockopt
2025-12-17T00:13:52.020+05:30  INFO 4824 --- [ORDER-SERVICE] [springCloudBus.anonymous.k7YPYHbOTJ2MiS6Bt0eXtg-54] o.s.a.r.l.SimpleMessageListenerContainer : Restarting Consumer@4564b384: tags=[[]], channel=null, acknowledgeMode=AUTO local queue size=0
2025-12-17T00:13:52.021+05:30  INFO 4824 --- [ORDER-SERVICE] [springCloudBus.anonymous.k7YPYHbOTJ2MiS6Bt0eXtg-55] o.s.a.r.c.CachingConnectionFactory       : Attempting to connect to: [localhost:5672]
2025-12-17T00:13:57.140+05:30  WARN 4824 --- [ORDER-SERVICE] [springCloudBus.anonymous.k7YPYHbOTJ2MiS6Bt0eXtg-55] o.s.a.r.l.SimpleMessageListenerContainer : Consumer raised exception, processing can restart if the connection factory supports it. Exception summary: org.springframework.amqp.AmqpConnectException: java.net.ConnectException: Connection refused: getsockopt
2025-12-17T00:13:57.141+05:30  INFO 4824 --- [ORDER-SERVICE] [springCloudBus.anonymous.k7YPYHbOTJ2MiS6Bt0eXtg-55] o.s.a.r.l.SimpleMessageListenerContainer : Restarting Consumer@2111f904: tags=[[]], channel=null, acknowledgeMode=AUTO local queue size=0
2025-12-17T00:13:57.143+05:30  INFO 4824 --- [ORDER-SERVICE] [springCloudBus.anonymous.k7YPYHbOTJ2MiS6Bt0eXtg-56] o.s.a.r.c.CachingConnectionFactory       : Attempting to connect to: [localhost:5672]
2025-12-17T00:14:02.269+05:30  WARN 4824 --- [ORDER-SERVICE] [springCloudBus.anonymous.k7YPYHbOTJ2MiS6Bt0eXtg-56] o.s.a.r.l.SimpleMessageListenerContainer : Consumer raised exception, processing can restart if the connection factory supports it. Exception summary: org.springframework.amqp.AmqpConnectException: java.net.ConnectException: Connection refused: getsockopt
2025-12-17T00:14:02.270+05:30  INFO 4824 --- [ORDER-SERVICE] [springCloudBus.anonymous.k7YPYHbOTJ2MiS6Bt0eXtg-56] o.s.a.r.l.SimpleMessageListenerContainer : Restarting Consumer@4d949956: tags=[[]], channel=null, acknowledgeMode=AUTO local queue size=0
2025-12-17T00:14:02.273+05:30  INFO 4824 --- [ORDER-SERVICE] [springCloudBus.anonymous.k7YPYHbOTJ2MiS6Bt0eXtg-57] o.s.a.r.c.CachingConnectionFactory       : Attempting to connect to: [localhost:5672]
2025-12-17T00:14:07.390+05:30  WARN 4824 --- [ORDER-SERVICE] [springCloudBus.anonymous.k7YPYHbOTJ2MiS6Bt0eXtg-57] o.s.a.r.l.SimpleMessageListenerContainer : Consumer raised exception, processing can restart if the connection factory supports it. Exception summary: org.springframework.amqp.AmqpConnectException: java.net.ConnectException: Connection refused: getsockopt
2025-12-17T00:14:07.391+05:30  INFO 4824 --- [ORDER-SERVICE] [springCloudBus.anonymous.k7YPYHbOTJ2MiS6Bt0eXtg-57] o.s.a.r.l.SimpleMessageListenerContainer : Restarting Consumer@3a2592bf: tags=[[]], channel=null, acknowledgeMode=AUTO local queue size=0
2025-12-17T00:14:07.394+05:30  INFO 4824 --- [ORDER-SERVICE] [springCloudBus.anonymous.k7YPYHbOTJ2MiS6Bt0eXtg-58] o.s.a.r.c.CachingConnectionFactory       : Attempting to connect to: [localhost:5672]
2025-12-17T00:14:12.500+05:30  WARN 4824 --- [ORDER-SERVICE] [springCloudBus.anonymous.k7YPYHbOTJ2MiS6Bt0eXtg-58] o.s.a.r.l.SimpleMessageListenerContainer : Consumer raised exception, processing can restart if the connection factory supports it. Exception summary: org.springframework.amqp.AmqpConnectException: java.net.ConnectException: Connection refused: getsockopt
2025-12-17T00:14:12.501+05:30  INFO 4824 --- [ORDER-SERVICE] [springCloudBus.anonymous.k7YPYHbOTJ2MiS6Bt0eXtg-58] o.s.a.r.l.SimpleMessageListenerContainer : Restarting Consumer@759357be: tags=[[]], channel=null, acknowledgeMode=AUTO local queue size=0
2025-12-17T00:14:12.503+05:30  INFO 4824 --- [ORDER-SERVICE] [springCloudBus.anonymous.k7YPYHbOTJ2MiS6Bt0eXtg-59] o.s.a.r.c.CachingConnectionFactory       : Attempting to connect to: [localhost:5672]
2025-12-17T00:14:14.491+05:30  INFO 4824 --- [ORDER-SERVICE] [AsyncResolver-bootstrap-executor-%d] c.n.d.s.r.aws.ConfigClusterResolver      : Resolving eureka endpoints via configuration
2025-12-17T00:14:17.609+05:30  WARN 4824 --- [ORDER-SERVICE] [springCloudBus.anonymous.k7YPYHbOTJ2MiS6Bt0eXtg-59] o.s.a.r.l.SimpleMessageListenerContainer : Consumer raised exception, processing can restart if the connection factory supports it. Exception summary: org.springframework.amqp.AmqpConnectException: java.net.ConnectException: Connection refused: getsockopt
2025-12-17T00:14:17.609+05:30  INFO 4824 --- [ORDER-SERVICE] [springCloudBus.anonymous.k7YPYHbOTJ2MiS6Bt0eXtg-59] o.s.a.r.l.SimpleMessageListenerContainer : Restarting Consumer@7074a86e: tags=[[]], channel=null, acknowledgeMode=AUTO local queue size=0
2025-12-17T00:14:17.612+05:30  INFO 4824 --- [ORDER-SERVICE] [springCloudBus.anonymous.k7YPYHbOTJ2MiS6Bt0eXtg-60] o.s.a.r.c.CachingConnectionFactory       : Attempting to connect to: [localhost:5672]
2025-12-17T00:14:22.751+05:30  WARN 4824 --- [ORDER-SERVICE] [springCloudBus.anonymous.k7YPYHbOTJ2MiS6Bt0eXtg-60] o.s.a.r.l.SimpleMessageListenerContainer : Consumer raised exception, processing can restart if the connection factory supports it. Exception summary: org.springframework.amqp.AmqpConnectException: java.net.ConnectException: Connection refused: getsockopt
2025-12-17T00:14:22.752+05:30  INFO 4824 --- [ORDER-SERVICE] [springCloudBus.anonymous.k7YPYHbOTJ2MiS6Bt0eXtg-60] o.s.a.r.l.SimpleMessageListenerContainer : Restarting Consumer@7cab46ee: tags=[[]], channel=null, acknowledgeMode=AUTO local queue size=0
2025-12-17T00:14:22.755+05:30  INFO 4824 --- [ORDER-SERVICE] [springCloudBus.anonymous.k7YPYHbOTJ2MiS6Bt0eXtg-61] o.s.a.r.c.CachingConnectionFactory       : Attempting to connect to: [localhost:5672]
2025-12-17T00:14:27.854+05:30  WARN 4824 --- [ORDER-SERVICE] [springCloudBus.anonymous.k7YPYHbOTJ2MiS6Bt0eXtg-61] o.s.a.r.l.SimpleMessageListenerContainer : Consumer raised exception, processing can restart if the connection factory supports it. Exception summary: org.springframework.amqp.AmqpConnectException: java.net.ConnectException: Connection refused: getsockopt
2025-12-17T00:14:27.854+05:30  INFO 4824 --- [ORDER-SERVICE] [springCloudBus.anonymous.k7YPYHbOTJ2MiS6Bt0eXtg-61] o.s.a.r.l.SimpleMessageListenerContainer : Restarting Consumer@47110aeb: tags=[[]], channel=null, acknowledgeMode=AUTO local queue size=0
2025-12-17T00:14:27.856+05:30  INFO 4824 --- [ORDER-SERVICE] [springCloudBus.anonymous.k7YPYHbOTJ2MiS6Bt0eXtg-62] o.s.a.r.c.CachingConnectionFactory       : Attempting to connect to: [localhost:5672]
2025-12-17T00:14:32.978+05:30  WARN 4824 --- [ORDER-SERVICE] [springCloudBus.anonymous.k7YPYHbOTJ2MiS6Bt0eXtg-62] o.s.a.r.l.SimpleMessageListenerContainer : Consumer raised exception, processing can restart if the connection factory supports it. Exception summary: org.springframework.amqp.AmqpConnectException: java.net.ConnectException: Connection refused: getsockopt
2025-12-17T00:14:32.978+05:30  INFO 4824 --- [ORDER-SERVICE] [springCloudBus.anonymous.k7YPYHbOTJ2MiS6Bt0eXtg-62] o.s.a.r.l.SimpleMessageListenerContainer : Restarting Consumer@3bd3abf6: tags=[[]], channel=null, acknowledgeMode=AUTO local queue size=0
2025-12-17T00:14:32.979+05:30  INFO 4824 --- [ORDER-SERVICE] [springCloudBus.anonymous.k7YPYHbOTJ2MiS6Bt0eXtg-63] o.s.a.r.c.CachingConnectionFactory       : Attempting to connect to: [localhost:5672]
2025-12-17T00:14:38.105+05:30  WARN 4824 --- [ORDER-SERVICE] [springCloudBus.anonymous.k7YPYHbOTJ2MiS6Bt0eXtg-63] o.s.a.r.l.SimpleMessageListenerContainer : Consumer raised exception, processing can restart if the connection factory supports it. Exception summary: org.springframework.amqp.AmqpConnectException: java.net.ConnectException: Connection refused: getsockopt
2025-12-17T00:14:38.105+05:30  INFO 4824 --- [ORDER-SERVICE] [springCloudBus.anonymous.k7YPYHbOTJ2MiS6Bt0eXtg-63] o.s.a.r.l.SimpleMessageListenerContainer : Restarting Consumer@f527b62: tags=[[]], channel=null, acknowledgeMode=AUTO local queue size=0
2025-12-17T00:14:38.108+05:30  INFO 4824 --- [ORDER-SERVICE] [springCloudBus.anonymous.k7YPYHbOTJ2MiS6Bt0eXtg-64] o.s.a.r.c.CachingConnectionFactory       : Attempting to connect to: [localhost:5672]
2025-12-17T00:14:43.262+05:30  WARN 4824 --- [ORDER-SERVICE] [springCloudBus.anonymous.k7YPYHbOTJ2MiS6Bt0eXtg-64] o.s.a.r.l.SimpleMessageListenerContainer : Consumer raised exception, processing can restart if the connection factory supports it. Exception summary: org.springframework.amqp.AmqpConnectException: java.net.ConnectException: Connection refused: getsockopt
2025-12-17T00:14:43.263+05:30  INFO 4824 --- [ORDER-SERVICE] [springCloudBus.anonymous.k7YPYHbOTJ2MiS6Bt0eXtg-64] o.s.a.r.l.SimpleMessageListenerContainer : Restarting Consumer@2874c5e: tags=[[]], channel=null, acknowledgeMode=AUTO local queue size=0
2025-12-17T00:14:43.266+05:30  INFO 4824 --- [ORDER-SERVICE] [springCloudBus.anonymous.k7YPYHbOTJ2MiS6Bt0eXtg-65] o.s.a.r.c.CachingConnectionFactory       : Attempting to connect to: [localhost:5672]
2025-12-17T00:14:48.350+05:30  WARN 4824 --- [ORDER-SERVICE] [springCloudBus.anonymous.k7YPYHbOTJ2MiS6Bt0eXtg-65] o.s.a.r.l.SimpleMessageListenerContainer : Consumer raised exception, processing can restart if the connection factory supports it. Exception summary: org.springframework.amqp.AmqpConnectException: java.net.ConnectException: Connection refused: getsockopt
2025-12-17T00:14:48.350+05:30  INFO 4824 --- [ORDER-SERVICE] [springCloudBus.anonymous.k7YPYHbOTJ2MiS6Bt0eXtg-65] o.s.a.r.l.SimpleMessageListenerContainer : Restarting Consumer@c3285f5: tags=[[]], channel=null, acknowledgeMode=AUTO local queue size=0
2025-12-17T00:14:48.353+05:30  INFO 4824 --- [ORDER-SERVICE] [springCloudBus.anonymous.k7YPYHbOTJ2MiS6Bt0eXtg-66] o.s.a.r.c.CachingConnectionFactory       : Attempting to connect to: [localhost:5672]
2025-12-17T00:14:53.416+05:30  WARN 4824 --- [ORDER-SERVICE] [springCloudBus.anonymous.k7YPYHbOTJ2MiS6Bt0eXtg-66] o.s.a.r.l.SimpleMessageListenerContainer : Consumer raised exception, processing can restart if the connection factory supports it. Exception summary: org.springframework.amqp.AmqpConnectException: java.net.ConnectException: Connection refused: getsockopt
2025-12-17T00:14:53.416+05:30  INFO 4824 --- [ORDER-SERVICE] [springCloudBus.anonymous.k7YPYHbOTJ2MiS6Bt0eXtg-66] o.s.a.r.l.SimpleMessageListenerContainer : Restarting Consumer@73efd96b: tags=[[]], channel=null, acknowledgeMode=AUTO local queue size=0
2025-12-17T00:14:53.419+05:30  INFO 4824 --- [ORDER-SERVICE] [springCloudBus.anonymous.k7YPYHbOTJ2MiS6Bt0eXtg-67] o.s.a.r.c.CachingConnectionFactory       : Attempting to connect to: [localhost:5672]
2025-12-17T00:14:58.526+05:30  WARN 4824 --- [ORDER-SERVICE] [springCloudBus.anonymous.k7YPYHbOTJ2MiS6Bt0eXtg-67] o.s.a.r.l.SimpleMessageListenerContainer : Consumer raised exception, processing can restart if the connection factory supports it. Exception summary: org.springframework.amqp.AmqpConnectException: java.net.ConnectException: Connection refused: getsockopt
2025-12-17T00:14:58.526+05:30  INFO 4824 --- [ORDER-SERVICE] [springCloudBus.anonymous.k7YPYHbOTJ2MiS6Bt0eXtg-67] o.s.a.r.l.SimpleMessageListenerContainer : Restarting Consumer@781d4493: tags=[[]], channel=null, acknowledgeMode=AUTO local queue size=0
2025-12-17T00:14:58.528+05:30  INFO 4824 --- [ORDER-SERVICE] [springCloudBus.anonymous.k7YPYHbOTJ2MiS6Bt0eXtg-68] o.s.a.r.c.CachingConnectionFactory       : Attempting to connect to: [localhost:5672]
2025-12-17T00:15:03.642+05:30  WARN 4824 --- [ORDER-SERVICE] [springCloudBus.anonymous.k7YPYHbOTJ2MiS6Bt0eXtg-68] o.s.a.r.l.SimpleMessageListenerContainer : Consumer raised exception, processing can restart if the connection factory supports it. Exception summary: org.springframework.amqp.AmqpConnectException: java.net.ConnectException: Connection refused: getsockopt
2025-12-17T00:15:03.642+05:30  INFO 4824 --- [ORDER-SERVICE] [springCloudBus.anonymous.k7YPYHbOTJ2MiS6Bt0eXtg-68] o.s.a.r.l.SimpleMessageListenerContainer : Restarting Consumer@27ebd1a7: tags=[[]], channel=null, acknowledgeMode=AUTO local queue size=0
2025-12-17T00:15:03.646+05:30  INFO 4824 --- [ORDER-SERVICE] [springCloudBus.anonymous.k7YPYHbOTJ2MiS6Bt0eXtg-69] o.s.a.r.c.CachingConnectionFactory       : Attempting to connect to: [localhost:5672]
2025-12-17T00:15:08.788+05:30  WARN 4824 --- [ORDER-SERVICE] [springCloudBus.anonymous.k7YPYHbOTJ2MiS6Bt0eXtg-69] o.s.a.r.l.SimpleMessageListenerContainer : Consumer raised exception, processing can restart if the connection factory supports it. Exception summary: org.springframework.amqp.AmqpConnectException: java.net.ConnectException: Connection refused: getsockopt
2025-12-17T00:15:08.790+05:30  INFO 4824 --- [ORDER-SERVICE] [springCloudBus.anonymous.k7YPYHbOTJ2MiS6Bt0eXtg-69] o.s.a.r.l.SimpleMessageListenerContainer : Restarting Consumer@6c5fc727: tags=[[]], channel=null, acknowledgeMode=AUTO local queue size=0
2025-12-17T00:15:08.807+05:30  INFO 4824 --- [ORDER-SERVICE] [springCloudBus.anonymous.k7YPYHbOTJ2MiS6Bt0eXtg-70] o.s.a.r.c.CachingConnectionFactory       : Attempting to connect to: [localhost:5672]
2025-12-17T00:15:13.928+05:30  WARN 4824 --- [ORDER-SERVICE] [springCloudBus.anonymous.k7YPYHbOTJ2MiS6Bt0eXtg-70] o.s.a.r.l.SimpleMessageListenerContainer : Consumer raised exception, processing can restart if the connection factory supports it. Exception summary: org.springframework.amqp.AmqpConnectException: java.net.ConnectException: Connection refused: getsockopt
2025-12-17T00:15:13.928+05:30  INFO 4824 --- [ORDER-SERVICE] [springCloudBus.anonymous.k7YPYHbOTJ2MiS6Bt0eXtg-70] o.s.a.r.l.SimpleMessageListenerContainer : Restarting Consumer@5d654b2b: tags=[[]], channel=null, acknowledgeMode=AUTO local queue size=0
2025-12-17T00:15:13.930+05:30  INFO 4824 --- [ORDER-SERVICE] [springCloudBus.anonymous.k7YPYHbOTJ2MiS6Bt0eXtg-71] o.s.a.r.c.CachingConnectionFactory       : Attempting to connect to: [localhost:5672]
2025-12-17T00:15:19.030+05:30  WARN 4824 --- [ORDER-SERVICE] [springCloudBus.anonymous.k7YPYHbOTJ2MiS6Bt0eXtg-71] o.s.a.r.l.SimpleMessageListenerContainer : Consumer raised exception, processing can restart if the connection factory supports it. Exception summary: org.springframework.amqp.AmqpConnectException: java.net.ConnectException: Connection refused: getsockopt
2025-12-17T00:15:19.031+05:30  INFO 4824 --- [ORDER-SERVICE] [springCloudBus.anonymous.k7YPYHbOTJ2MiS6Bt0eXtg-71] o.s.a.r.l.SimpleMessageListenerContainer : Restarting Consumer@72fcb2c: tags=[[]], channel=null, acknowledgeMode=AUTO local queue size=0
2025-12-17T00:15:19.034+05:30  INFO 4824 --- [ORDER-SERVICE] [springCloudBus.anonymous.k7YPYHbOTJ2MiS6Bt0eXtg-72] o.s.a.r.c.CachingConnectionFactory       : Attempting to connect to: [localhost:5672]
2025-12-17T00:15:24.147+05:30  WARN 4824 --- [ORDER-SERVICE] [springCloudBus.anonymous.k7YPYHbOTJ2MiS6Bt0eXtg-72] o.s.a.r.l.SimpleMessageListenerContainer : Consumer raised exception, processing can restart if the connection factory supports it. Exception summary: org.springframework.amqp.AmqpConnectException: java.net.ConnectException: Connection refused: getsockopt
2025-12-17T00:15:24.147+05:30  INFO 4824 --- [ORDER-SERVICE] [springCloudBus.anonymous.k7YPYHbOTJ2MiS6Bt0eXtg-72] o.s.a.r.l.SimpleMessageListenerContainer : Restarting Consumer@3bf81b40: tags=[[]], channel=null, acknowledgeMode=AUTO local queue size=0
2025-12-17T00:15:24.151+05:30  INFO 4824 --- [ORDER-SERVICE] [springCloudBus.anonymous.k7YPYHbOTJ2MiS6Bt0eXtg-73] o.s.a.r.c.CachingConnectionFactory       : Attempting to connect to: [localhost:5672]
2025-12-17T00:15:29.232+05:30  WARN 4824 --- [ORDER-SERVICE] [springCloudBus.anonymous.k7YPYHbOTJ2MiS6Bt0eXtg-73] o.s.a.r.l.SimpleMessageListenerContainer : Consumer raised exception, processing can restart if the connection factory supports it. Exception summary: org.springframework.amqp.AmqpConnectException: java.net.ConnectException: Connection refused: getsockopt
2025-12-17T00:15:29.232+05:30  INFO 4824 --- [ORDER-SERVICE] [springCloudBus.anonymous.k7YPYHbOTJ2MiS6Bt0eXtg-73] o.s.a.r.l.SimpleMessageListenerContainer : Restarting Consumer@14fca4f2: tags=[[]], channel=null, acknowledgeMode=AUTO local queue size=0
2025-12-17T00:15:29.234+05:30  INFO 4824 --- [ORDER-SERVICE] [springCloudBus.anonymous.k7YPYHbOTJ2MiS6Bt0eXtg-74] o.s.a.r.c.CachingConnectionFactory       : Attempting to connect to: [localhost:5672]
2025-12-17T00:15:34.347+05:30  WARN 4824 --- [ORDER-SERVICE] [springCloudBus.anonymous.k7YPYHbOTJ2MiS6Bt0eXtg-74] o.s.a.r.l.SimpleMessageListenerContainer : Consumer raised exception, processing can restart if the connection factory supports it. Exception summary: org.springframework.amqp.AmqpConnectException: java.net.ConnectException: Connection refused: getsockopt
2025-12-17T00:15:34.348+05:30  INFO 4824 --- [ORDER-SERVICE] [springCloudBus.anonymous.k7YPYHbOTJ2MiS6Bt0eXtg-74] o.s.a.r.l.SimpleMessageListenerContainer : Restarting Consumer@1e44cd0b: tags=[[]], channel=null, acknowledgeMode=AUTO local queue size=0
2025-12-17T00:15:34.350+05:30  INFO 4824 --- [ORDER-SERVICE] [springCloudBus.anonymous.k7YPYHbOTJ2MiS6Bt0eXtg-75] o.s.a.r.c.CachingConnectionFactory       : Attempting to connect to: [localhost:5672]
2025-12-17T00:15:39.475+05:30  WARN 4824 --- [ORDER-SERVICE] [springCloudBus.anonymous.k7YPYHbOTJ2MiS6Bt0eXtg-75] o.s.a.r.l.SimpleMessageListenerContainer : Consumer raised exception, processing can restart if the connection factory supports it. Exception summary: org.springframework.amqp.AmqpConnectException: java.net.ConnectException: Connection refused: getsockopt
2025-12-17T00:15:39.476+05:30  INFO 4824 --- [ORDER-SERVICE] [springCloudBus.anonymous.k7YPYHbOTJ2MiS6Bt0eXtg-75] o.s.a.r.l.SimpleMessageListenerContainer : Restarting Consumer@7612f75b: tags=[[]], channel=null, acknowledgeMode=AUTO local queue size=0
2025-12-17T00:15:39.478+05:30  INFO 4824 --- [ORDER-SERVICE] [springCloudBus.anonymous.k7YPYHbOTJ2MiS6Bt0eXtg-76] o.s.a.r.c.CachingConnectionFactory       : Attempting to connect to: [localhost:5672]
2025-12-17T00:15:44.580+05:30  WARN 4824 --- [ORDER-SERVICE] [springCloudBus.anonymous.k7YPYHbOTJ2MiS6Bt0eXtg-76] o.s.a.r.l.SimpleMessageListenerContainer : Consumer raised exception, processing can restart if the connection factory supports it. Exception summary: org.springframework.amqp.AmqpConnectException: java.net.ConnectException: Connection refused: getsockopt
2025-12-17T00:15:44.580+05:30  INFO 4824 --- [ORDER-SERVICE] [springCloudBus.anonymous.k7YPYHbOTJ2MiS6Bt0eXtg-76] o.s.a.r.l.SimpleMessageListenerContainer : Restarting Consumer@40925519: tags=[[]], channel=null, acknowledgeMode=AUTO local queue size=0
2025-12-17T00:15:44.583+05:30  INFO 4824 --- [ORDER-SERVICE] [springCloudBus.anonymous.k7YPYHbOTJ2MiS6Bt0eXtg-77] o.s.a.r.c.CachingConnectionFactory       : Attempting to connect to: [localhost:5672]
2025-12-17T00:15:49.694+05:30  WARN 4824 --- [ORDER-SERVICE] [springCloudBus.anonymous.k7YPYHbOTJ2MiS6Bt0eXtg-77] o.s.a.r.l.SimpleMessageListenerContainer : Consumer raised exception, processing can restart if the connection factory supports it. Exception summary: org.springframework.amqp.AmqpConnectException: java.net.ConnectException: Connection refused: getsockopt
2025-12-17T00:15:49.694+05:30  INFO 4824 --- [ORDER-SERVICE] [springCloudBus.anonymous.k7YPYHbOTJ2MiS6Bt0eXtg-77] o.s.a.r.l.SimpleMessageListenerContainer : Restarting Consumer@46511a13: tags=[[]], channel=null, acknowledgeMode=AUTO local queue size=0
2025-12-17T00:15:49.698+05:30  INFO 4824 --- [ORDER-SERVICE] [springCloudBus.anonymous.k7YPYHbOTJ2MiS6Bt0eXtg-78] o.s.a.r.c.CachingConnectionFactory       : Attempting to connect to: [localhost:5672]
2025-12-17T00:15:54.822+05:30  WARN 4824 --- [ORDER-SERVICE] [springCloudBus.anonymous.k7YPYHbOTJ2MiS6Bt0eXtg-78] o.s.a.r.l.SimpleMessageListenerContainer : Consumer raised exception, processing can restart if the connection factory supports it. Exception summary: org.springframework.amqp.AmqpConnectException: java.net.ConnectException: Connection refused: getsockopt
2025-12-17T00:15:54.822+05:30  INFO 4824 --- [ORDER-SERVICE] [springCloudBus.anonymous.k7YPYHbOTJ2MiS6Bt0eXtg-78] o.s.a.r.l.SimpleMessageListenerContainer : Restarting Consumer@18bcc2ee: tags=[[]], channel=null, acknowledgeMode=AUTO local queue size=0
2025-12-17T00:15:54.824+05:30  INFO 4824 --- [ORDER-SERVICE] [springCloudBus.anonymous.k7YPYHbOTJ2MiS6Bt0eXtg-79] o.s.a.r.c.CachingConnectionFactory       : Attempting to connect to: [localhost:5672]
2025-12-17T00:15:59.891+05:30  WARN 4824 --- [ORDER-SERVICE] [springCloudBus.anonymous.k7YPYHbOTJ2MiS6Bt0eXtg-79] o.s.a.r.l.SimpleMessageListenerContainer : Consumer raised exception, processing can restart if the connection factory supports it. Exception summary: org.springframework.amqp.AmqpConnectException: java.net.ConnectException: Connection refused: getsockopt
2025-12-17T00:15:59.892+05:30  INFO 4824 --- [ORDER-SERVICE] [springCloudBus.anonymous.k7YPYHbOTJ2MiS6Bt0eXtg-79] o.s.a.r.l.SimpleMessageListenerContainer : Restarting Consumer@4bad9218: tags=[[]], channel=null, acknowledgeMode=AUTO local queue size=0
2025-12-17T00:15:59.893+05:30  INFO 4824 --- [ORDER-SERVICE] [springCloudBus.anonymous.k7YPYHbOTJ2MiS6Bt0eXtg-80] o.s.a.r.c.CachingConnectionFactory       : Attempting to connect to: [localhost:5672]
2025-12-17T00:16:05.021+05:30  WARN 4824 --- [ORDER-SERVICE] [springCloudBus.anonymous.k7YPYHbOTJ2MiS6Bt0eXtg-80] o.s.a.r.l.SimpleMessageListenerContainer : Consumer raised exception, processing can restart if the connection factory supports it. Exception summary: org.springframework.amqp.AmqpConnectException: java.net.ConnectException: Connection refused: getsockopt
2025-12-17T00:16:05.022+05:30  INFO 4824 --- [ORDER-SERVICE] [springCloudBus.anonymous.k7YPYHbOTJ2MiS6Bt0eXtg-80] o.s.a.r.l.SimpleMessageListenerContainer : Restarting Consumer@2db7cf17: tags=[[]], channel=null, acknowledgeMode=AUTO local queue size=0
2025-12-17T00:16:05.025+05:30  INFO 4824 --- [ORDER-SERVICE] [springCloudBus.anonymous.k7YPYHbOTJ2MiS6Bt0eXtg-81] o.s.a.r.c.CachingConnectionFactory       : Attempting to connect to: [localhost:5672]
2025-12-17T00:16:10.180+05:30  WARN 4824 --- [ORDER-SERVICE] [springCloudBus.anonymous.k7YPYHbOTJ2MiS6Bt0eXtg-81] o.s.a.r.l.SimpleMessageListenerContainer : Consumer raised exception, processing can restart if the connection factory supports it. Exception summary: org.springframework.amqp.AmqpConnectException: java.net.ConnectException: Connection refused: getsockopt
2025-12-17T00:16:10.181+05:30  INFO 4824 --- [ORDER-SERVICE] [springCloudBus.anonymous.k7YPYHbOTJ2MiS6Bt0eXtg-81] o.s.a.r.l.SimpleMessageListenerContainer : Restarting Consumer@4b5e6311: tags=[[]], channel=null, acknowledgeMode=AUTO local queue size=0
2025-12-17T00:16:10.186+05:30  INFO 4824 --- [ORDER-SERVICE] [springCloudBus.anonymous.k7YPYHbOTJ2MiS6Bt0eXtg-82] o.s.a.r.c.CachingConnectionFactory       : Attempting to connect to: [localhost:5672]
2025-12-17T00:16:15.312+05:30  WARN 4824 --- [ORDER-SERVICE] [springCloudBus.anonymous.k7YPYHbOTJ2MiS6Bt0eXtg-82] o.s.a.r.l.SimpleMessageListenerContainer : Consumer raised exception, processing can restart if the connection factory supports it. Exception summary: org.springframework.amqp.AmqpConnectException: java.net.ConnectException: Connection refused: getsockopt
2025-12-17T00:16:15.313+05:30  INFO 4824 --- [ORDER-SERVICE] [springCloudBus.anonymous.k7YPYHbOTJ2MiS6Bt0eXtg-82] o.s.a.r.l.SimpleMessageListenerContainer : Restarting Consumer@249fe169: tags=[[]], channel=null, acknowledgeMode=AUTO local queue size=0
2025-12-17T00:16:15.315+05:30  INFO 4824 --- [ORDER-SERVICE] [springCloudBus.anonymous.k7YPYHbOTJ2MiS6Bt0eXtg-83] o.s.a.r.c.CachingConnectionFactory       : Attempting to connect to: [localhost:5672]
2025-12-17T00:16:20.421+05:30  WARN 4824 --- [ORDER-SERVICE] [springCloudBus.anonymous.k7YPYHbOTJ2MiS6Bt0eXtg-83] o.s.a.r.l.SimpleMessageListenerContainer : Consumer raised exception, processing can restart if the connection factory supports it. Exception summary: org.springframework.amqp.AmqpConnectException: java.net.ConnectException: Connection refused: getsockopt
2025-12-17T00:16:20.422+05:30  INFO 4824 --- [ORDER-SERVICE] [springCloudBus.anonymous.k7YPYHbOTJ2MiS6Bt0eXtg-83] o.s.a.r.l.SimpleMessageListenerContainer : Restarting Consumer@4a7040d6: tags=[[]], channel=null, acknowledgeMode=AUTO local queue size=0
2025-12-17T00:16:20.424+05:30  INFO 4824 --- [ORDER-SERVICE] [springCloudBus.anonymous.k7YPYHbOTJ2MiS6Bt0eXtg-84] o.s.a.r.c.CachingConnectionFactory       : Attempting to connect to: [localhost:5672]
2025-12-17T00:16:25.515+05:30  WARN 4824 --- [ORDER-SERVICE] [springCloudBus.anonymous.k7YPYHbOTJ2MiS6Bt0eXtg-84] o.s.a.r.l.SimpleMessageListenerContainer : Consumer raised exception, processing can restart if the connection factory supports it. Exception summary: org.springframework.amqp.AmqpConnectException: java.net.ConnectException: Connection refused: getsockopt
2025-12-17T00:16:25.515+05:30  INFO 4824 --- [ORDER-SERVICE] [springCloudBus.anonymous.k7YPYHbOTJ2MiS6Bt0eXtg-84] o.s.a.r.l.SimpleMessageListenerContainer : Restarting Consumer@6f53b67c: tags=[[]], channel=null, acknowledgeMode=AUTO local queue size=0
2025-12-17T00:16:25.519+05:30  INFO 4824 --- [ORDER-SERVICE] [springCloudBus.anonymous.k7YPYHbOTJ2MiS6Bt0eXtg-85] o.s.a.r.c.CachingConnectionFactory       : Attempting to connect to: [localhost:5672]
2025-12-17T00:16:30.689+05:30  WARN 4824 --- [ORDER-SERVICE] [springCloudBus.anonymous.k7YPYHbOTJ2MiS6Bt0eXtg-85] o.s.a.r.l.SimpleMessageListenerContainer : Consumer raised exception, processing can restart if the connection factory supports it. Exception summary: org.springframework.amqp.AmqpConnectException: java.net.ConnectException: Connection refused: getsockopt
2025-12-17T00:16:30.690+05:30  INFO 4824 --- [ORDER-SERVICE] [springCloudBus.anonymous.k7YPYHbOTJ2MiS6Bt0eXtg-85] o.s.a.r.l.SimpleMessageListenerContainer : Restarting Consumer@111e4bec: tags=[[]], channel=null, acknowledgeMode=AUTO local queue size=0
2025-12-17T00:16:30.692+05:30  INFO 4824 --- [ORDER-SERVICE] [springCloudBus.anonymous.k7YPYHbOTJ2MiS6Bt0eXtg-86] o.s.a.r.c.CachingConnectionFactory       : Attempting to connect to: [localhost:5672]
2025-12-17T00:16:35.791+05:30  WARN 4824 --- [ORDER-SERVICE] [springCloudBus.anonymous.k7YPYHbOTJ2MiS6Bt0eXtg-86] o.s.a.r.l.SimpleMessageListenerContainer : Consumer raised exception, processing can restart if the connection factory supports it. Exception summary: org.springframework.amqp.AmqpConnectException: java.net.ConnectException: Connection refused: getsockopt
2025-12-17T00:16:35.792+05:30  INFO 4824 --- [ORDER-SERVICE] [springCloudBus.anonymous.k7YPYHbOTJ2MiS6Bt0eXtg-86] o.s.a.r.l.SimpleMessageListenerContainer : Restarting Consumer@6a3261f2: tags=[[]], channel=null, acknowledgeMode=AUTO local queue size=0
2025-12-17T00:16:35.794+05:30  INFO 4824 --- [ORDER-SERVICE] [springCloudBus.anonymous.k7YPYHbOTJ2MiS6Bt0eXtg-87] o.s.a.r.c.CachingConnectionFactory       : Attempting to connect to: [localhost:5672]
2025-12-17T00:16:40.890+05:30  WARN 4824 --- [ORDER-SERVICE] [springCloudBus.anonymous.k7YPYHbOTJ2MiS6Bt0eXtg-87] o.s.a.r.l.SimpleMessageListenerContainer : Consumer raised exception, processing can restart if the connection factory supports it. Exception summary: org.springframework.amqp.AmqpConnectException: java.net.ConnectException: Connection refused: getsockopt
2025-12-17T00:16:40.891+05:30  INFO 4824 --- [ORDER-SERVICE] [springCloudBus.anonymous.k7YPYHbOTJ2MiS6Bt0eXtg-87] o.s.a.r.l.SimpleMessageListenerContainer : Restarting Consumer@443bab19: tags=[[]], channel=null, acknowledgeMode=AUTO local queue size=0
2025-12-17T00:16:40.893+05:30  INFO 4824 --- [ORDER-SERVICE] [springCloudBus.anonymous.k7YPYHbOTJ2MiS6Bt0eXtg-88] o.s.a.r.c.CachingConnectionFactory       : Attempting to connect to: [localhost:5672]
2025-12-17T00:16:45.979+05:30  WARN 4824 --- [ORDER-SERVICE] [springCloudBus.anonymous.k7YPYHbOTJ2MiS6Bt0eXtg-88] o.s.a.r.l.SimpleMessageListenerContainer : Consumer raised exception, processing can restart if the connection factory supports it. Exception summary: org.springframework.amqp.AmqpConnectException: java.net.ConnectException: Connection refused: getsockopt
2025-12-17T00:16:45.979+05:30  INFO 4824 --- [ORDER-SERVICE] [springCloudBus.anonymous.k7YPYHbOTJ2MiS6Bt0eXtg-88] o.s.a.r.l.SimpleMessageListenerContainer : Restarting Consumer@2afeb8d9: tags=[[]], channel=null, acknowledgeMode=AUTO local queue size=0
2025-12-17T00:16:45.982+05:30  INFO 4824 --- [ORDER-SERVICE] [springCloudBus.anonymous.k7YPYHbOTJ2MiS6Bt0eXtg-89] o.s.a.r.c.CachingConnectionFactory       : Attempting to connect to: [localhost:5672]
2025-12-17T00:16:51.094+05:30  WARN 4824 --- [ORDER-SERVICE] [springCloudBus.anonymous.k7YPYHbOTJ2MiS6Bt0eXtg-89] o.s.a.r.l.SimpleMessageListenerContainer : Consumer raised exception, processing can restart if the connection factory supports it. Exception summary: org.springframework.amqp.AmqpConnectException: java.net.ConnectException: Connection refused: getsockopt
2025-12-17T00:16:51.095+05:30  INFO 4824 --- [ORDER-SERVICE] [springCloudBus.anonymous.k7YPYHbOTJ2MiS6Bt0eXtg-89] o.s.a.r.l.SimpleMessageListenerContainer : Restarting Consumer@1d4d8c94: tags=[[]], channel=null, acknowledgeMode=AUTO local queue size=0
2025-12-17T00:16:51.097+05:30  INFO 4824 --- [ORDER-SERVICE] [springCloudBus.anonymous.k7YPYHbOTJ2MiS6Bt0eXtg-90] o.s.a.r.c.CachingConnectionFactory       : Attempting to connect to: [localhost:5672]
2025-12-17T00:16:56.204+05:30  WARN 4824 --- [ORDER-SERVICE] [springCloudBus.anonymous.k7YPYHbOTJ2MiS6Bt0eXtg-90] o.s.a.r.l.SimpleMessageListenerContainer : Consumer raised exception, processing can restart if the connection factory supports it. Exception summary: org.springframework.amqp.AmqpConnectException: java.net.ConnectException: Connection refused: getsockopt
2025-12-17T00:16:56.205+05:30  INFO 4824 --- [ORDER-SERVICE] [springCloudBus.anonymous.k7YPYHbOTJ2MiS6Bt0eXtg-90] o.s.a.r.l.SimpleMessageListenerContainer : Restarting Consumer@66f540b6: tags=[[]], channel=null, acknowledgeMode=AUTO local queue size=0
2025-12-17T00:16:56.207+05:30  INFO 4824 --- [ORDER-SERVICE] [springCloudBus.anonymous.k7YPYHbOTJ2MiS6Bt0eXtg-91] o.s.a.r.c.CachingConnectionFactory       : Attempting to connect to: [localhost:5672]
2025-12-17T00:17:01.348+05:30  WARN 4824 --- [ORDER-SERVICE] [springCloudBus.anonymous.k7YPYHbOTJ2MiS6Bt0eXtg-91] o.s.a.r.l.SimpleMessageListenerContainer : Consumer raised exception, processing can restart if the connection factory supports it. Exception summary: org.springframework.amqp.AmqpConnectException: java.net.ConnectException: Connection refused: getsockopt
2025-12-17T00:17:01.349+05:30  INFO 4824 --- [ORDER-SERVICE] [springCloudBus.anonymous.k7YPYHbOTJ2MiS6Bt0eXtg-91] o.s.a.r.l.SimpleMessageListenerContainer : Restarting Consumer@7f81bfc7: tags=[[]], channel=null, acknowledgeMode=AUTO local queue size=0
2025-12-17T00:17:01.354+05:30  INFO 4824 --- [ORDER-SERVICE] [springCloudBus.anonymous.k7YPYHbOTJ2MiS6Bt0eXtg-92] o.s.a.r.c.CachingConnectionFactory       : Attempting to connect to: [localhost:5672]
2025-12-17T00:17:06.483+05:30  WARN 4824 --- [ORDER-SERVICE] [springCloudBus.anonymous.k7YPYHbOTJ2MiS6Bt0eXtg-92] o.s.a.r.l.SimpleMessageListenerContainer : Consumer raised exception, processing can restart if the connection factory supports it. Exception summary: org.springframework.amqp.AmqpConnectException: java.net.ConnectException: Connection refused: getsockopt
2025-12-17T00:17:06.484+05:30  INFO 4824 --- [ORDER-SERVICE] [springCloudBus.anonymous.k7YPYHbOTJ2MiS6Bt0eXtg-92] o.s.a.r.l.SimpleMessageListenerContainer : Restarting Consumer@30a13137: tags=[[]], channel=null, acknowledgeMode=AUTO local queue size=0
2025-12-17T00:17:06.487+05:30  INFO 4824 --- [ORDER-SERVICE] [springCloudBus.anonymous.k7YPYHbOTJ2MiS6Bt0eXtg-93] o.s.a.r.c.CachingConnectionFactory       : Attempting to connect to: [localhost:5672]
2025-12-17T00:17:11.657+05:30  WARN 4824 --- [ORDER-SERVICE] [springCloudBus.anonymous.k7YPYHbOTJ2MiS6Bt0eXtg-93] o.s.a.r.l.SimpleMessageListenerContainer : Consumer raised exception, processing can restart if the connection factory supports it. Exception summary: org.springframework.amqp.AmqpConnectException: java.net.ConnectException: Connection refused: getsockopt
2025-12-17T00:17:11.657+05:30  INFO 4824 --- [ORDER-SERVICE] [springCloudBus.anonymous.k7YPYHbOTJ2MiS6Bt0eXtg-93] o.s.a.r.l.SimpleMessageListenerContainer : Restarting Consumer@6bfdfe11: tags=[[]], channel=null, acknowledgeMode=AUTO local queue size=0
2025-12-17T00:17:11.662+05:30  INFO 4824 --- [ORDER-SERVICE] [springCloudBus.anonymous.k7YPYHbOTJ2MiS6Bt0eXtg-94] o.s.a.r.c.CachingConnectionFactory       : Attempting to connect to: [localhost:5672]
2025-12-17T00:17:16.744+05:30  WARN 4824 --- [ORDER-SERVICE] [springCloudBus.anonymous.k7YPYHbOTJ2MiS6Bt0eXtg-94] o.s.a.r.l.SimpleMessageListenerContainer : Consumer raised exception, processing can restart if the connection factory supports it. Exception summary: org.springframework.amqp.AmqpConnectException: java.net.ConnectException: Connection refused: getsockopt
2025-12-17T00:17:16.744+05:30  INFO 4824 --- [ORDER-SERVICE] [springCloudBus.anonymous.k7YPYHbOTJ2MiS6Bt0eXtg-94] o.s.a.r.l.SimpleMessageListenerContainer : Restarting Consumer@95693d7: tags=[[]], channel=null, acknowledgeMode=AUTO local queue size=0
2025-12-17T00:17:16.750+05:30  INFO 4824 --- [ORDER-SERVICE] [springCloudBus.anonymous.k7YPYHbOTJ2MiS6Bt0eXtg-95] o.s.a.r.c.CachingConnectionFactory       : Attempting to connect to: [localhost:5672]
2025-12-17T00:17:21.877+05:30  WARN 4824 --- [ORDER-SERVICE] [springCloudBus.anonymous.k7YPYHbOTJ2MiS6Bt0eXtg-95] o.s.a.r.l.SimpleMessageListenerContainer : Consumer raised exception, processing can restart if the connection factory supports it. Exception summary: org.springframework.amqp.AmqpConnectException: java.net.ConnectException: Connection refused: getsockopt
2025-12-17T00:17:21.878+05:30  INFO 4824 --- [ORDER-SERVICE] [springCloudBus.anonymous.k7YPYHbOTJ2MiS6Bt0eXtg-95] o.s.a.r.l.SimpleMessageListenerContainer : Restarting Consumer@5d409c5e: tags=[[]], channel=null, acknowledgeMode=AUTO local queue size=0
2025-12-17T00:17:21.880+05:30  INFO 4824 --- [ORDER-SERVICE] [springCloudBus.anonymous.k7YPYHbOTJ2MiS6Bt0eXtg-96] o.s.a.r.c.CachingConnectionFactory       : Attempting to connect to: [localhost:5672]
2025-12-17T00:17:26.950+05:30  WARN 4824 --- [ORDER-SERVICE] [springCloudBus.anonymous.k7YPYHbOTJ2MiS6Bt0eXtg-96] o.s.a.r.l.SimpleMessageListenerContainer : Consumer raised exception, processing can restart if the connection factory supports it. Exception summary: org.springframework.amqp.AmqpConnectException: java.net.ConnectException: Connection refused: getsockopt
2025-12-17T00:17:26.950+05:30  INFO 4824 --- [ORDER-SERVICE] [springCloudBus.anonymous.k7YPYHbOTJ2MiS6Bt0eXtg-96] o.s.a.r.l.SimpleMessageListenerContainer : Restarting Consumer@7b34b44d: tags=[[]], channel=null, acknowledgeMode=AUTO local queue size=0
2025-12-17T00:17:26.954+05:30  INFO 4824 --- [ORDER-SERVICE] [springCloudBus.anonymous.k7YPYHbOTJ2MiS6Bt0eXtg-97] o.s.a.r.c.CachingConnectionFactory       : Attempting to connect to: [localhost:5672]
2025-12-17T00:17:32.056+05:30  WARN 4824 --- [ORDER-SERVICE] [springCloudBus.anonymous.k7YPYHbOTJ2MiS6Bt0eXtg-97] o.s.a.r.l.SimpleMessageListenerContainer : Consumer raised exception, processing can restart if the connection factory supports it. Exception summary: org.springframework.amqp.AmqpConnectException: java.net.ConnectException: Connection refused: getsockopt
2025-12-17T00:17:32.056+05:30  INFO 4824 --- [ORDER-SERVICE] [springCloudBus.anonymous.k7YPYHbOTJ2MiS6Bt0eXtg-97] o.s.a.r.l.SimpleMessageListenerContainer : Restarting Consumer@2fec825c: tags=[[]], channel=null, acknowledgeMode=AUTO local queue size=0
2025-12-17T00:17:32.059+05:30  INFO 4824 --- [ORDER-SERVICE] [springCloudBus.anonymous.k7YPYHbOTJ2MiS6Bt0eXtg-98] o.s.a.r.c.CachingConnectionFactory       : Attempting to connect to: [localhost:5672]
2025-12-17T00:17:37.166+05:30  WARN 4824 --- [ORDER-SERVICE] [springCloudBus.anonymous.k7YPYHbOTJ2MiS6Bt0eXtg-98] o.s.a.r.l.SimpleMessageListenerContainer : Consumer raised exception, processing can restart if the connection factory supports it. Exception summary: org.springframework.amqp.AmqpConnectException: java.net.ConnectException: Connection refused: getsockopt
2025-12-17T00:17:37.167+05:30  INFO 4824 --- [ORDER-SERVICE] [springCloudBus.anonymous.k7YPYHbOTJ2MiS6Bt0eXtg-98] o.s.a.r.l.SimpleMessageListenerContainer : Restarting Consumer@4e5ec81c: tags=[[]], channel=null, acknowledgeMode=AUTO local queue size=0
2025-12-17T00:17:37.171+05:30  INFO 4824 --- [ORDER-SERVICE] [springCloudBus.anonymous.k7YPYHbOTJ2MiS6Bt0eXtg-99] o.s.a.r.c.CachingConnectionFactory       : Attempting to connect to: [localhost:5672]
2025-12-17T00:17:42.345+05:30  WARN 4824 --- [ORDER-SERVICE] [springCloudBus.anonymous.k7YPYHbOTJ2MiS6Bt0eXtg-99] o.s.a.r.l.SimpleMessageListenerContainer : Consumer raised exception, processing can restart if the connection factory supports it. Exception summary: org.springframework.amqp.AmqpConnectException: java.net.ConnectException: Connection refused: getsockopt
2025-12-17T00:17:42.345+05:30  INFO 4824 --- [ORDER-SERVICE] [springCloudBus.anonymous.k7YPYHbOTJ2MiS6Bt0eXtg-99] o.s.a.r.l.SimpleMessageListenerContainer : Restarting Consumer@47c2e510: tags=[[]], channel=null, acknowledgeMode=AUTO local queue size=0
2025-12-17T00:17:42.348+05:30  INFO 4824 --- [ORDER-SERVICE] [springCloudBus.anonymous.k7YPYHbOTJ2MiS6Bt0eXtg-100] o.s.a.r.c.CachingConnectionFactory       : Attempting to connect to: [localhost:5672]
2025-12-17T00:17:47.439+05:30  WARN 4824 --- [ORDER-SERVICE] [springCloudBus.anonymous.k7YPYHbOTJ2MiS6Bt0eXtg-100] o.s.a.r.l.SimpleMessageListenerContainer : Consumer raised exception, processing can restart if the connection factory supports it. Exception summary: org.springframework.amqp.AmqpConnectException: java.net.ConnectException: Connection refused: getsockopt
2025-12-17T00:17:47.440+05:30  INFO 4824 --- [ORDER-SERVICE] [springCloudBus.anonymous.k7YPYHbOTJ2MiS6Bt0eXtg-100] o.s.a.r.l.SimpleMessageListenerContainer : Restarting Consumer@6dd34783: tags=[[]], channel=null, acknowledgeMode=AUTO local queue size=0
2025-12-17T00:17:47.443+05:30  INFO 4824 --- [ORDER-SERVICE] [springCloudBus.anonymous.k7YPYHbOTJ2MiS6Bt0eXtg-101] o.s.a.r.c.CachingConnectionFactory       : Attempting to connect to: [localhost:5672]
2025-12-17T00:17:52.535+05:30  WARN 4824 --- [ORDER-SERVICE] [springCloudBus.anonymous.k7YPYHbOTJ2MiS6Bt0eXtg-101] o.s.a.r.l.SimpleMessageListenerContainer : Consumer raised exception, processing can restart if the connection factory supports it. Exception summary: org.springframework.amqp.AmqpConnectException: java.net.ConnectException: Connection refused: getsockopt
2025-12-17T00:17:52.536+05:30  INFO 4824 --- [ORDER-SERVICE] [springCloudBus.anonymous.k7YPYHbOTJ2MiS6Bt0eXtg-101] o.s.a.r.l.SimpleMessageListenerContainer : Restarting Consumer@a45cd46: tags=[[]], channel=null, acknowledgeMode=AUTO local queue size=0
2025-12-17T00:17:52.539+05:30  INFO 4824 --- [ORDER-SERVICE] [springCloudBus.anonymous.k7YPYHbOTJ2MiS6Bt0eXtg-102] o.s.a.r.c.CachingConnectionFactory       : Attempting to connect to: [localhost:5672]
2025-12-17T00:17:57.677+05:30  WARN 4824 --- [ORDER-SERVICE] [springCloudBus.anonymous.k7YPYHbOTJ2MiS6Bt0eXtg-102] o.s.a.r.l.SimpleMessageListenerContainer : Consumer raised exception, processing can restart if the connection factory supports it. Exception summary: org.springframework.amqp.AmqpConnectException: java.net.ConnectException: Connection refused: getsockopt
2025-12-17T00:17:57.678+05:30  INFO 4824 --- [ORDER-SERVICE] [springCloudBus.anonymous.k7YPYHbOTJ2MiS6Bt0eXtg-102] o.s.a.r.l.SimpleMessageListenerContainer : Restarting Consumer@70313e97: tags=[[]], channel=null, acknowledgeMode=AUTO local queue size=0
2025-12-17T00:17:57.681+05:30  INFO 4824 --- [ORDER-SERVICE] [springCloudBus.anonymous.k7YPYHbOTJ2MiS6Bt0eXtg-103] o.s.a.r.c.CachingConnectionFactory       : Attempting to connect to: [localhost:5672]
2025-12-17T00:18:02.795+05:30  WARN 4824 --- [ORDER-SERVICE] [springCloudBus.anonymous.k7YPYHbOTJ2MiS6Bt0eXtg-103] o.s.a.r.l.SimpleMessageListenerContainer : Consumer raised exception, processing can restart if the connection factory supports it. Exception summary: org.springframework.amqp.AmqpConnectException: java.net.ConnectException: Connection refused: getsockopt
2025-12-17T00:18:02.796+05:30  INFO 4824 --- [ORDER-SERVICE] [springCloudBus.anonymous.k7YPYHbOTJ2MiS6Bt0eXtg-103] o.s.a.r.l.SimpleMessageListenerContainer : Restarting Consumer@2bfdc1c9: tags=[[]], channel=null, acknowledgeMode=AUTO local queue size=0
2025-12-17T00:18:02.798+05:30  INFO 4824 --- [ORDER-SERVICE] [springCloudBus.anonymous.k7YPYHbOTJ2MiS6Bt0eXtg-104] o.s.a.r.c.CachingConnectionFactory       : Attempting to connect to: [localhost:5672]
2025-12-17T00:18:07.881+05:30  WARN 4824 --- [ORDER-SERVICE] [springCloudBus.anonymous.k7YPYHbOTJ2MiS6Bt0eXtg-104] o.s.a.r.l.SimpleMessageListenerContainer : Consumer raised exception, processing can restart if the connection factory supports it. Exception summary: org.springframework.amqp.AmqpConnectException: java.net.ConnectException: Connection refused: getsockopt
2025-12-17T00:18:07.882+05:30  INFO 4824 --- [ORDER-SERVICE] [springCloudBus.anonymous.k7YPYHbOTJ2MiS6Bt0eXtg-104] o.s.a.r.l.SimpleMessageListenerContainer : Restarting Consumer@13cd0bf0: tags=[[]], channel=null, acknowledgeMode=AUTO local queue size=0
2025-12-17T00:18:07.885+05:30  INFO 4824 --- [ORDER-SERVICE] [springCloudBus.anonymous.k7YPYHbOTJ2MiS6Bt0eXtg-105] o.s.a.r.c.CachingConnectionFactory       : Attempting to connect to: [localhost:5672]
2025-12-17T00:18:12.994+05:30  WARN 4824 --- [ORDER-SERVICE] [springCloudBus.anonymous.k7YPYHbOTJ2MiS6Bt0eXtg-105] o.s.a.r.l.SimpleMessageListenerContainer : Consumer raised exception, processing can restart if the connection factory supports it. Exception summary: org.springframework.amqp.AmqpConnectException: java.net.ConnectException: Connection refused: getsockopt
2025-12-17T00:18:12.994+05:30  INFO 4824 --- [ORDER-SERVICE] [springCloudBus.anonymous.k7YPYHbOTJ2MiS6Bt0eXtg-105] o.s.a.r.l.SimpleMessageListenerContainer : Restarting Consumer@2063cbd0: tags=[[]], channel=null, acknowledgeMode=AUTO local queue size=0
2025-12-17T00:18:12.997+05:30  INFO 4824 --- [ORDER-SERVICE] [springCloudBus.anonymous.k7YPYHbOTJ2MiS6Bt0eXtg-106] o.s.a.r.c.CachingConnectionFactory       : Attempting to connect to: [localhost:5672]
2025-12-17T00:18:18.073+05:30  WARN 4824 --- [ORDER-SERVICE] [springCloudBus.anonymous.k7YPYHbOTJ2MiS6Bt0eXtg-106] o.s.a.r.l.SimpleMessageListenerContainer : Consumer raised exception, processing can restart if the connection factory supports it. Exception summary: org.springframework.amqp.AmqpConnectException: java.net.ConnectException: Connection refused: getsockopt
2025-12-17T00:18:18.074+05:30  INFO 4824 --- [ORDER-SERVICE] [springCloudBus.anonymous.k7YPYHbOTJ2MiS6Bt0eXtg-106] o.s.a.r.l.SimpleMessageListenerContainer : Restarting Consumer@1048e101: tags=[[]], channel=null, acknowledgeMode=AUTO local queue size=0
2025-12-17T00:18:18.077+05:30  INFO 4824 --- [ORDER-SERVICE] [springCloudBus.anonymous.k7YPYHbOTJ2MiS6Bt0eXtg-107] o.s.a.r.c.CachingConnectionFactory       : Attempting to connect to: [localhost:5672]
2025-12-17T00:18:23.193+05:30  WARN 4824 --- [ORDER-SERVICE] [springCloudBus.anonymous.k7YPYHbOTJ2MiS6Bt0eXtg-107] o.s.a.r.l.SimpleMessageListenerContainer : Consumer raised exception, processing can restart if the connection factory supports it. Exception summary: org.springframework.amqp.AmqpConnectException: java.net.ConnectException: Connection refused: getsockopt
2025-12-17T00:18:23.194+05:30  INFO 4824 --- [ORDER-SERVICE] [springCloudBus.anonymous.k7YPYHbOTJ2MiS6Bt0eXtg-107] o.s.a.r.l.SimpleMessageListenerContainer : Restarting Consumer@4f30638: tags=[[]], channel=null, acknowledgeMode=AUTO local queue size=0
2025-12-17T00:18:23.196+05:30  INFO 4824 --- [ORDER-SERVICE] [springCloudBus.anonymous.k7YPYHbOTJ2MiS6Bt0eXtg-108] o.s.a.r.c.CachingConnectionFactory       : Attempting to connect to: [localhost:5672]
2025-12-17T00:18:28.305+05:30  WARN 4824 --- [ORDER-SERVICE] [springCloudBus.anonymous.k7YPYHbOTJ2MiS6Bt0eXtg-108] o.s.a.r.l.SimpleMessageListenerContainer : Consumer raised exception, processing can restart if the connection factory supports it. Exception summary: org.springframework.amqp.AmqpConnectException: java.net.ConnectException: Connection refused: getsockopt
2025-12-17T00:18:28.305+05:30  INFO 4824 --- [ORDER-SERVICE] [springCloudBus.anonymous.k7YPYHbOTJ2MiS6Bt0eXtg-108] o.s.a.r.l.SimpleMessageListenerContainer : Restarting Consumer@3e0bbeff: tags=[[]], channel=null, acknowledgeMode=AUTO local queue size=0
2025-12-17T00:18:28.308+05:30  INFO 4824 --- [ORDER-SERVICE] [springCloudBus.anonymous.k7YPYHbOTJ2MiS6Bt0eXtg-109] o.s.a.r.c.CachingConnectionFactory       : Attempting to connect to: [localhost:5672]
2025-12-17T00:18:33.418+05:30  WARN 4824 --- [ORDER-SERVICE] [springCloudBus.anonymous.k7YPYHbOTJ2MiS6Bt0eXtg-109] o.s.a.r.l.SimpleMessageListenerContainer : Consumer raised exception, processing can restart if the connection factory supports it. Exception summary: org.springframework.amqp.AmqpConnectException: java.net.ConnectException: Connection refused: getsockopt
2025-12-17T00:18:33.419+05:30  INFO 4824 --- [ORDER-SERVICE] [springCloudBus.anonymous.k7YPYHbOTJ2MiS6Bt0eXtg-109] o.s.a.r.l.SimpleMessageListenerContainer : Restarting Consumer@7b7600a3: tags=[[]], channel=null, acknowledgeMode=AUTO local queue size=0
2025-12-17T00:18:33.421+05:30  INFO 4824 --- [ORDER-SERVICE] [springCloudBus.anonymous.k7YPYHbOTJ2MiS6Bt0eXtg-110] o.s.a.r.c.CachingConnectionFactory       : Attempting to connect to: [localhost:5672]
2025-12-17T00:18:38.511+05:30  WARN 4824 --- [ORDER-SERVICE] [springCloudBus.anonymous.k7YPYHbOTJ2MiS6Bt0eXtg-110] o.s.a.r.l.SimpleMessageListenerContainer : Consumer raised exception, processing can restart if the connection factory supports it. Exception summary: org.springframework.amqp.AmqpConnectException: java.net.ConnectException: Connection refused: getsockopt
2025-12-17T00:18:38.512+05:30  INFO 4824 --- [ORDER-SERVICE] [springCloudBus.anonymous.k7YPYHbOTJ2MiS6Bt0eXtg-110] o.s.a.r.l.SimpleMessageListenerContainer : Restarting Consumer@16891f81: tags=[[]], channel=null, acknowledgeMode=AUTO local queue size=0
2025-12-17T00:18:38.515+05:30  INFO 4824 --- [ORDER-SERVICE] [springCloudBus.anonymous.k7YPYHbOTJ2MiS6Bt0eXtg-111] o.s.a.r.c.CachingConnectionFactory       : Attempting to connect to: [localhost:5672]
2025-12-17T00:18:43.627+05:30  WARN 4824 --- [ORDER-SERVICE] [springCloudBus.anonymous.k7YPYHbOTJ2MiS6Bt0eXtg-111] o.s.a.r.l.SimpleMessageListenerContainer : Consumer raised exception, processing can restart if the connection factory supports it. Exception summary: org.springframework.amqp.AmqpConnectException: java.net.ConnectException: Connection refused: getsockopt
2025-12-17T00:18:43.627+05:30  INFO 4824 --- [ORDER-SERVICE] [springCloudBus.anonymous.k7YPYHbOTJ2MiS6Bt0eXtg-111] o.s.a.r.l.SimpleMessageListenerContainer : Restarting Consumer@6b80cf66: tags=[[]], channel=null, acknowledgeMode=AUTO local queue size=0
2025-12-17T00:18:43.631+05:30  INFO 4824 --- [ORDER-SERVICE] [springCloudBus.anonymous.k7YPYHbOTJ2MiS6Bt0eXtg-112] o.s.a.r.c.CachingConnectionFactory       : Attempting to connect to: [localhost:5672]
2025-12-17T00:18:48.714+05:30  WARN 4824 --- [ORDER-SERVICE] [springCloudBus.anonymous.k7YPYHbOTJ2MiS6Bt0eXtg-112] o.s.a.r.l.SimpleMessageListenerContainer : Consumer raised exception, processing can restart if the connection factory supports it. Exception summary: org.springframework.amqp.AmqpConnectException: java.net.ConnectException: Connection refused: getsockopt
2025-12-17T00:18:48.715+05:30  INFO 4824 --- [ORDER-SERVICE] [springCloudBus.anonymous.k7YPYHbOTJ2MiS6Bt0eXtg-112] o.s.a.r.l.SimpleMessageListenerContainer : Restarting Consumer@47d19a41: tags=[[]], channel=null, acknowledgeMode=AUTO local queue size=0
2025-12-17T00:18:48.717+05:30  INFO 4824 --- [ORDER-SERVICE] [springCloudBus.anonymous.k7YPYHbOTJ2MiS6Bt0eXtg-113] o.s.a.r.c.CachingConnectionFactory       : Attempting to connect to: [localhost:5672]
2025-12-17T00:18:53.819+05:30  WARN 4824 --- [ORDER-SERVICE] [springCloudBus.anonymous.k7YPYHbOTJ2MiS6Bt0eXtg-113] o.s.a.r.l.SimpleMessageListenerContainer : Consumer raised exception, processing can restart if the connection factory supports it. Exception summary: org.springframework.amqp.AmqpConnectException: java.net.ConnectException: Connection refused: getsockopt
2025-12-17T00:18:53.819+05:30  INFO 4824 --- [ORDER-SERVICE] [springCloudBus.anonymous.k7YPYHbOTJ2MiS6Bt0eXtg-113] o.s.a.r.l.SimpleMessageListenerContainer : Restarting Consumer@7220123f: tags=[[]], channel=null, acknowledgeMode=AUTO local queue size=0
2025-12-17T00:18:53.822+05:30  INFO 4824 --- [ORDER-SERVICE] [springCloudBus.anonymous.k7YPYHbOTJ2MiS6Bt0eXtg-114] o.s.a.r.c.CachingConnectionFactory       : Attempting to connect to: [localhost:5672]
2025-12-17T00:18:58.891+05:30  WARN 4824 --- [ORDER-SERVICE] [springCloudBus.anonymous.k7YPYHbOTJ2MiS6Bt0eXtg-114] o.s.a.r.l.SimpleMessageListenerContainer : Consumer raised exception, processing can restart if the connection factory supports it. Exception summary: org.springframework.amqp.AmqpConnectException: java.net.ConnectException: Connection refused: getsockopt
2025-12-17T00:18:58.892+05:30  INFO 4824 --- [ORDER-SERVICE] [springCloudBus.anonymous.k7YPYHbOTJ2MiS6Bt0eXtg-114] o.s.a.r.l.SimpleMessageListenerContainer : Restarting Consumer@160a255a: tags=[[]], channel=null, acknowledgeMode=AUTO local queue size=0
2025-12-17T00:18:58.894+05:30  INFO 4824 --- [ORDER-SERVICE] [springCloudBus.anonymous.k7YPYHbOTJ2MiS6Bt0eXtg-115] o.s.a.r.c.CachingConnectionFactory       : Attempting to connect to: [localhost:5672]
2025-12-17T00:19:03.973+05:30  WARN 4824 --- [ORDER-SERVICE] [springCloudBus.anonymous.k7YPYHbOTJ2MiS6Bt0eXtg-115] o.s.a.r.l.SimpleMessageListenerContainer : Consumer raised exception, processing can restart if the connection factory supports it. Exception summary: org.springframework.amqp.AmqpConnectException: java.net.ConnectException: Connection refused: getsockopt
2025-12-17T00:19:03.974+05:30  INFO 4824 --- [ORDER-SERVICE] [springCloudBus.anonymous.k7YPYHbOTJ2MiS6Bt0eXtg-115] o.s.a.r.l.SimpleMessageListenerContainer : Restarting Consumer@3c6f3d9b: tags=[[]], channel=null, acknowledgeMode=AUTO local queue size=0
2025-12-17T00:19:03.976+05:30  INFO 4824 --- [ORDER-SERVICE] [springCloudBus.anonymous.k7YPYHbOTJ2MiS6Bt0eXtg-116] o.s.a.r.c.CachingConnectionFactory       : Attempting to connect to: [localhost:5672]
2025-12-17T00:19:09.065+05:30  WARN 4824 --- [ORDER-SERVICE] [springCloudBus.anonymous.k7YPYHbOTJ2MiS6Bt0eXtg-116] o.s.a.r.l.SimpleMessageListenerContainer : Consumer raised exception, processing can restart if the connection factory supports it. Exception summary: org.springframework.amqp.AmqpConnectException: java.net.ConnectException: Connection refused: getsockopt
2025-12-17T00:19:09.065+05:30  INFO 4824 --- [ORDER-SERVICE] [springCloudBus.anonymous.k7YPYHbOTJ2MiS6Bt0eXtg-116] o.s.a.r.l.SimpleMessageListenerContainer : Restarting Consumer@27018536: tags=[[]], channel=null, acknowledgeMode=AUTO local queue size=0
2025-12-17T00:19:09.067+05:30  INFO 4824 --- [ORDER-SERVICE] [springCloudBus.anonymous.k7YPYHbOTJ2MiS6Bt0eXtg-117] o.s.a.r.c.CachingConnectionFactory       : Attempting to connect to: [localhost:5672]
2025-12-17T00:19:14.212+05:30  WARN 4824 --- [ORDER-SERVICE] [springCloudBus.anonymous.k7YPYHbOTJ2MiS6Bt0eXtg-117] o.s.a.r.l.SimpleMessageListenerContainer : Consumer raised exception, processing can restart if the connection factory supports it. Exception summary: org.springframework.amqp.AmqpConnectException: java.net.ConnectException: Connection refused: getsockopt
2025-12-17T00:19:14.212+05:30  INFO 4824 --- [ORDER-SERVICE] [springCloudBus.anonymous.k7YPYHbOTJ2MiS6Bt0eXtg-117] o.s.a.r.l.SimpleMessageListenerContainer : Restarting Consumer@6350a76a: tags=[[]], channel=null, acknowledgeMode=AUTO local queue size=0
2025-12-17T00:19:14.214+05:30  INFO 4824 --- [ORDER-SERVICE] [springCloudBus.anonymous.k7YPYHbOTJ2MiS6Bt0eXtg-118] o.s.a.r.c.CachingConnectionFactory       : Attempting to connect to: [localhost:5672]
2025-12-17T00:19:14.506+05:30  INFO 4824 --- [ORDER-SERVICE] [AsyncResolver-bootstrap-executor-%d] c.n.d.s.r.aws.ConfigClusterResolver      : Resolving eureka endpoints via configuration
2025-12-17T00:19:19.313+05:30  WARN 4824 --- [ORDER-SERVICE] [springCloudBus.anonymous.k7YPYHbOTJ2MiS6Bt0eXtg-118] o.s.a.r.l.SimpleMessageListenerContainer : Consumer raised exception, processing can restart if the connection factory supports it. Exception summary: org.springframework.amqp.AmqpConnectException: java.net.ConnectException: Connection refused: getsockopt
2025-12-17T00:19:19.313+05:30  INFO 4824 --- [ORDER-SERVICE] [springCloudBus.anonymous.k7YPYHbOTJ2MiS6Bt0eXtg-118] o.s.a.r.l.SimpleMessageListenerContainer : Restarting Consumer@57b09e69: tags=[[]], channel=null, acknowledgeMode=AUTO local queue size=0
2025-12-17T00:19:19.315+05:30  INFO 4824 --- [ORDER-SERVICE] [springCloudBus.anonymous.k7YPYHbOTJ2MiS6Bt0eXtg-119] o.s.a.r.c.CachingConnectionFactory       : Attempting to connect to: [localhost:5672]
2025-12-17T00:19:24.417+05:30  WARN 4824 --- [ORDER-SERVICE] [springCloudBus.anonymous.k7YPYHbOTJ2MiS6Bt0eXtg-119] o.s.a.r.l.SimpleMessageListenerContainer : Consumer raised exception, processing can restart if the connection factory supports it. Exception summary: org.springframework.amqp.AmqpConnectException: java.net.ConnectException: Connection refused: getsockopt
2025-12-17T00:19:24.418+05:30  INFO 4824 --- [ORDER-SERVICE] [springCloudBus.anonymous.k7YPYHbOTJ2MiS6Bt0eXtg-119] o.s.a.r.l.SimpleMessageListenerContainer : Restarting Consumer@111cbd3b: tags=[[]], channel=null, acknowledgeMode=AUTO local queue size=0
2025-12-17T00:19:24.420+05:30  INFO 4824 --- [ORDER-SERVICE] [springCloudBus.anonymous.k7YPYHbOTJ2MiS6Bt0eXtg-120] o.s.a.r.c.CachingConnectionFactory       : Attempting to connect to: [localhost:5672]
2025-12-17T00:19:29.523+05:30  WARN 4824 --- [ORDER-SERVICE] [springCloudBus.anonymous.k7YPYHbOTJ2MiS6Bt0eXtg-120] o.s.a.r.l.SimpleMessageListenerContainer : Consumer raised exception, processing can restart if the connection factory supports it. Exception summary: org.springframework.amqp.AmqpConnectException: java.net.ConnectException: Connection refused: getsockopt
2025-12-17T00:19:29.523+05:30  INFO 4824 --- [ORDER-SERVICE] [springCloudBus.anonymous.k7YPYHbOTJ2MiS6Bt0eXtg-120] o.s.a.r.l.SimpleMessageListenerContainer : Restarting Consumer@6ca33d28: tags=[[]], channel=null, acknowledgeMode=AUTO local queue size=0
2025-12-17T00:19:29.525+05:30  INFO 4824 --- [ORDER-SERVICE] [springCloudBus.anonymous.k7YPYHbOTJ2MiS6Bt0eXtg-121] o.s.a.r.c.CachingConnectionFactory       : Attempting to connect to: [localhost:5672]
2025-12-17T00:19:34.645+05:30  WARN 4824 --- [ORDER-SERVICE] [springCloudBus.anonymous.k7YPYHbOTJ2MiS6Bt0eXtg-121] o.s.a.r.l.SimpleMessageListenerContainer : Consumer raised exception, processing can restart if the connection factory supports it. Exception summary: org.springframework.amqp.AmqpConnectException: java.net.ConnectException: Connection refused: getsockopt
2025-12-17T00:19:34.645+05:30  INFO 4824 --- [ORDER-SERVICE] [springCloudBus.anonymous.k7YPYHbOTJ2MiS6Bt0eXtg-121] o.s.a.r.l.SimpleMessageListenerContainer : Restarting Consumer@5065933f: tags=[[]], channel=null, acknowledgeMode=AUTO local queue size=0
2025-12-17T00:19:34.648+05:30  INFO 4824 --- [ORDER-SERVICE] [springCloudBus.anonymous.k7YPYHbOTJ2MiS6Bt0eXtg-122] o.s.a.r.c.CachingConnectionFactory       : Attempting to connect to: [localhost:5672]
2025-12-17T00:19:39.756+05:30  WARN 4824 --- [ORDER-SERVICE] [springCloudBus.anonymous.k7YPYHbOTJ2MiS6Bt0eXtg-122] o.s.a.r.l.SimpleMessageListenerContainer : Consumer raised exception, processing can restart if the connection factory supports it. Exception summary: org.springframework.amqp.AmqpConnectException: java.net.ConnectException: Connection refused: getsockopt
2025-12-17T00:19:39.757+05:30  INFO 4824 --- [ORDER-SERVICE] [springCloudBus.anonymous.k7YPYHbOTJ2MiS6Bt0eXtg-122] o.s.a.r.l.SimpleMessageListenerContainer : Restarting Consumer@4d2f2940: tags=[[]], channel=null, acknowledgeMode=AUTO local queue size=0
2025-12-17T00:19:39.764+05:30  INFO 4824 --- [ORDER-SERVICE] [springCloudBus.anonymous.k7YPYHbOTJ2MiS6Bt0eXtg-123] o.s.a.r.c.CachingConnectionFactory       : Attempting to connect to: [localhost:5672]
2025-12-17T00:19:44.841+05:30  WARN 4824 --- [ORDER-SERVICE] [springCloudBus.anonymous.k7YPYHbOTJ2MiS6Bt0eXtg-123] o.s.a.r.l.SimpleMessageListenerContainer : Consumer raised exception, processing can restart if the connection factory supports it. Exception summary: org.springframework.amqp.AmqpConnectException: java.net.ConnectException: Connection refused: getsockopt
2025-12-17T00:19:44.842+05:30  INFO 4824 --- [ORDER-SERVICE] [springCloudBus.anonymous.k7YPYHbOTJ2MiS6Bt0eXtg-123] o.s.a.r.l.SimpleMessageListenerContainer : Restarting Consumer@2b18f8cc: tags=[[]], channel=null, acknowledgeMode=AUTO local queue size=0
2025-12-17T00:19:44.844+05:30  INFO 4824 --- [ORDER-SERVICE] [springCloudBus.anonymous.k7YPYHbOTJ2MiS6Bt0eXtg-124] o.s.a.r.c.CachingConnectionFactory       : Attempting to connect to: [localhost:5672]
2025-12-17T00:19:49.959+05:30  WARN 4824 --- [ORDER-SERVICE] [springCloudBus.anonymous.k7YPYHbOTJ2MiS6Bt0eXtg-124] o.s.a.r.l.SimpleMessageListenerContainer : Consumer raised exception, processing can restart if the connection factory supports it. Exception summary: org.springframework.amqp.AmqpConnectException: java.net.ConnectException: Connection refused: getsockopt
2025-12-17T00:19:49.959+05:30  INFO 4824 --- [ORDER-SERVICE] [springCloudBus.anonymous.k7YPYHbOTJ2MiS6Bt0eXtg-124] o.s.a.r.l.SimpleMessageListenerContainer : Restarting Consumer@39ed3abf: tags=[[]], channel=null, acknowledgeMode=AUTO local queue size=0
2025-12-17T00:19:49.962+05:30  INFO 4824 --- [ORDER-SERVICE] [springCloudBus.anonymous.k7YPYHbOTJ2MiS6Bt0eXtg-125] o.s.a.r.c.CachingConnectionFactory       : Attempting to connect to: [localhost:5672]
2025-12-17T00:19:55.059+05:30  WARN 4824 --- [ORDER-SERVICE] [springCloudBus.anonymous.k7YPYHbOTJ2MiS6Bt0eXtg-125] o.s.a.r.l.SimpleMessageListenerContainer : Consumer raised exception, processing can restart if the connection factory supports it. Exception summary: org.springframework.amqp.AmqpConnectException: java.net.ConnectException: Connection refused: getsockopt
2025-12-17T00:19:55.060+05:30  INFO 4824 --- [ORDER-SERVICE] [springCloudBus.anonymous.k7YPYHbOTJ2MiS6Bt0eXtg-125] o.s.a.r.l.SimpleMessageListenerContainer : Restarting Consumer@1615b210: tags=[[]], channel=null, acknowledgeMode=AUTO local queue size=0
2025-12-17T00:19:55.063+05:30  INFO 4824 --- [ORDER-SERVICE] [springCloudBus.anonymous.k7YPYHbOTJ2MiS6Bt0eXtg-126] o.s.a.r.c.CachingConnectionFactory       : Attempting to connect to: [localhost:5672]
2025-12-17T00:20:00.135+05:30  WARN 4824 --- [ORDER-SERVICE] [springCloudBus.anonymous.k7YPYHbOTJ2MiS6Bt0eXtg-126] o.s.a.r.l.SimpleMessageListenerContainer : Consumer raised exception, processing can restart if the connection factory supports it. Exception summary: org.springframework.amqp.AmqpConnectException: java.net.ConnectException: Connection refused: getsockopt
2025-12-17T00:20:00.136+05:30  INFO 4824 --- [ORDER-SERVICE] [springCloudBus.anonymous.k7YPYHbOTJ2MiS6Bt0eXtg-126] o.s.a.r.l.SimpleMessageListenerContainer : Restarting Consumer@38d02693: tags=[[]], channel=null, acknowledgeMode=AUTO local queue size=0
2025-12-17T00:20:00.139+05:30  INFO 4824 --- [ORDER-SERVICE] [springCloudBus.anonymous.k7YPYHbOTJ2MiS6Bt0eXtg-127] o.s.a.r.c.CachingConnectionFactory       : Attempting to connect to: [localhost:5672]
2025-12-17T00:20:05.229+05:30  WARN 4824 --- [ORDER-SERVICE] [springCloudBus.anonymous.k7YPYHbOTJ2MiS6Bt0eXtg-127] o.s.a.r.l.SimpleMessageListenerContainer : Consumer raised exception, processing can restart if the connection factory supports it. Exception summary: org.springframework.amqp.AmqpConnectException: java.net.ConnectException: Connection refused: getsockopt
2025-12-17T00:20:05.229+05:30  INFO 4824 --- [ORDER-SERVICE] [springCloudBus.anonymous.k7YPYHbOTJ2MiS6Bt0eXtg-127] o.s.a.r.l.SimpleMessageListenerContainer : Restarting Consumer@15164d06: tags=[[]], channel=null, acknowledgeMode=AUTO local queue size=0
2025-12-17T00:20:05.234+05:30  INFO 4824 --- [ORDER-SERVICE] [springCloudBus.anonymous.k7YPYHbOTJ2MiS6Bt0eXtg-128] o.s.a.r.c.CachingConnectionFactory       : Attempting to connect to: [localhost:5672]
2025-12-17T00:20:10.334+05:30  WARN 4824 --- [ORDER-SERVICE] [springCloudBus.anonymous.k7YPYHbOTJ2MiS6Bt0eXtg-128] o.s.a.r.l.SimpleMessageListenerContainer : Consumer raised exception, processing can restart if the connection factory supports it. Exception summary: org.springframework.amqp.AmqpConnectException: java.net.ConnectException: Connection refused: getsockopt
2025-12-17T00:20:10.335+05:30  INFO 4824 --- [ORDER-SERVICE] [springCloudBus.anonymous.k7YPYHbOTJ2MiS6Bt0eXtg-128] o.s.a.r.l.SimpleMessageListenerContainer : Restarting Consumer@21116b36: tags=[[]], channel=null, acknowledgeMode=AUTO local queue size=0
2025-12-17T00:20:10.337+05:30  INFO 4824 --- [ORDER-SERVICE] [springCloudBus.anonymous.k7YPYHbOTJ2MiS6Bt0eXtg-129] o.s.a.r.c.CachingConnectionFactory       : Attempting to connect to: [localhost:5672]
2025-12-17T00:20:15.435+05:30  WARN 4824 --- [ORDER-SERVICE] [springCloudBus.anonymous.k7YPYHbOTJ2MiS6Bt0eXtg-129] o.s.a.r.l.SimpleMessageListenerContainer : Consumer raised exception, processing can restart if the connection factory supports it. Exception summary: org.springframework.amqp.AmqpConnectException: java.net.ConnectException: Connection refused: getsockopt
2025-12-17T00:20:15.436+05:30  INFO 4824 --- [ORDER-SERVICE] [springCloudBus.anonymous.k7YPYHbOTJ2MiS6Bt0eXtg-129] o.s.a.r.l.SimpleMessageListenerContainer : Restarting Consumer@3c35f862: tags=[[]], channel=null, acknowledgeMode=AUTO local queue size=0
2025-12-17T00:20:15.439+05:30  INFO 4824 --- [ORDER-SERVICE] [springCloudBus.anonymous.k7YPYHbOTJ2MiS6Bt0eXtg-130] o.s.a.r.c.CachingConnectionFactory       : Attempting to connect to: [localhost:5672]
2025-12-17T00:20:20.504+05:30  WARN 4824 --- [ORDER-SERVICE] [springCloudBus.anonymous.k7YPYHbOTJ2MiS6Bt0eXtg-130] o.s.a.r.l.SimpleMessageListenerContainer : Consumer raised exception, processing can restart if the connection factory supports it. Exception summary: org.springframework.amqp.AmqpConnectException: java.net.ConnectException: Connection refused: getsockopt
2025-12-17T00:20:20.504+05:30  INFO 4824 --- [ORDER-SERVICE] [springCloudBus.anonymous.k7YPYHbOTJ2MiS6Bt0eXtg-130] o.s.a.r.l.SimpleMessageListenerContainer : Restarting Consumer@71a3bd1b: tags=[[]], channel=null, acknowledgeMode=AUTO local queue size=0
2025-12-17T00:20:20.510+05:30  INFO 4824 --- [ORDER-SERVICE] [springCloudBus.anonymous.k7YPYHbOTJ2MiS6Bt0eXtg-131] o.s.a.r.c.CachingConnectionFactory       : Attempting to connect to: [localhost:5672]
2025-12-17T00:20:25.546+05:30  WARN 4824 --- [ORDER-SERVICE] [springCloudBus.anonymous.k7YPYHbOTJ2MiS6Bt0eXtg-131] o.s.a.r.l.SimpleMessageListenerContainer : Consumer raised exception, processing can restart if the connection factory supports it. Exception summary: org.springframework.amqp.AmqpConnectException: java.net.ConnectException: Connection refused: getsockopt
2025-12-17T00:20:25.546+05:30  INFO 4824 --- [ORDER-SERVICE] [springCloudBus.anonymous.k7YPYHbOTJ2MiS6Bt0eXtg-131] o.s.a.r.l.SimpleMessageListenerContainer : Restarting Consumer@3aca0e46: tags=[[]], channel=null, acknowledgeMode=AUTO local queue size=0
2025-12-17T00:20:25.550+05:30  INFO 4824 --- [ORDER-SERVICE] [springCloudBus.anonymous.k7YPYHbOTJ2MiS6Bt0eXtg-132] o.s.a.r.c.CachingConnectionFactory       : Attempting to connect to: [localhost:5672]
2025-12-17T00:20:30.699+05:30  WARN 4824 --- [ORDER-SERVICE] [springCloudBus.anonymous.k7YPYHbOTJ2MiS6Bt0eXtg-132] o.s.a.r.l.SimpleMessageListenerContainer : Consumer raised exception, processing can restart if the connection factory supports it. Exception summary: org.springframework.amqp.AmqpConnectException: java.net.ConnectException: Connection refused: getsockopt
2025-12-17T00:20:30.700+05:30  INFO 4824 --- [ORDER-SERVICE] [springCloudBus.anonymous.k7YPYHbOTJ2MiS6Bt0eXtg-132] o.s.a.r.l.SimpleMessageListenerContainer : Restarting Consumer@624a1de5: tags=[[]], channel=null, acknowledgeMode=AUTO local queue size=0
2025-12-17T00:20:30.702+05:30  INFO 4824 --- [ORDER-SERVICE] [springCloudBus.anonymous.k7YPYHbOTJ2MiS6Bt0eXtg-133] o.s.a.r.c.CachingConnectionFactory       : Attempting to connect to: [localhost:5672]
2025-12-17T00:20:35.798+05:30  WARN 4824 --- [ORDER-SERVICE] [springCloudBus.anonymous.k7YPYHbOTJ2MiS6Bt0eXtg-133] o.s.a.r.l.SimpleMessageListenerContainer : Consumer raised exception, processing can restart if the connection factory supports it. Exception summary: org.springframework.amqp.AmqpConnectException: java.net.ConnectException: Connection refused: getsockopt
2025-12-17T00:20:35.798+05:30  INFO 4824 --- [ORDER-SERVICE] [springCloudBus.anonymous.k7YPYHbOTJ2MiS6Bt0eXtg-133] o.s.a.r.l.SimpleMessageListenerContainer : Restarting Consumer@1c3d765: tags=[[]], channel=null, acknowledgeMode=AUTO local queue size=0
2025-12-17T00:20:35.801+05:30  INFO 4824 --- [ORDER-SERVICE] [springCloudBus.anonymous.k7YPYHbOTJ2MiS6Bt0eXtg-134] o.s.a.r.c.CachingConnectionFactory       : Attempting to connect to: [localhost:5672]
2025-12-17T00:20:40.974+05:30  WARN 4824 --- [ORDER-SERVICE] [springCloudBus.anonymous.k7YPYHbOTJ2MiS6Bt0eXtg-134] o.s.a.r.l.SimpleMessageListenerContainer : Consumer raised exception, processing can restart if the connection factory supports it. Exception summary: org.springframework.amqp.AmqpConnectException: java.net.ConnectException: Connection refused: getsockopt
2025-12-17T00:20:40.974+05:30  INFO 4824 --- [ORDER-SERVICE] [springCloudBus.anonymous.k7YPYHbOTJ2MiS6Bt0eXtg-134] o.s.a.r.l.SimpleMessageListenerContainer : Restarting Consumer@7591f5c6: tags=[[]], channel=null, acknowledgeMode=AUTO local queue size=0
2025-12-17T00:20:40.977+05:30  INFO 4824 --- [ORDER-SERVICE] [springCloudBus.anonymous.k7YPYHbOTJ2MiS6Bt0eXtg-135] o.s.a.r.c.CachingConnectionFactory       : Attempting to connect to: [localhost:5672]
2025-12-17T00:20:46.151+05:30  WARN 4824 --- [ORDER-SERVICE] [springCloudBus.anonymous.k7YPYHbOTJ2MiS6Bt0eXtg-135] o.s.a.r.l.SimpleMessageListenerContainer : Consumer raised exception, processing can restart if the connection factory supports it. Exception summary: org.springframework.amqp.AmqpConnectException: java.net.ConnectException: Connection refused: getsockopt
2025-12-17T00:20:46.151+05:30  INFO 4824 --- [ORDER-SERVICE] [springCloudBus.anonymous.k7YPYHbOTJ2MiS6Bt0eXtg-135] o.s.a.r.l.SimpleMessageListenerContainer : Restarting Consumer@27f6db9d: tags=[[]], channel=null, acknowledgeMode=AUTO local queue size=0
2025-12-17T00:20:46.153+05:30  INFO 4824 --- [ORDER-SERVICE] [springCloudBus.anonymous.k7YPYHbOTJ2MiS6Bt0eXtg-136] o.s.a.r.c.CachingConnectionFactory       : Attempting to connect to: [localhost:5672]
2025-12-17T00:20:51.348+05:30  WARN 4824 --- [ORDER-SERVICE] [springCloudBus.anonymous.k7YPYHbOTJ2MiS6Bt0eXtg-136] o.s.a.r.l.SimpleMessageListenerContainer : Consumer raised exception, processing can restart if the connection factory supports it. Exception summary: org.springframework.amqp.AmqpConnectException: java.net.ConnectException: Connection refused: getsockopt
2025-12-17T00:20:51.348+05:30  INFO 4824 --- [ORDER-SERVICE] [springCloudBus.anonymous.k7YPYHbOTJ2MiS6Bt0eXtg-136] o.s.a.r.l.SimpleMessageListenerContainer : Restarting Consumer@5859cf88: tags=[[]], channel=null, acknowledgeMode=AUTO local queue size=0
2025-12-17T00:20:51.352+05:30  INFO 4824 --- [ORDER-SERVICE] [springCloudBus.anonymous.k7YPYHbOTJ2MiS6Bt0eXtg-137] o.s.a.r.c.CachingConnectionFactory       : Attempting to connect to: [localhost:5672]
2025-12-17T00:20:56.539+05:30  WARN 4824 --- [ORDER-SERVICE] [springCloudBus.anonymous.k7YPYHbOTJ2MiS6Bt0eXtg-137] o.s.a.r.l.SimpleMessageListenerContainer : Consumer raised exception, processing can restart if the connection factory supports it. Exception summary: org.springframework.amqp.AmqpConnectException: java.net.ConnectException: Connection refused: getsockopt
2025-12-17T00:20:56.540+05:30  INFO 4824 --- [ORDER-SERVICE] [springCloudBus.anonymous.k7YPYHbOTJ2MiS6Bt0eXtg-137] o.s.a.r.l.SimpleMessageListenerContainer : Restarting Consumer@503fe498: tags=[[]], channel=null, acknowledgeMode=AUTO local queue size=0
2025-12-17T00:20:56.542+05:30  INFO 4824 --- [ORDER-SERVICE] [springCloudBus.anonymous.k7YPYHbOTJ2MiS6Bt0eXtg-138] o.s.a.r.c.CachingConnectionFactory       : Attempting to connect to: [localhost:5672]
2025-12-17T00:21:01.671+05:30  WARN 4824 --- [ORDER-SERVICE] [springCloudBus.anonymous.k7YPYHbOTJ2MiS6Bt0eXtg-138] o.s.a.r.l.SimpleMessageListenerContainer : Consumer raised exception, processing can restart if the connection factory supports it. Exception summary: org.springframework.amqp.AmqpConnectException: java.net.ConnectException: Connection refused: getsockopt
2025-12-17T00:21:01.672+05:30  INFO 4824 --- [ORDER-SERVICE] [springCloudBus.anonymous.k7YPYHbOTJ2MiS6Bt0eXtg-138] o.s.a.r.l.SimpleMessageListenerContainer : Restarting Consumer@1d2b53ba: tags=[[]], channel=null, acknowledgeMode=AUTO local queue size=0
2025-12-17T00:21:01.674+05:30  INFO 4824 --- [ORDER-SERVICE] [springCloudBus.anonymous.k7YPYHbOTJ2MiS6Bt0eXtg-139] o.s.a.r.c.CachingConnectionFactory       : Attempting to connect to: [localhost:5672]
2025-12-17T00:21:06.830+05:30  WARN 4824 --- [ORDER-SERVICE] [springCloudBus.anonymous.k7YPYHbOTJ2MiS6Bt0eXtg-139] o.s.a.r.l.SimpleMessageListenerContainer : Consumer raised exception, processing can restart if the connection factory supports it. Exception summary: org.springframework.amqp.AmqpConnectException: java.net.ConnectException: Connection refused: getsockopt
2025-12-17T00:21:06.830+05:30  INFO 4824 --- [ORDER-SERVICE] [springCloudBus.anonymous.k7YPYHbOTJ2MiS6Bt0eXtg-139] o.s.a.r.l.SimpleMessageListenerContainer : Restarting Consumer@46dea92f: tags=[[]], channel=null, acknowledgeMode=AUTO local queue size=0
2025-12-17T00:21:06.832+05:30  INFO 4824 --- [ORDER-SERVICE] [springCloudBus.anonymous.k7YPYHbOTJ2MiS6Bt0eXtg-140] o.s.a.r.c.CachingConnectionFactory       : Attempting to connect to: [localhost:5672]
2025-12-17T00:21:11.993+05:30  WARN 4824 --- [ORDER-SERVICE] [springCloudBus.anonymous.k7YPYHbOTJ2MiS6Bt0eXtg-140] o.s.a.r.l.SimpleMessageListenerContainer : Consumer raised exception, processing can restart if the connection factory supports it. Exception summary: org.springframework.amqp.AmqpConnectException: java.net.ConnectException: Connection refused: getsockopt
2025-12-17T00:21:11.993+05:30  INFO 4824 --- [ORDER-SERVICE] [springCloudBus.anonymous.k7YPYHbOTJ2MiS6Bt0eXtg-140] o.s.a.r.l.SimpleMessageListenerContainer : Restarting Consumer@175a438d: tags=[[]], channel=null, acknowledgeMode=AUTO local queue size=0
2025-12-17T00:21:11.996+05:30  INFO 4824 --- [ORDER-SERVICE] [springCloudBus.anonymous.k7YPYHbOTJ2MiS6Bt0eXtg-141] o.s.a.r.c.CachingConnectionFactory       : Attempting to connect to: [localhost:5672]
2025-12-17T00:21:17.085+05:30  WARN 4824 --- [ORDER-SERVICE] [springCloudBus.anonymous.k7YPYHbOTJ2MiS6Bt0eXtg-141] o.s.a.r.l.SimpleMessageListenerContainer : Consumer raised exception, processing can restart if the connection factory supports it. Exception summary: org.springframework.amqp.AmqpConnectException: java.net.ConnectException: Connection refused: getsockopt
2025-12-17T00:21:17.086+05:30  INFO 4824 --- [ORDER-SERVICE] [springCloudBus.anonymous.k7YPYHbOTJ2MiS6Bt0eXtg-141] o.s.a.r.l.SimpleMessageListenerContainer : Restarting Consumer@6dc137c0: tags=[[]], channel=null, acknowledgeMode=AUTO local queue size=0
2025-12-17T00:21:17.089+05:30  INFO 4824 --- [ORDER-SERVICE] [springCloudBus.anonymous.k7YPYHbOTJ2MiS6Bt0eXtg-142] o.s.a.r.c.CachingConnectionFactory       : Attempting to connect to: [localhost:5672]
2025-12-17T00:21:22.228+05:30  WARN 4824 --- [ORDER-SERVICE] [springCloudBus.anonymous.k7YPYHbOTJ2MiS6Bt0eXtg-142] o.s.a.r.l.SimpleMessageListenerContainer : Consumer raised exception, processing can restart if the connection factory supports it. Exception summary: org.springframework.amqp.AmqpConnectException: java.net.ConnectException: Connection refused: getsockopt
2025-12-17T00:21:22.228+05:30  INFO 4824 --- [ORDER-SERVICE] [springCloudBus.anonymous.k7YPYHbOTJ2MiS6Bt0eXtg-142] o.s.a.r.l.SimpleMessageListenerContainer : Restarting Consumer@4f839d2f: tags=[[]], channel=null, acknowledgeMode=AUTO local queue size=0
2025-12-17T00:21:22.230+05:30  INFO 4824 --- [ORDER-SERVICE] [springCloudBus.anonymous.k7YPYHbOTJ2MiS6Bt0eXtg-143] o.s.a.r.c.CachingConnectionFactory       : Attempting to connect to: [localhost:5672]
2025-12-17T00:21:27.373+05:30  WARN 4824 --- [ORDER-SERVICE] [springCloudBus.anonymous.k7YPYHbOTJ2MiS6Bt0eXtg-143] o.s.a.r.l.SimpleMessageListenerContainer : Consumer raised exception, processing can restart if the connection factory supports it. Exception summary: org.springframework.amqp.AmqpConnectException: java.net.ConnectException: Connection refused: getsockopt
2025-12-17T00:21:27.375+05:30  INFO 4824 --- [ORDER-SERVICE] [springCloudBus.anonymous.k7YPYHbOTJ2MiS6Bt0eXtg-143] o.s.a.r.l.SimpleMessageListenerContainer : Restarting Consumer@b83885a: tags=[[]], channel=null, acknowledgeMode=AUTO local queue size=0
2025-12-17T00:21:27.383+05:30  INFO 4824 --- [ORDER-SERVICE] [springCloudBus.anonymous.k7YPYHbOTJ2MiS6Bt0eXtg-144] o.s.a.r.c.CachingConnectionFactory       : Attempting to connect to: [localhost:5672]
2025-12-17T00:21:32.542+05:30  WARN 4824 --- [ORDER-SERVICE] [springCloudBus.anonymous.k7YPYHbOTJ2MiS6Bt0eXtg-144] o.s.a.r.l.SimpleMessageListenerContainer : Consumer raised exception, processing can restart if the connection factory supports it. Exception summary: org.springframework.amqp.AmqpConnectException: java.net.ConnectException: Connection refused: getsockopt
2025-12-17T00:21:32.543+05:30  INFO 4824 --- [ORDER-SERVICE] [springCloudBus.anonymous.k7YPYHbOTJ2MiS6Bt0eXtg-144] o.s.a.r.l.SimpleMessageListenerContainer : Restarting Consumer@3aa0bf64: tags=[[]], channel=null, acknowledgeMode=AUTO local queue size=0
2025-12-17T00:21:32.555+05:30  INFO 4824 --- [ORDER-SERVICE] [springCloudBus.anonymous.k7YPYHbOTJ2MiS6Bt0eXtg-145] o.s.a.r.c.CachingConnectionFactory       : Attempting to connect to: [localhost:5672]
2025-12-17T00:21:37.641+05:30  WARN 4824 --- [ORDER-SERVICE] [springCloudBus.anonymous.k7YPYHbOTJ2MiS6Bt0eXtg-145] o.s.a.r.l.SimpleMessageListenerContainer : Consumer raised exception, processing can restart if the connection factory supports it. Exception summary: org.springframework.amqp.AmqpConnectException: java.net.ConnectException: Connection refused: getsockopt
2025-12-17T00:21:37.641+05:30  INFO 4824 --- [ORDER-SERVICE] [springCloudBus.anonymous.k7YPYHbOTJ2MiS6Bt0eXtg-145] o.s.a.r.l.SimpleMessageListenerContainer : Restarting Consumer@1241d2be: tags=[[]], channel=null, acknowledgeMode=AUTO local queue size=0
2025-12-17T00:21:37.643+05:30  INFO 4824 --- [ORDER-SERVICE] [springCloudBus.anonymous.k7YPYHbOTJ2MiS6Bt0eXtg-146] o.s.a.r.c.CachingConnectionFactory       : Attempting to connect to: [localhost:5672]
2025-12-17T00:21:42.804+05:30  WARN 4824 --- [ORDER-SERVICE] [springCloudBus.anonymous.k7YPYHbOTJ2MiS6Bt0eXtg-146] o.s.a.r.l.SimpleMessageListenerContainer : Consumer raised exception, processing can restart if the connection factory supports it. Exception summary: org.springframework.amqp.AmqpConnectException: java.net.ConnectException: Connection refused: getsockopt
2025-12-17T00:21:42.805+05:30  INFO 4824 --- [ORDER-SERVICE] [springCloudBus.anonymous.k7YPYHbOTJ2MiS6Bt0eXtg-146] o.s.a.r.l.SimpleMessageListenerContainer : Restarting Consumer@25686fe0: tags=[[]], channel=null, acknowledgeMode=AUTO local queue size=0
2025-12-17T00:21:42.808+05:30  INFO 4824 --- [ORDER-SERVICE] [springCloudBus.anonymous.k7YPYHbOTJ2MiS6Bt0eXtg-147] o.s.a.r.c.CachingConnectionFactory       : Attempting to connect to: [localhost:5672]
2025-12-17T00:21:47.896+05:30  WARN 4824 --- [ORDER-SERVICE] [springCloudBus.anonymous.k7YPYHbOTJ2MiS6Bt0eXtg-147] o.s.a.r.l.SimpleMessageListenerContainer : Consumer raised exception, processing can restart if the connection factory supports it. Exception summary: org.springframework.amqp.AmqpConnectException: java.net.ConnectException: Connection refused: getsockopt
2025-12-17T00:21:47.897+05:30  INFO 4824 --- [ORDER-SERVICE] [springCloudBus.anonymous.k7YPYHbOTJ2MiS6Bt0eXtg-147] o.s.a.r.l.SimpleMessageListenerContainer : Restarting Consumer@21adbe4c: tags=[[]], channel=null, acknowledgeMode=AUTO local queue size=0
2025-12-17T00:21:47.899+05:30  INFO 4824 --- [ORDER-SERVICE] [springCloudBus.anonymous.k7YPYHbOTJ2MiS6Bt0eXtg-148] o.s.a.r.c.CachingConnectionFactory       : Attempting to connect to: [localhost:5672]
2025-12-17T00:21:53.034+05:30  WARN 4824 --- [ORDER-SERVICE] [springCloudBus.anonymous.k7YPYHbOTJ2MiS6Bt0eXtg-148] o.s.a.r.l.SimpleMessageListenerContainer : Consumer raised exception, processing can restart if the connection factory supports it. Exception summary: org.springframework.amqp.AmqpConnectException: java.net.ConnectException: Connection refused: getsockopt
2025-12-17T00:21:53.035+05:30  INFO 4824 --- [ORDER-SERVICE] [springCloudBus.anonymous.k7YPYHbOTJ2MiS6Bt0eXtg-148] o.s.a.r.l.SimpleMessageListenerContainer : Restarting Consumer@67afeef8: tags=[[]], channel=null, acknowledgeMode=AUTO local queue size=0
2025-12-17T00:21:53.037+05:30  INFO 4824 --- [ORDER-SERVICE] [springCloudBus.anonymous.k7YPYHbOTJ2MiS6Bt0eXtg-149] o.s.a.r.c.CachingConnectionFactory       : Attempting to connect to: [localhost:5672]
2025-12-17T00:21:58.167+05:30  WARN 4824 --- [ORDER-SERVICE] [springCloudBus.anonymous.k7YPYHbOTJ2MiS6Bt0eXtg-149] o.s.a.r.l.SimpleMessageListenerContainer : Consumer raised exception, processing can restart if the connection factory supports it. Exception summary: org.springframework.amqp.AmqpConnectException: java.net.ConnectException: Connection refused: getsockopt
2025-12-17T00:21:58.168+05:30  INFO 4824 --- [ORDER-SERVICE] [springCloudBus.anonymous.k7YPYHbOTJ2MiS6Bt0eXtg-149] o.s.a.r.l.SimpleMessageListenerContainer : Restarting Consumer@aaebf17: tags=[[]], channel=null, acknowledgeMode=AUTO local queue size=0
2025-12-17T00:21:58.171+05:30  INFO 4824 --- [ORDER-SERVICE] [springCloudBus.anonymous.k7YPYHbOTJ2MiS6Bt0eXtg-150] o.s.a.r.c.CachingConnectionFactory       : Attempting to connect to: [localhost:5672]
2025-12-17T00:22:03.286+05:30  WARN 4824 --- [ORDER-SERVICE] [springCloudBus.anonymous.k7YPYHbOTJ2MiS6Bt0eXtg-150] o.s.a.r.l.SimpleMessageListenerContainer : Consumer raised exception, processing can restart if the connection factory supports it. Exception summary: org.springframework.amqp.AmqpConnectException: java.net.ConnectException: Connection refused: getsockopt
2025-12-17T00:22:03.286+05:30  INFO 4824 --- [ORDER-SERVICE] [springCloudBus.anonymous.k7YPYHbOTJ2MiS6Bt0eXtg-150] o.s.a.r.l.SimpleMessageListenerContainer : Restarting Consumer@66afb171: tags=[[]], channel=null, acknowledgeMode=AUTO local queue size=0
2025-12-17T00:22:03.289+05:30  INFO 4824 --- [ORDER-SERVICE] [springCloudBus.anonymous.k7YPYHbOTJ2MiS6Bt0eXtg-151] o.s.a.r.c.CachingConnectionFactory       : Attempting to connect to: [localhost:5672]
2025-12-17T00:22:08.432+05:30  WARN 4824 --- [ORDER-SERVICE] [springCloudBus.anonymous.k7YPYHbOTJ2MiS6Bt0eXtg-151] o.s.a.r.l.SimpleMessageListenerContainer : Consumer raised exception, processing can restart if the connection factory supports it. Exception summary: org.springframework.amqp.AmqpConnectException: java.net.ConnectException: Connection refused: getsockopt
2025-12-17T00:22:08.432+05:30  INFO 4824 --- [ORDER-SERVICE] [springCloudBus.anonymous.k7YPYHbOTJ2MiS6Bt0eXtg-151] o.s.a.r.l.SimpleMessageListenerContainer : Restarting Consumer@7dd58243: tags=[[]], channel=null, acknowledgeMode=AUTO local queue size=0
2025-12-17T00:22:08.435+05:30  INFO 4824 --- [ORDER-SERVICE] [springCloudBus.anonymous.k7YPYHbOTJ2MiS6Bt0eXtg-152] o.s.a.r.c.CachingConnectionFactory       : Attempting to connect to: [localhost:5672]
2025-12-17T00:22:13.612+05:30  WARN 4824 --- [ORDER-SERVICE] [springCloudBus.anonymous.k7YPYHbOTJ2MiS6Bt0eXtg-152] o.s.a.r.l.SimpleMessageListenerContainer : Consumer raised exception, processing can restart if the connection factory supports it. Exception summary: org.springframework.amqp.AmqpConnectException: java.net.ConnectException: Connection refused: getsockopt
2025-12-17T00:22:13.612+05:30  INFO 4824 --- [ORDER-SERVICE] [springCloudBus.anonymous.k7YPYHbOTJ2MiS6Bt0eXtg-152] o.s.a.r.l.SimpleMessageListenerContainer : Restarting Consumer@1b2f93af: tags=[[]], channel=null, acknowledgeMode=AUTO local queue size=0
2025-12-17T00:22:13.615+05:30  INFO 4824 --- [ORDER-SERVICE] [springCloudBus.anonymous.k7YPYHbOTJ2MiS6Bt0eXtg-153] o.s.a.r.c.CachingConnectionFactory       : Attempting to connect to: [localhost:5672]
2025-12-17T00:22:18.765+05:30  WARN 4824 --- [ORDER-SERVICE] [springCloudBus.anonymous.k7YPYHbOTJ2MiS6Bt0eXtg-153] o.s.a.r.l.SimpleMessageListenerContainer : Consumer raised exception, processing can restart if the connection factory supports it. Exception summary: org.springframework.amqp.AmqpConnectException: java.net.ConnectException: Connection refused: getsockopt
2025-12-17T00:22:18.766+05:30  INFO 4824 --- [ORDER-SERVICE] [springCloudBus.anonymous.k7YPYHbOTJ2MiS6Bt0eXtg-153] o.s.a.r.l.SimpleMessageListenerContainer : Restarting Consumer@5c38a243: tags=[[]], channel=null, acknowledgeMode=AUTO local queue size=0
2025-12-17T00:22:18.769+05:30  INFO 4824 --- [ORDER-SERVICE] [springCloudBus.anonymous.k7YPYHbOTJ2MiS6Bt0eXtg-154] o.s.a.r.c.CachingConnectionFactory       : Attempting to connect to: [localhost:5672]
2025-12-17T00:22:23.883+05:30  WARN 4824 --- [ORDER-SERVICE] [springCloudBus.anonymous.k7YPYHbOTJ2MiS6Bt0eXtg-154] o.s.a.r.l.SimpleMessageListenerContainer : Consumer raised exception, processing can restart if the connection factory supports it. Exception summary: org.springframework.amqp.AmqpConnectException: java.net.ConnectException: Connection refused: getsockopt
2025-12-17T00:22:23.883+05:30  INFO 4824 --- [ORDER-SERVICE] [springCloudBus.anonymous.k7YPYHbOTJ2MiS6Bt0eXtg-154] o.s.a.r.l.SimpleMessageListenerContainer : Restarting Consumer@1c3cad92: tags=[[]], channel=null, acknowledgeMode=AUTO local queue size=0
2025-12-17T00:22:23.887+05:30  INFO 4824 --- [ORDER-SERVICE] [springCloudBus.anonymous.k7YPYHbOTJ2MiS6Bt0eXtg-155] o.s.a.r.c.CachingConnectionFactory       : Attempting to connect to: [localhost:5672]
2025-12-17T00:22:29.029+05:30  WARN 4824 --- [ORDER-SERVICE] [springCloudBus.anonymous.k7YPYHbOTJ2MiS6Bt0eXtg-155] o.s.a.r.l.SimpleMessageListenerContainer : Consumer raised exception, processing can restart if the connection factory supports it. Exception summary: org.springframework.amqp.AmqpConnectException: java.net.ConnectException: Connection refused: getsockopt
2025-12-17T00:22:29.029+05:30  INFO 4824 --- [ORDER-SERVICE] [springCloudBus.anonymous.k7YPYHbOTJ2MiS6Bt0eXtg-155] o.s.a.r.l.SimpleMessageListenerContainer : Restarting Consumer@16fda1f7: tags=[[]], channel=null, acknowledgeMode=AUTO local queue size=0
2025-12-17T00:22:29.032+05:30  INFO 4824 --- [ORDER-SERVICE] [springCloudBus.anonymous.k7YPYHbOTJ2MiS6Bt0eXtg-156] o.s.a.r.c.CachingConnectionFactory       : Attempting to connect to: [localhost:5672]
2025-12-17T00:22:34.203+05:30  WARN 4824 --- [ORDER-SERVICE] [springCloudBus.anonymous.k7YPYHbOTJ2MiS6Bt0eXtg-156] o.s.a.r.l.SimpleMessageListenerContainer : Consumer raised exception, processing can restart if the connection factory supports it. Exception summary: org.springframework.amqp.AmqpConnectException: java.net.ConnectException: Connection refused: getsockopt
2025-12-17T00:22:34.204+05:30  INFO 4824 --- [ORDER-SERVICE] [springCloudBus.anonymous.k7YPYHbOTJ2MiS6Bt0eXtg-156] o.s.a.r.l.SimpleMessageListenerContainer : Restarting Consumer@749cfb7d: tags=[[]], channel=null, acknowledgeMode=AUTO local queue size=0
2025-12-17T00:22:34.206+05:30  INFO 4824 --- [ORDER-SERVICE] [springCloudBus.anonymous.k7YPYHbOTJ2MiS6Bt0eXtg-157] o.s.a.r.c.CachingConnectionFactory       : Attempting to connect to: [localhost:5672]
2025-12-17T00:22:39.292+05:30  WARN 4824 --- [ORDER-SERVICE] [springCloudBus.anonymous.k7YPYHbOTJ2MiS6Bt0eXtg-157] o.s.a.r.l.SimpleMessageListenerContainer : Consumer raised exception, processing can restart if the connection factory supports it. Exception summary: org.springframework.amqp.AmqpConnectException: java.net.ConnectException: Connection refused: getsockopt
2025-12-17T00:22:39.293+05:30  INFO 4824 --- [ORDER-SERVICE] [springCloudBus.anonymous.k7YPYHbOTJ2MiS6Bt0eXtg-157] o.s.a.r.l.SimpleMessageListenerContainer : Restarting Consumer@154a45bd: tags=[[]], channel=null, acknowledgeMode=AUTO local queue size=0
2025-12-17T00:22:39.295+05:30  INFO 4824 --- [ORDER-SERVICE] [springCloudBus.anonymous.k7YPYHbOTJ2MiS6Bt0eXtg-158] o.s.a.r.c.CachingConnectionFactory       : Attempting to connect to: [localhost:5672]
2025-12-17T00:22:44.411+05:30  WARN 4824 --- [ORDER-SERVICE] [springCloudBus.anonymous.k7YPYHbOTJ2MiS6Bt0eXtg-158] o.s.a.r.l.SimpleMessageListenerContainer : Consumer raised exception, processing can restart if the connection factory supports it. Exception summary: org.springframework.amqp.AmqpConnectException: java.net.ConnectException: Connection refused: getsockopt
2025-12-17T00:22:44.412+05:30  INFO 4824 --- [ORDER-SERVICE] [springCloudBus.anonymous.k7YPYHbOTJ2MiS6Bt0eXtg-158] o.s.a.r.l.SimpleMessageListenerContainer : Restarting Consumer@35368a43: tags=[[]], channel=null, acknowledgeMode=AUTO local queue size=0
2025-12-17T00:22:44.414+05:30  INFO 4824 --- [ORDER-SERVICE] [springCloudBus.anonymous.k7YPYHbOTJ2MiS6Bt0eXtg-159] o.s.a.r.c.CachingConnectionFactory       : Attempting to connect to: [localhost:5672]
2025-12-17T00:22:49.501+05:30  WARN 4824 --- [ORDER-SERVICE] [springCloudBus.anonymous.k7YPYHbOTJ2MiS6Bt0eXtg-159] o.s.a.r.l.SimpleMessageListenerContainer : Consumer raised exception, processing can restart if the connection factory supports it. Exception summary: org.springframework.amqp.AmqpConnectException: java.net.ConnectException: Connection refused: getsockopt
2025-12-17T00:22:49.501+05:30  INFO 4824 --- [ORDER-SERVICE] [springCloudBus.anonymous.k7YPYHbOTJ2MiS6Bt0eXtg-159] o.s.a.r.l.SimpleMessageListenerContainer : Restarting Consumer@48e7b17d: tags=[[]], channel=null, acknowledgeMode=AUTO local queue size=0
2025-12-17T00:22:49.504+05:30  INFO 4824 --- [ORDER-SERVICE] [springCloudBus.anonymous.k7YPYHbOTJ2MiS6Bt0eXtg-160] o.s.a.r.c.CachingConnectionFactory       : Attempting to connect to: [localhost:5672]
2025-12-17T00:22:54.617+05:30  WARN 4824 --- [ORDER-SERVICE] [springCloudBus.anonymous.k7YPYHbOTJ2MiS6Bt0eXtg-160] o.s.a.r.l.SimpleMessageListenerContainer : Consumer raised exception, processing can restart if the connection factory supports it. Exception summary: org.springframework.amqp.AmqpConnectException: java.net.ConnectException: Connection refused: getsockopt
2025-12-17T00:22:54.618+05:30  INFO 4824 --- [ORDER-SERVICE] [springCloudBus.anonymous.k7YPYHbOTJ2MiS6Bt0eXtg-160] o.s.a.r.l.SimpleMessageListenerContainer : Restarting Consumer@4bb99f62: tags=[[]], channel=null, acknowledgeMode=AUTO local queue size=0
2025-12-17T00:22:54.621+05:30  INFO 4824 --- [ORDER-SERVICE] [springCloudBus.anonymous.k7YPYHbOTJ2MiS6Bt0eXtg-161] o.s.a.r.c.CachingConnectionFactory       : Attempting to connect to: [localhost:5672]
2025-12-17T00:22:59.748+05:30  WARN 4824 --- [ORDER-SERVICE] [springCloudBus.anonymous.k7YPYHbOTJ2MiS6Bt0eXtg-161] o.s.a.r.l.SimpleMessageListenerContainer : Consumer raised exception, processing can restart if the connection factory supports it. Exception summary: org.springframework.amqp.AmqpConnectException: java.net.ConnectException: Connection refused: getsockopt
2025-12-17T00:22:59.748+05:30  INFO 4824 --- [ORDER-SERVICE] [springCloudBus.anonymous.k7YPYHbOTJ2MiS6Bt0eXtg-161] o.s.a.r.l.SimpleMessageListenerContainer : Restarting Consumer@f3f282c: tags=[[]], channel=null, acknowledgeMode=AUTO local queue size=0
2025-12-17T00:22:59.752+05:30  INFO 4824 --- [ORDER-SERVICE] [springCloudBus.anonymous.k7YPYHbOTJ2MiS6Bt0eXtg-162] o.s.a.r.c.CachingConnectionFactory       : Attempting to connect to: [localhost:5672]
2025-12-17T00:23:04.877+05:30  WARN 4824 --- [ORDER-SERVICE] [springCloudBus.anonymous.k7YPYHbOTJ2MiS6Bt0eXtg-162] o.s.a.r.l.SimpleMessageListenerContainer : Consumer raised exception, processing can restart if the connection factory supports it. Exception summary: org.springframework.amqp.AmqpConnectException: java.net.ConnectException: Connection refused: getsockopt
2025-12-17T00:23:04.877+05:30  INFO 4824 --- [ORDER-SERVICE] [springCloudBus.anonymous.k7YPYHbOTJ2MiS6Bt0eXtg-162] o.s.a.r.l.SimpleMessageListenerContainer : Restarting Consumer@68b9902: tags=[[]], channel=null, acknowledgeMode=AUTO local queue size=0
2025-12-17T00:23:04.892+05:30  INFO 4824 --- [ORDER-SERVICE] [springCloudBus.anonymous.k7YPYHbOTJ2MiS6Bt0eXtg-163] o.s.a.r.c.CachingConnectionFactory       : Attempting to connect to: [localhost:5672]
2025-12-17T00:23:10.033+05:30  WARN 4824 --- [ORDER-SERVICE] [springCloudBus.anonymous.k7YPYHbOTJ2MiS6Bt0eXtg-163] o.s.a.r.l.SimpleMessageListenerContainer : Consumer raised exception, processing can restart if the connection factory supports it. Exception summary: org.springframework.amqp.AmqpConnectException: java.net.ConnectException: Connection refused: getsockopt
2025-12-17T00:23:10.034+05:30  INFO 4824 --- [ORDER-SERVICE] [springCloudBus.anonymous.k7YPYHbOTJ2MiS6Bt0eXtg-163] o.s.a.r.l.SimpleMessageListenerContainer : Restarting Consumer@2459e7e1: tags=[[]], channel=null, acknowledgeMode=AUTO local queue size=0
2025-12-17T00:23:10.040+05:30  INFO 4824 --- [ORDER-SERVICE] [springCloudBus.anonymous.k7YPYHbOTJ2MiS6Bt0eXtg-164] o.s.a.r.c.CachingConnectionFactory       : Attempting to connect to: [localhost:5672]
2025-12-17T00:23:15.139+05:30  WARN 4824 --- [ORDER-SERVICE] [springCloudBus.anonymous.k7YPYHbOTJ2MiS6Bt0eXtg-164] o.s.a.r.l.SimpleMessageListenerContainer : Consumer raised exception, processing can restart if the connection factory supports it. Exception summary: org.springframework.amqp.AmqpConnectException: java.net.ConnectException: Connection refused: getsockopt
2025-12-17T00:23:15.139+05:30  INFO 4824 --- [ORDER-SERVICE] [springCloudBus.anonymous.k7YPYHbOTJ2MiS6Bt0eXtg-164] o.s.a.r.l.SimpleMessageListenerContainer : Restarting Consumer@7ff5fa01: tags=[[]], channel=null, acknowledgeMode=AUTO local queue size=0
2025-12-17T00:23:15.141+05:30  INFO 4824 --- [ORDER-SERVICE] [springCloudBus.anonymous.k7YPYHbOTJ2MiS6Bt0eXtg-165] o.s.a.r.c.CachingConnectionFactory       : Attempting to connect to: [localhost:5672]
2025-12-17T00:23:20.251+05:30  WARN 4824 --- [ORDER-SERVICE] [springCloudBus.anonymous.k7YPYHbOTJ2MiS6Bt0eXtg-165] o.s.a.r.l.SimpleMessageListenerContainer : Consumer raised exception, processing can restart if the connection factory supports it. Exception summary: org.springframework.amqp.AmqpConnectException: java.net.ConnectException: Connection refused: getsockopt
2025-12-17T00:23:20.251+05:30  INFO 4824 --- [ORDER-SERVICE] [springCloudBus.anonymous.k7YPYHbOTJ2MiS6Bt0eXtg-165] o.s.a.r.l.SimpleMessageListenerContainer : Restarting Consumer@2f18d50c: tags=[[]], channel=null, acknowledgeMode=AUTO local queue size=0
2025-12-17T00:23:20.253+05:30  INFO 4824 --- [ORDER-SERVICE] [springCloudBus.anonymous.k7YPYHbOTJ2MiS6Bt0eXtg-166] o.s.a.r.c.CachingConnectionFactory       : Attempting to connect to: [localhost:5672]
2025-12-17T00:23:25.363+05:30  WARN 4824 --- [ORDER-SERVICE] [springCloudBus.anonymous.k7YPYHbOTJ2MiS6Bt0eXtg-166] o.s.a.r.l.SimpleMessageListenerContainer : Consumer raised exception, processing can restart if the connection factory supports it. Exception summary: org.springframework.amqp.AmqpConnectException: java.net.ConnectException: Connection refused: getsockopt
2025-12-17T00:23:25.363+05:30  INFO 4824 --- [ORDER-SERVICE] [springCloudBus.anonymous.k7YPYHbOTJ2MiS6Bt0eXtg-166] o.s.a.r.l.SimpleMessageListenerContainer : Restarting Consumer@2cc5c955: tags=[[]], channel=null, acknowledgeMode=AUTO local queue size=0
2025-12-17T00:23:25.366+05:30  INFO 4824 --- [ORDER-SERVICE] [springCloudBus.anonymous.k7YPYHbOTJ2MiS6Bt0eXtg-167] o.s.a.r.c.CachingConnectionFactory       : Attempting to connect to: [localhost:5672]
2025-12-17T00:23:30.432+05:30  WARN 4824 --- [ORDER-SERVICE] [springCloudBus.anonymous.k7YPYHbOTJ2MiS6Bt0eXtg-167] o.s.a.r.l.SimpleMessageListenerContainer : Consumer raised exception, processing can restart if the connection factory supports it. Exception summary: org.springframework.amqp.AmqpConnectException: java.net.ConnectException: Connection refused: getsockopt
2025-12-17T00:23:30.432+05:30  INFO 4824 --- [ORDER-SERVICE] [springCloudBus.anonymous.k7YPYHbOTJ2MiS6Bt0eXtg-167] o.s.a.r.l.SimpleMessageListenerContainer : Restarting Consumer@1a66a195: tags=[[]], channel=null, acknowledgeMode=AUTO local queue size=0
2025-12-17T00:23:30.436+05:30  INFO 4824 --- [ORDER-SERVICE] [springCloudBus.anonymous.k7YPYHbOTJ2MiS6Bt0eXtg-168] o.s.a.r.c.CachingConnectionFactory       : Attempting to connect to: [localhost:5672]
2025-12-17T00:23:35.590+05:30  WARN 4824 --- [ORDER-SERVICE] [springCloudBus.anonymous.k7YPYHbOTJ2MiS6Bt0eXtg-168] o.s.a.r.l.SimpleMessageListenerContainer : Consumer raised exception, processing can restart if the connection factory supports it. Exception summary: org.springframework.amqp.AmqpConnectException: java.net.ConnectException: Connection refused: getsockopt
2025-12-17T00:23:35.590+05:30  INFO 4824 --- [ORDER-SERVICE] [springCloudBus.anonymous.k7YPYHbOTJ2MiS6Bt0eXtg-168] o.s.a.r.l.SimpleMessageListenerContainer : Restarting Consumer@2fd676f6: tags=[[]], channel=null, acknowledgeMode=AUTO local queue size=0
2025-12-17T00:23:35.592+05:30  INFO 4824 --- [ORDER-SERVICE] [springCloudBus.anonymous.k7YPYHbOTJ2MiS6Bt0eXtg-169] o.s.a.r.c.CachingConnectionFactory       : Attempting to connect to: [localhost:5672]
2025-12-17T00:23:40.784+05:30  WARN 4824 --- [ORDER-SERVICE] [springCloudBus.anonymous.k7YPYHbOTJ2MiS6Bt0eXtg-169] o.s.a.r.l.SimpleMessageListenerContainer : Consumer raised exception, processing can restart if the connection factory supports it. Exception summary: org.springframework.amqp.AmqpConnectException: java.net.ConnectException: Connection refused: getsockopt
2025-12-17T00:23:40.784+05:30  INFO 4824 --- [ORDER-SERVICE] [springCloudBus.anonymous.k7YPYHbOTJ2MiS6Bt0eXtg-169] o.s.a.r.l.SimpleMessageListenerContainer : Restarting Consumer@30e0bcd6: tags=[[]], channel=null, acknowledgeMode=AUTO local queue size=0
2025-12-17T00:23:40.786+05:30  INFO 4824 --- [ORDER-SERVICE] [springCloudBus.anonymous.k7YPYHbOTJ2MiS6Bt0eXtg-170] o.s.a.r.c.CachingConnectionFactory       : Attempting to connect to: [localhost:5672]
2025-12-17T00:23:45.950+05:30  WARN 4824 --- [ORDER-SERVICE] [springCloudBus.anonymous.k7YPYHbOTJ2MiS6Bt0eXtg-170] o.s.a.r.l.SimpleMessageListenerContainer : Consumer raised exception, processing can restart if the connection factory supports it. Exception summary: org.springframework.amqp.AmqpConnectException: java.net.ConnectException: Connection refused: getsockopt
2025-12-17T00:23:45.951+05:30  INFO 4824 --- [ORDER-SERVICE] [springCloudBus.anonymous.k7YPYHbOTJ2MiS6Bt0eXtg-170] o.s.a.r.l.SimpleMessageListenerContainer : Restarting Consumer@11c936e2: tags=[[]], channel=null, acknowledgeMode=AUTO local queue size=0
2025-12-17T00:23:45.954+05:30  INFO 4824 --- [ORDER-SERVICE] [springCloudBus.anonymous.k7YPYHbOTJ2MiS6Bt0eXtg-171] o.s.a.r.c.CachingConnectionFactory       : Attempting to connect to: [localhost:5672]
2025-12-17T00:23:51.098+05:30  WARN 4824 --- [ORDER-SERVICE] [springCloudBus.anonymous.k7YPYHbOTJ2MiS6Bt0eXtg-171] o.s.a.r.l.SimpleMessageListenerContainer : Consumer raised exception, processing can restart if the connection factory supports it. Exception summary: org.springframework.amqp.AmqpConnectException: java.net.ConnectException: Connection refused: getsockopt
2025-12-17T00:23:51.098+05:30  INFO 4824 --- [ORDER-SERVICE] [springCloudBus.anonymous.k7YPYHbOTJ2MiS6Bt0eXtg-171] o.s.a.r.l.SimpleMessageListenerContainer : Restarting Consumer@17e4cef8: tags=[[]], channel=null, acknowledgeMode=AUTO local queue size=0
2025-12-17T00:23:51.102+05:30  INFO 4824 --- [ORDER-SERVICE] [springCloudBus.anonymous.k7YPYHbOTJ2MiS6Bt0eXtg-172] o.s.a.r.c.CachingConnectionFactory       : Attempting to connect to: [localhost:5672]
2025-12-17T00:23:56.295+05:30  WARN 4824 --- [ORDER-SERVICE] [springCloudBus.anonymous.k7YPYHbOTJ2MiS6Bt0eXtg-172] o.s.a.r.l.SimpleMessageListenerContainer : Consumer raised exception, processing can restart if the connection factory supports it. Exception summary: org.springframework.amqp.AmqpConnectException: java.net.ConnectException: Connection refused: getsockopt
2025-12-17T00:23:56.296+05:30  INFO 4824 --- [ORDER-SERVICE] [springCloudBus.anonymous.k7YPYHbOTJ2MiS6Bt0eXtg-172] o.s.a.r.l.SimpleMessageListenerContainer : Restarting Consumer@45b521d3: tags=[[]], channel=null, acknowledgeMode=AUTO local queue size=0
2025-12-17T00:23:56.299+05:30  INFO 4824 --- [ORDER-SERVICE] [springCloudBus.anonymous.k7YPYHbOTJ2MiS6Bt0eXtg-173] o.s.a.r.c.CachingConnectionFactory       : Attempting to connect to: [localhost:5672]
2025-12-17T00:24:01.391+05:30  WARN 4824 --- [ORDER-SERVICE] [springCloudBus.anonymous.k7YPYHbOTJ2MiS6Bt0eXtg-173] o.s.a.r.l.SimpleMessageListenerContainer : Consumer raised exception, processing can restart if the connection factory supports it. Exception summary: org.springframework.amqp.AmqpConnectException: java.net.ConnectException: Connection refused: getsockopt
2025-12-17T00:24:01.421+05:30  INFO 4824 --- [ORDER-SERVICE] [springCloudBus.anonymous.k7YPYHbOTJ2MiS6Bt0eXtg-173] o.s.a.r.l.SimpleMessageListenerContainer : Restarting Consumer@c68eb1e: tags=[[]], channel=null, acknowledgeMode=AUTO local queue size=0
2025-12-17T00:24:01.424+05:30  INFO 4824 --- [ORDER-SERVICE] [springCloudBus.anonymous.k7YPYHbOTJ2MiS6Bt0eXtg-174] o.s.a.r.c.CachingConnectionFactory       : Attempting to connect to: [localhost:5672]
2025-12-17T00:24:06.502+05:30  WARN 4824 --- [ORDER-SERVICE] [springCloudBus.anonymous.k7YPYHbOTJ2MiS6Bt0eXtg-174] o.s.a.r.l.SimpleMessageListenerContainer : Consumer raised exception, processing can restart if the connection factory supports it. Exception summary: org.springframework.amqp.AmqpConnectException: java.net.ConnectException: Connection refused: getsockopt
2025-12-17T00:24:06.503+05:30  INFO 4824 --- [ORDER-SERVICE] [springCloudBus.anonymous.k7YPYHbOTJ2MiS6Bt0eXtg-174] o.s.a.r.l.SimpleMessageListenerContainer : Restarting Consumer@7ce275bf: tags=[[]], channel=null, acknowledgeMode=AUTO local queue size=0
2025-12-17T00:24:06.505+05:30  INFO 4824 --- [ORDER-SERVICE] [springCloudBus.anonymous.k7YPYHbOTJ2MiS6Bt0eXtg-175] o.s.a.r.c.CachingConnectionFactory       : Attempting to connect to: [localhost:5672]
2025-12-17T00:24:11.640+05:30  WARN 4824 --- [ORDER-SERVICE] [springCloudBus.anonymous.k7YPYHbOTJ2MiS6Bt0eXtg-175] o.s.a.r.l.SimpleMessageListenerContainer : Consumer raised exception, processing can restart if the connection factory supports it. Exception summary: org.springframework.amqp.AmqpConnectException: java.net.ConnectException: Connection refused: getsockopt
2025-12-17T00:24:11.640+05:30  INFO 4824 --- [ORDER-SERVICE] [springCloudBus.anonymous.k7YPYHbOTJ2MiS6Bt0eXtg-175] o.s.a.r.l.SimpleMessageListenerContainer : Restarting Consumer@75e9714: tags=[[]], channel=null, acknowledgeMode=AUTO local queue size=0
2025-12-17T00:24:11.643+05:30  INFO 4824 --- [ORDER-SERVICE] [springCloudBus.anonymous.k7YPYHbOTJ2MiS6Bt0eXtg-176] o.s.a.r.c.CachingConnectionFactory       : Attempting to connect to: [localhost:5672]
2025-12-17T00:24:14.510+05:30  INFO 4824 --- [ORDER-SERVICE] [AsyncResolver-bootstrap-executor-%d] c.n.d.s.r.aws.ConfigClusterResolver      : Resolving eureka endpoints via configuration
2025-12-17T00:24:16.753+05:30  WARN 4824 --- [ORDER-SERVICE] [springCloudBus.anonymous.k7YPYHbOTJ2MiS6Bt0eXtg-176] o.s.a.r.l.SimpleMessageListenerContainer : Consumer raised exception, processing can restart if the connection factory supports it. Exception summary: org.springframework.amqp.AmqpConnectException: java.net.ConnectException: Connection refused: getsockopt
2025-12-17T00:24:16.753+05:30  INFO 4824 --- [ORDER-SERVICE] [springCloudBus.anonymous.k7YPYHbOTJ2MiS6Bt0eXtg-176] o.s.a.r.l.SimpleMessageListenerContainer : Restarting Consumer@39d4675e: tags=[[]], channel=null, acknowledgeMode=AUTO local queue size=0
2025-12-17T00:24:16.756+05:30  INFO 4824 --- [ORDER-SERVICE] [springCloudBus.anonymous.k7YPYHbOTJ2MiS6Bt0eXtg-177] o.s.a.r.c.CachingConnectionFactory       : Attempting to connect to: [localhost:5672]
2025-12-17T00:24:21.869+05:30  WARN 4824 --- [ORDER-SERVICE] [springCloudBus.anonymous.k7YPYHbOTJ2MiS6Bt0eXtg-177] o.s.a.r.l.SimpleMessageListenerContainer : Consumer raised exception, processing can restart if the connection factory supports it. Exception summary: org.springframework.amqp.AmqpConnectException: java.net.ConnectException: Connection refused: getsockopt
2025-12-17T00:24:21.870+05:30  INFO 4824 --- [ORDER-SERVICE] [springCloudBus.anonymous.k7YPYHbOTJ2MiS6Bt0eXtg-177] o.s.a.r.l.SimpleMessageListenerContainer : Restarting Consumer@6e282bc6: tags=[[]], channel=null, acknowledgeMode=AUTO local queue size=0
2025-12-17T00:24:21.871+05:30  INFO 4824 --- [ORDER-SERVICE] [springCloudBus.anonymous.k7YPYHbOTJ2MiS6Bt0eXtg-178] o.s.a.r.c.CachingConnectionFactory       : Attempting to connect to: [localhost:5672]
2025-12-17T00:24:26.998+05:30  WARN 4824 --- [ORDER-SERVICE] [springCloudBus.anonymous.k7YPYHbOTJ2MiS6Bt0eXtg-178] o.s.a.r.l.SimpleMessageListenerContainer : Consumer raised exception, processing can restart if the connection factory supports it. Exception summary: org.springframework.amqp.AmqpConnectException: java.net.ConnectException: Connection refused: getsockopt
2025-12-17T00:24:26.998+05:30  INFO 4824 --- [ORDER-SERVICE] [springCloudBus.anonymous.k7YPYHbOTJ2MiS6Bt0eXtg-178] o.s.a.r.l.SimpleMessageListenerContainer : Restarting Consumer@38a31232: tags=[[]], channel=null, acknowledgeMode=AUTO local queue size=0
2025-12-17T00:24:27.001+05:30  INFO 4824 --- [ORDER-SERVICE] [springCloudBus.anonymous.k7YPYHbOTJ2MiS6Bt0eXtg-179] o.s.a.r.c.CachingConnectionFactory       : Attempting to connect to: [localhost:5672]
2025-12-17T00:24:32.152+05:30  WARN 4824 --- [ORDER-SERVICE] [springCloudBus.anonymous.k7YPYHbOTJ2MiS6Bt0eXtg-179] o.s.a.r.l.SimpleMessageListenerContainer : Consumer raised exception, processing can restart if the connection factory supports it. Exception summary: org.springframework.amqp.AmqpConnectException: java.net.ConnectException: Connection refused: getsockopt
2025-12-17T00:24:32.153+05:30  INFO 4824 --- [ORDER-SERVICE] [springCloudBus.anonymous.k7YPYHbOTJ2MiS6Bt0eXtg-179] o.s.a.r.l.SimpleMessageListenerContainer : Restarting Consumer@2bf1c280: tags=[[]], channel=null, acknowledgeMode=AUTO local queue size=0
2025-12-17T00:24:32.155+05:30  INFO 4824 --- [ORDER-SERVICE] [springCloudBus.anonymous.k7YPYHbOTJ2MiS6Bt0eXtg-180] o.s.a.r.c.CachingConnectionFactory       : Attempting to connect to: [localhost:5672]
2025-12-17T00:24:37.257+05:30  WARN 4824 --- [ORDER-SERVICE] [springCloudBus.anonymous.k7YPYHbOTJ2MiS6Bt0eXtg-180] o.s.a.r.l.SimpleMessageListenerContainer : Consumer raised exception, processing can restart if the connection factory supports it. Exception summary: org.springframework.amqp.AmqpConnectException: java.net.ConnectException: Connection refused: getsockopt
2025-12-17T00:24:37.257+05:30  INFO 4824 --- [ORDER-SERVICE] [springCloudBus.anonymous.k7YPYHbOTJ2MiS6Bt0eXtg-180] o.s.a.r.l.SimpleMessageListenerContainer : Restarting Consumer@554c745b: tags=[[]], channel=null, acknowledgeMode=AUTO local queue size=0
2025-12-17T00:24:37.260+05:30  INFO 4824 --- [ORDER-SERVICE] [springCloudBus.anonymous.k7YPYHbOTJ2MiS6Bt0eXtg-181] o.s.a.r.c.CachingConnectionFactory       : Attempting to connect to: [localhost:5672]
2025-12-17T00:24:42.392+05:30  WARN 4824 --- [ORDER-SERVICE] [springCloudBus.anonymous.k7YPYHbOTJ2MiS6Bt0eXtg-181] o.s.a.r.l.SimpleMessageListenerContainer : Consumer raised exception, processing can restart if the connection factory supports it. Exception summary: org.springframework.amqp.AmqpConnectException: java.net.ConnectException: Connection refused: getsockopt
2025-12-17T00:24:42.392+05:30  INFO 4824 --- [ORDER-SERVICE] [springCloudBus.anonymous.k7YPYHbOTJ2MiS6Bt0eXtg-181] o.s.a.r.l.SimpleMessageListenerContainer : Restarting Consumer@6b44a9e0: tags=[[]], channel=null, acknowledgeMode=AUTO local queue size=0
2025-12-17T00:24:42.395+05:30  INFO 4824 --- [ORDER-SERVICE] [springCloudBus.anonymous.k7YPYHbOTJ2MiS6Bt0eXtg-182] o.s.a.r.c.CachingConnectionFactory       : Attempting to connect to: [localhost:5672]
2025-12-17T00:24:47.490+05:30  WARN 4824 --- [ORDER-SERVICE] [springCloudBus.anonymous.k7YPYHbOTJ2MiS6Bt0eXtg-182] o.s.a.r.l.SimpleMessageListenerContainer : Consumer raised exception, processing can restart if the connection factory supports it. Exception summary: org.springframework.amqp.AmqpConnectException: java.net.ConnectException: Connection refused: getsockopt
2025-12-17T00:24:47.491+05:30  INFO 4824 --- [ORDER-SERVICE] [springCloudBus.anonymous.k7YPYHbOTJ2MiS6Bt0eXtg-182] o.s.a.r.l.SimpleMessageListenerContainer : Restarting Consumer@13aedeb9: tags=[[]], channel=null, acknowledgeMode=AUTO local queue size=0
2025-12-17T00:24:47.493+05:30  INFO 4824 --- [ORDER-SERVICE] [springCloudBus.anonymous.k7YPYHbOTJ2MiS6Bt0eXtg-183] o.s.a.r.c.CachingConnectionFactory       : Attempting to connect to: [localhost:5672]
2025-12-17T00:24:52.577+05:30  WARN 4824 --- [ORDER-SERVICE] [springCloudBus.anonymous.k7YPYHbOTJ2MiS6Bt0eXtg-183] o.s.a.r.l.SimpleMessageListenerContainer : Consumer raised exception, processing can restart if the connection factory supports it. Exception summary: org.springframework.amqp.AmqpConnectException: java.net.ConnectException: Connection refused: getsockopt
2025-12-17T00:24:52.577+05:30  INFO 4824 --- [ORDER-SERVICE] [springCloudBus.anonymous.k7YPYHbOTJ2MiS6Bt0eXtg-183] o.s.a.r.l.SimpleMessageListenerContainer : Restarting Consumer@2b163b56: tags=[[]], channel=null, acknowledgeMode=AUTO local queue size=0
2025-12-17T00:24:52.580+05:30  INFO 4824 --- [ORDER-SERVICE] [springCloudBus.anonymous.k7YPYHbOTJ2MiS6Bt0eXtg-184] o.s.a.r.c.CachingConnectionFactory       : Attempting to connect to: [localhost:5672]
2025-12-17T00:24:57.683+05:30  WARN 4824 --- [ORDER-SERVICE] [springCloudBus.anonymous.k7YPYHbOTJ2MiS6Bt0eXtg-184] o.s.a.r.l.SimpleMessageListenerContainer : Consumer raised exception, processing can restart if the connection factory supports it. Exception summary: org.springframework.amqp.AmqpConnectException: java.net.ConnectException: Connection refused: getsockopt
2025-12-17T00:24:57.683+05:30  INFO 4824 --- [ORDER-SERVICE] [springCloudBus.anonymous.k7YPYHbOTJ2MiS6Bt0eXtg-184] o.s.a.r.l.SimpleMessageListenerContainer : Restarting Consumer@5b81ff88: tags=[[]], channel=null, acknowledgeMode=AUTO local queue size=0
2025-12-17T00:24:57.685+05:30  INFO 4824 --- [ORDER-SERVICE] [springCloudBus.anonymous.k7YPYHbOTJ2MiS6Bt0eXtg-185] o.s.a.r.c.CachingConnectionFactory       : Attempting to connect to: [localhost:5672]
2025-12-17T00:25:02.784+05:30  WARN 4824 --- [ORDER-SERVICE] [springCloudBus.anonymous.k7YPYHbOTJ2MiS6Bt0eXtg-185] o.s.a.r.l.SimpleMessageListenerContainer : Consumer raised exception, processing can restart if the connection factory supports it. Exception summary: org.springframework.amqp.AmqpConnectException: java.net.ConnectException: Connection refused: getsockopt
2025-12-17T00:25:02.784+05:30  INFO 4824 --- [ORDER-SERVICE] [springCloudBus.anonymous.k7YPYHbOTJ2MiS6Bt0eXtg-185] o.s.a.r.l.SimpleMessageListenerContainer : Restarting Consumer@1f16ea04: tags=[[]], channel=null, acknowledgeMode=AUTO local queue size=0
2025-12-17T00:25:02.786+05:30  INFO 4824 --- [ORDER-SERVICE] [springCloudBus.anonymous.k7YPYHbOTJ2MiS6Bt0eXtg-186] o.s.a.r.c.CachingConnectionFactory       : Attempting to connect to: [localhost:5672]
2025-12-17T00:25:07.890+05:30  WARN 4824 --- [ORDER-SERVICE] [springCloudBus.anonymous.k7YPYHbOTJ2MiS6Bt0eXtg-186] o.s.a.r.l.SimpleMessageListenerContainer : Consumer raised exception, processing can restart if the connection factory supports it. Exception summary: org.springframework.amqp.AmqpConnectException: java.net.ConnectException: Connection refused: getsockopt
2025-12-17T00:25:07.891+05:30  INFO 4824 --- [ORDER-SERVICE] [springCloudBus.anonymous.k7YPYHbOTJ2MiS6Bt0eXtg-186] o.s.a.r.l.SimpleMessageListenerContainer : Restarting Consumer@4049ce0f: tags=[[]], channel=null, acknowledgeMode=AUTO local queue size=0
2025-12-17T00:25:07.892+05:30  INFO 4824 --- [ORDER-SERVICE] [springCloudBus.anonymous.k7YPYHbOTJ2MiS6Bt0eXtg-187] o.s.a.r.c.CachingConnectionFactory       : Attempting to connect to: [localhost:5672]
2025-12-17T00:25:13.000+05:30  WARN 4824 --- [ORDER-SERVICE] [springCloudBus.anonymous.k7YPYHbOTJ2MiS6Bt0eXtg-187] o.s.a.r.l.SimpleMessageListenerContainer : Consumer raised exception, processing can restart if the connection factory supports it. Exception summary: org.springframework.amqp.AmqpConnectException: java.net.ConnectException: Connection refused: getsockopt
2025-12-17T00:25:13.000+05:30  INFO 4824 --- [ORDER-SERVICE] [springCloudBus.anonymous.k7YPYHbOTJ2MiS6Bt0eXtg-187] o.s.a.r.l.SimpleMessageListenerContainer : Restarting Consumer@7ecb490f: tags=[[]], channel=null, acknowledgeMode=AUTO local queue size=0
2025-12-17T00:25:13.003+05:30  INFO 4824 --- [ORDER-SERVICE] [springCloudBus.anonymous.k7YPYHbOTJ2MiS6Bt0eXtg-188] o.s.a.r.c.CachingConnectionFactory       : Attempting to connect to: [localhost:5672]
2025-12-17T00:25:18.098+05:30  WARN 4824 --- [ORDER-SERVICE] [springCloudBus.anonymous.k7YPYHbOTJ2MiS6Bt0eXtg-188] o.s.a.r.l.SimpleMessageListenerContainer : Consumer raised exception, processing can restart if the connection factory supports it. Exception summary: org.springframework.amqp.AmqpConnectException: java.net.ConnectException: Connection refused: getsockopt
2025-12-17T00:25:18.099+05:30  INFO 4824 --- [ORDER-SERVICE] [springCloudBus.anonymous.k7YPYHbOTJ2MiS6Bt0eXtg-188] o.s.a.r.l.SimpleMessageListenerContainer : Restarting Consumer@1b2b91b2: tags=[[]], channel=null, acknowledgeMode=AUTO local queue size=0
2025-12-17T00:25:18.102+05:30  INFO 4824 --- [ORDER-SERVICE] [springCloudBus.anonymous.k7YPYHbOTJ2MiS6Bt0eXtg-189] o.s.a.r.c.CachingConnectionFactory       : Attempting to connect to: [localhost:5672]
2025-12-17T00:25:23.219+05:30  WARN 4824 --- [ORDER-SERVICE] [springCloudBus.anonymous.k7YPYHbOTJ2MiS6Bt0eXtg-189] o.s.a.r.l.SimpleMessageListenerContainer : Consumer raised exception, processing can restart if the connection factory supports it. Exception summary: org.springframework.amqp.AmqpConnectException: java.net.ConnectException: Connection refused: getsockopt
2025-12-17T00:25:23.219+05:30  INFO 4824 --- [ORDER-SERVICE] [springCloudBus.anonymous.k7YPYHbOTJ2MiS6Bt0eXtg-189] o.s.a.r.l.SimpleMessageListenerContainer : Restarting Consumer@73b05c29: tags=[[]], channel=null, acknowledgeMode=AUTO local queue size=0
2025-12-17T00:25:23.222+05:30  INFO 4824 --- [ORDER-SERVICE] [springCloudBus.anonymous.k7YPYHbOTJ2MiS6Bt0eXtg-190] o.s.a.r.c.CachingConnectionFactory       : Attempting to connect to: [localhost:5672]
2025-12-17T00:25:28.342+05:30  WARN 4824 --- [ORDER-SERVICE] [springCloudBus.anonymous.k7YPYHbOTJ2MiS6Bt0eXtg-190] o.s.a.r.l.SimpleMessageListenerContainer : Consumer raised exception, processing can restart if the connection factory supports it. Exception summary: org.springframework.amqp.AmqpConnectException: java.net.ConnectException: Connection refused: getsockopt
2025-12-17T00:25:28.343+05:30  INFO 4824 --- [ORDER-SERVICE] [springCloudBus.anonymous.k7YPYHbOTJ2MiS6Bt0eXtg-190] o.s.a.r.l.SimpleMessageListenerContainer : Restarting Consumer@36760ed2: tags=[[]], channel=null, acknowledgeMode=AUTO local queue size=0
2025-12-17T00:25:28.346+05:30  INFO 4824 --- [ORDER-SERVICE] [springCloudBus.anonymous.k7YPYHbOTJ2MiS6Bt0eXtg-191] o.s.a.r.c.CachingConnectionFactory       : Attempting to connect to: [localhost:5672]
2025-12-17T00:25:33.440+05:30  WARN 4824 --- [ORDER-SERVICE] [springCloudBus.anonymous.k7YPYHbOTJ2MiS6Bt0eXtg-191] o.s.a.r.l.SimpleMessageListenerContainer : Consumer raised exception, processing can restart if the connection factory supports it. Exception summary: org.springframework.amqp.AmqpConnectException: java.net.ConnectException: Connection refused: getsockopt
2025-12-17T00:25:33.440+05:30  INFO 4824 --- [ORDER-SERVICE] [springCloudBus.anonymous.k7YPYHbOTJ2MiS6Bt0eXtg-191] o.s.a.r.l.SimpleMessageListenerContainer : Restarting Consumer@463aac6b: tags=[[]], channel=null, acknowledgeMode=AUTO local queue size=0
2025-12-17T00:25:33.443+05:30  INFO 4824 --- [ORDER-SERVICE] [springCloudBus.anonymous.k7YPYHbOTJ2MiS6Bt0eXtg-192] o.s.a.r.c.CachingConnectionFactory       : Attempting to connect to: [localhost:5672]
2025-12-17T00:25:38.551+05:30  WARN 4824 --- [ORDER-SERVICE] [springCloudBus.anonymous.k7YPYHbOTJ2MiS6Bt0eXtg-192] o.s.a.r.l.SimpleMessageListenerContainer : Consumer raised exception, processing can restart if the connection factory supports it. Exception summary: org.springframework.amqp.AmqpConnectException: java.net.ConnectException: Connection refused: getsockopt
2025-12-17T00:25:38.551+05:30  INFO 4824 --- [ORDER-SERVICE] [springCloudBus.anonymous.k7YPYHbOTJ2MiS6Bt0eXtg-192] o.s.a.r.l.SimpleMessageListenerContainer : Restarting Consumer@537dad3a: tags=[[]], channel=null, acknowledgeMode=AUTO local queue size=0
2025-12-17T00:25:38.553+05:30  INFO 4824 --- [ORDER-SERVICE] [springCloudBus.anonymous.k7YPYHbOTJ2MiS6Bt0eXtg-193] o.s.a.r.c.CachingConnectionFactory       : Attempting to connect to: [localhost:5672]
2025-12-17T00:25:43.659+05:30  WARN 4824 --- [ORDER-SERVICE] [springCloudBus.anonymous.k7YPYHbOTJ2MiS6Bt0eXtg-193] o.s.a.r.l.SimpleMessageListenerContainer : Consumer raised exception, processing can restart if the connection factory supports it. Exception summary: org.springframework.amqp.AmqpConnectException: java.net.ConnectException: Connection refused: getsockopt
2025-12-17T00:25:43.659+05:30  INFO 4824 --- [ORDER-SERVICE] [springCloudBus.anonymous.k7YPYHbOTJ2MiS6Bt0eXtg-193] o.s.a.r.l.SimpleMessageListenerContainer : Restarting Consumer@415a16e5: tags=[[]], channel=null, acknowledgeMode=AUTO local queue size=0
2025-12-17T00:25:43.662+05:30  INFO 4824 --- [ORDER-SERVICE] [springCloudBus.anonymous.k7YPYHbOTJ2MiS6Bt0eXtg-194] o.s.a.r.c.CachingConnectionFactory       : Attempting to connect to: [localhost:5672]
2025-12-17T00:25:48.767+05:30  WARN 4824 --- [ORDER-SERVICE] [springCloudBus.anonymous.k7YPYHbOTJ2MiS6Bt0eXtg-194] o.s.a.r.l.SimpleMessageListenerContainer : Consumer raised exception, processing can restart if the connection factory supports it. Exception summary: org.springframework.amqp.AmqpConnectException: java.net.ConnectException: Connection refused: getsockopt
2025-12-17T00:25:48.767+05:30  INFO 4824 --- [ORDER-SERVICE] [springCloudBus.anonymous.k7YPYHbOTJ2MiS6Bt0eXtg-194] o.s.a.r.l.SimpleMessageListenerContainer : Restarting Consumer@2ee58075: tags=[[]], channel=null, acknowledgeMode=AUTO local queue size=0
2025-12-17T00:25:48.769+05:30  INFO 4824 --- [ORDER-SERVICE] [springCloudBus.anonymous.k7YPYHbOTJ2MiS6Bt0eXtg-195] o.s.a.r.c.CachingConnectionFactory       : Attempting to connect to: [localhost:5672]
2025-12-17T00:25:53.841+05:30  WARN 4824 --- [ORDER-SERVICE] [springCloudBus.anonymous.k7YPYHbOTJ2MiS6Bt0eXtg-195] o.s.a.r.l.SimpleMessageListenerContainer : Consumer raised exception, processing can restart if the connection factory supports it. Exception summary: org.springframework.amqp.AmqpConnectException: java.net.ConnectException: Connection refused: getsockopt
2025-12-17T00:25:53.841+05:30  INFO 4824 --- [ORDER-SERVICE] [springCloudBus.anonymous.k7YPYHbOTJ2MiS6Bt0eXtg-195] o.s.a.r.l.SimpleMessageListenerContainer : Restarting Consumer@6a70b3f2: tags=[[]], channel=null, acknowledgeMode=AUTO local queue size=0
2025-12-17T00:25:53.842+05:30  INFO 4824 --- [ORDER-SERVICE] [springCloudBus.anonymous.k7YPYHbOTJ2MiS6Bt0eXtg-196] o.s.a.r.c.CachingConnectionFactory       : Attempting to connect to: [localhost:5672]
2025-12-17T00:25:59.043+05:30  WARN 4824 --- [ORDER-SERVICE] [springCloudBus.anonymous.k7YPYHbOTJ2MiS6Bt0eXtg-196] o.s.a.r.l.SimpleMessageListenerContainer : Consumer raised exception, processing can restart if the connection factory supports it. Exception summary: org.springframework.amqp.AmqpConnectException: java.net.ConnectException: Connection refused: getsockopt
2025-12-17T00:25:59.044+05:30  INFO 4824 --- [ORDER-SERVICE] [springCloudBus.anonymous.k7YPYHbOTJ2MiS6Bt0eXtg-196] o.s.a.r.l.SimpleMessageListenerContainer : Restarting Consumer@62183b06: tags=[[]], channel=null, acknowledgeMode=AUTO local queue size=0
2025-12-17T00:25:59.046+05:30  INFO 4824 --- [ORDER-SERVICE] [springCloudBus.anonymous.k7YPYHbOTJ2MiS6Bt0eXtg-197] o.s.a.r.c.CachingConnectionFactory       : Attempting to connect to: [localhost:5672]
2025-12-17T00:26:04.167+05:30  WARN 4824 --- [ORDER-SERVICE] [springCloudBus.anonymous.k7YPYHbOTJ2MiS6Bt0eXtg-197] o.s.a.r.l.SimpleMessageListenerContainer : Consumer raised exception, processing can restart if the connection factory supports it. Exception summary: org.springframework.amqp.AmqpConnectException: java.net.ConnectException: Connection refused: getsockopt
2025-12-17T00:26:04.167+05:30  INFO 4824 --- [ORDER-SERVICE] [springCloudBus.anonymous.k7YPYHbOTJ2MiS6Bt0eXtg-197] o.s.a.r.l.SimpleMessageListenerContainer : Restarting Consumer@751544e5: tags=[[]], channel=null, acknowledgeMode=AUTO local queue size=0
2025-12-17T00:26:04.170+05:30  INFO 4824 --- [ORDER-SERVICE] [springCloudBus.anonymous.k7YPYHbOTJ2MiS6Bt0eXtg-198] o.s.a.r.c.CachingConnectionFactory       : Attempting to connect to: [localhost:5672]
2025-12-17T00:26:09.273+05:30  WARN 4824 --- [ORDER-SERVICE] [springCloudBus.anonymous.k7YPYHbOTJ2MiS6Bt0eXtg-198] o.s.a.r.l.SimpleMessageListenerContainer : Consumer raised exception, processing can restart if the connection factory supports it. Exception summary: org.springframework.amqp.AmqpConnectException: java.net.ConnectException: Connection refused: getsockopt
2025-12-17T00:26:09.273+05:30  INFO 4824 --- [ORDER-SERVICE] [springCloudBus.anonymous.k7YPYHbOTJ2MiS6Bt0eXtg-198] o.s.a.r.l.SimpleMessageListenerContainer : Restarting Consumer@3a8a7bf6: tags=[[]], channel=null, acknowledgeMode=AUTO local queue size=0
2025-12-17T00:26:09.275+05:30  INFO 4824 --- [ORDER-SERVICE] [springCloudBus.anonymous.k7YPYHbOTJ2MiS6Bt0eXtg-199] o.s.a.r.c.CachingConnectionFactory       : Attempting to connect to: [localhost:5672]
2025-12-17T00:26:14.430+05:30  WARN 4824 --- [ORDER-SERVICE] [springCloudBus.anonymous.k7YPYHbOTJ2MiS6Bt0eXtg-199] o.s.a.r.l.SimpleMessageListenerContainer : Consumer raised exception, processing can restart if the connection factory supports it. Exception summary: org.springframework.amqp.AmqpConnectException: java.net.ConnectException: Connection refused: getsockopt
2025-12-17T00:26:14.431+05:30  INFO 4824 --- [ORDER-SERVICE] [springCloudBus.anonymous.k7YPYHbOTJ2MiS6Bt0eXtg-199] o.s.a.r.l.SimpleMessageListenerContainer : Restarting Consumer@253d347d: tags=[[]], channel=null, acknowledgeMode=AUTO local queue size=0
2025-12-17T00:26:14.433+05:30  INFO 4824 --- [ORDER-SERVICE] [springCloudBus.anonymous.k7YPYHbOTJ2MiS6Bt0eXtg-200] o.s.a.r.c.CachingConnectionFactory       : Attempting to connect to: [localhost:5672]
2025-12-17T00:26:19.571+05:30  WARN 4824 --- [ORDER-SERVICE] [springCloudBus.anonymous.k7YPYHbOTJ2MiS6Bt0eXtg-200] o.s.a.r.l.SimpleMessageListenerContainer : Consumer raised exception, processing can restart if the connection factory supports it. Exception summary: org.springframework.amqp.AmqpConnectException: java.net.ConnectException: Connection refused: getsockopt
2025-12-17T00:26:19.571+05:30  INFO 4824 --- [ORDER-SERVICE] [springCloudBus.anonymous.k7YPYHbOTJ2MiS6Bt0eXtg-200] o.s.a.r.l.SimpleMessageListenerContainer : Restarting Consumer@1b1ee74a: tags=[[]], channel=null, acknowledgeMode=AUTO local queue size=0
2025-12-17T00:26:19.573+05:30  INFO 4824 --- [ORDER-SERVICE] [springCloudBus.anonymous.k7YPYHbOTJ2MiS6Bt0eXtg-201] o.s.a.r.c.CachingConnectionFactory       : Attempting to connect to: [localhost:5672]
2025-12-17T00:26:24.738+05:30  WARN 4824 --- [ORDER-SERVICE] [springCloudBus.anonymous.k7YPYHbOTJ2MiS6Bt0eXtg-201] o.s.a.r.l.SimpleMessageListenerContainer : Consumer raised exception, processing can restart if the connection factory supports it. Exception summary: org.springframework.amqp.AmqpConnectException: java.net.ConnectException: Connection refused: getsockopt
2025-12-17T00:26:24.738+05:30  INFO 4824 --- [ORDER-SERVICE] [springCloudBus.anonymous.k7YPYHbOTJ2MiS6Bt0eXtg-201] o.s.a.r.l.SimpleMessageListenerContainer : Restarting Consumer@281f4f41: tags=[[]], channel=null, acknowledgeMode=AUTO local queue size=0
2025-12-17T00:26:24.740+05:30  INFO 4824 --- [ORDER-SERVICE] [springCloudBus.anonymous.k7YPYHbOTJ2MiS6Bt0eXtg-202] o.s.a.r.c.CachingConnectionFactory       : Attempting to connect to: [localhost:5672]
2025-12-17T00:26:29.862+05:30  WARN 4824 --- [ORDER-SERVICE] [springCloudBus.anonymous.k7YPYHbOTJ2MiS6Bt0eXtg-202] o.s.a.r.l.SimpleMessageListenerContainer : Consumer raised exception, processing can restart if the connection factory supports it. Exception summary: org.springframework.amqp.AmqpConnectException: java.net.ConnectException: Connection refused: getsockopt
2025-12-17T00:26:29.862+05:30  INFO 4824 --- [ORDER-SERVICE] [springCloudBus.anonymous.k7YPYHbOTJ2MiS6Bt0eXtg-202] o.s.a.r.l.SimpleMessageListenerContainer : Restarting Consumer@311ebdd4: tags=[[]], channel=null, acknowledgeMode=AUTO local queue size=0
2025-12-17T00:26:29.876+05:30  INFO 4824 --- [ORDER-SERVICE] [springCloudBus.anonymous.k7YPYHbOTJ2MiS6Bt0eXtg-203] o.s.a.r.c.CachingConnectionFactory       : Attempting to connect to: [localhost:5672]
2025-12-17T00:26:34.968+05:30  WARN 4824 --- [ORDER-SERVICE] [springCloudBus.anonymous.k7YPYHbOTJ2MiS6Bt0eXtg-203] o.s.a.r.l.SimpleMessageListenerContainer : Consumer raised exception, processing can restart if the connection factory supports it. Exception summary: org.springframework.amqp.AmqpConnectException: java.net.ConnectException: Connection refused: getsockopt
2025-12-17T00:26:34.968+05:30  INFO 4824 --- [ORDER-SERVICE] [springCloudBus.anonymous.k7YPYHbOTJ2MiS6Bt0eXtg-203] o.s.a.r.l.SimpleMessageListenerContainer : Restarting Consumer@574cabff: tags=[[]], channel=null, acknowledgeMode=AUTO local queue size=0
2025-12-17T00:26:34.970+05:30  INFO 4824 --- [ORDER-SERVICE] [springCloudBus.anonymous.k7YPYHbOTJ2MiS6Bt0eXtg-204] o.s.a.r.c.CachingConnectionFactory       : Attempting to connect to: [localhost:5672]
2025-12-17T00:26:40.195+05:30  WARN 4824 --- [ORDER-SERVICE] [springCloudBus.anonymous.k7YPYHbOTJ2MiS6Bt0eXtg-204] o.s.a.r.l.SimpleMessageListenerContainer : Consumer raised exception, processing can restart if the connection factory supports it. Exception summary: org.springframework.amqp.AmqpConnectException: java.net.ConnectException: Connection refused: getsockopt
2025-12-17T00:26:40.195+05:30  INFO 4824 --- [ORDER-SERVICE] [springCloudBus.anonymous.k7YPYHbOTJ2MiS6Bt0eXtg-204] o.s.a.r.l.SimpleMessageListenerContainer : Restarting Consumer@78a50527: tags=[[]], channel=null, acknowledgeMode=AUTO local queue size=0
2025-12-17T00:26:40.197+05:30  INFO 4824 --- [ORDER-SERVICE] [springCloudBus.anonymous.k7YPYHbOTJ2MiS6Bt0eXtg-205] o.s.a.r.c.CachingConnectionFactory       : Attempting to connect to: [localhost:5672]
2025-12-17T00:26:45.302+05:30  WARN 4824 --- [ORDER-SERVICE] [springCloudBus.anonymous.k7YPYHbOTJ2MiS6Bt0eXtg-205] o.s.a.r.l.SimpleMessageListenerContainer : Consumer raised exception, processing can restart if the connection factory supports it. Exception summary: org.springframework.amqp.AmqpConnectException: java.net.ConnectException: Connection refused: getsockopt
2025-12-17T00:26:45.302+05:30  INFO 4824 --- [ORDER-SERVICE] [springCloudBus.anonymous.k7YPYHbOTJ2MiS6Bt0eXtg-205] o.s.a.r.l.SimpleMessageListenerContainer : Restarting Consumer@58bdfbac: tags=[[]], channel=null, acknowledgeMode=AUTO local queue size=0
2025-12-17T00:26:45.304+05:30  INFO 4824 --- [ORDER-SERVICE] [springCloudBus.anonymous.k7YPYHbOTJ2MiS6Bt0eXtg-206] o.s.a.r.c.CachingConnectionFactory       : Attempting to connect to: [localhost:5672]
2025-12-17T00:26:50.467+05:30  WARN 4824 --- [ORDER-SERVICE] [springCloudBus.anonymous.k7YPYHbOTJ2MiS6Bt0eXtg-206] o.s.a.r.l.SimpleMessageListenerContainer : Consumer raised exception, processing can restart if the connection factory supports it. Exception summary: org.springframework.amqp.AmqpConnectException: java.net.ConnectException: Connection refused: getsockopt
2025-12-17T00:26:50.468+05:30  INFO 4824 --- [ORDER-SERVICE] [springCloudBus.anonymous.k7YPYHbOTJ2MiS6Bt0eXtg-206] o.s.a.r.l.SimpleMessageListenerContainer : Restarting Consumer@17d13ca2: tags=[[]], channel=null, acknowledgeMode=AUTO local queue size=0
2025-12-17T00:26:50.470+05:30  INFO 4824 --- [ORDER-SERVICE] [springCloudBus.anonymous.k7YPYHbOTJ2MiS6Bt0eXtg-207] o.s.a.r.c.CachingConnectionFactory       : Attempting to connect to: [localhost:5672]
2025-12-17T00:26:55.584+05:30  WARN 4824 --- [ORDER-SERVICE] [springCloudBus.anonymous.k7YPYHbOTJ2MiS6Bt0eXtg-207] o.s.a.r.l.SimpleMessageListenerContainer : Consumer raised exception, processing can restart if the connection factory supports it. Exception summary: org.springframework.amqp.AmqpConnectException: java.net.ConnectException: Connection refused: getsockopt
2025-12-17T00:26:55.584+05:30  INFO 4824 --- [ORDER-SERVICE] [springCloudBus.anonymous.k7YPYHbOTJ2MiS6Bt0eXtg-207] o.s.a.r.l.SimpleMessageListenerContainer : Restarting Consumer@2bdc4fc0: tags=[[]], channel=null, acknowledgeMode=AUTO local queue size=0
2025-12-17T00:26:55.587+05:30  INFO 4824 --- [ORDER-SERVICE] [springCloudBus.anonymous.k7YPYHbOTJ2MiS6Bt0eXtg-208] o.s.a.r.c.CachingConnectionFactory       : Attempting to connect to: [localhost:5672]
2025-12-17T00:27:00.719+05:30  WARN 4824 --- [ORDER-SERVICE] [springCloudBus.anonymous.k7YPYHbOTJ2MiS6Bt0eXtg-208] o.s.a.r.l.SimpleMessageListenerContainer : Consumer raised exception, processing can restart if the connection factory supports it. Exception summary: org.springframework.amqp.AmqpConnectException: java.net.ConnectException: Connection refused: getsockopt
2025-12-17T00:27:00.720+05:30  INFO 4824 --- [ORDER-SERVICE] [springCloudBus.anonymous.k7YPYHbOTJ2MiS6Bt0eXtg-208] o.s.a.r.l.SimpleMessageListenerContainer : Restarting Consumer@331d6773: tags=[[]], channel=null, acknowledgeMode=AUTO local queue size=0
2025-12-17T00:27:00.723+05:30  INFO 4824 --- [ORDER-SERVICE] [springCloudBus.anonymous.k7YPYHbOTJ2MiS6Bt0eXtg-209] o.s.a.r.c.CachingConnectionFactory       : Attempting to connect to: [localhost:5672]
2025-12-17T00:27:05.818+05:30  WARN 4824 --- [ORDER-SERVICE] [springCloudBus.anonymous.k7YPYHbOTJ2MiS6Bt0eXtg-209] o.s.a.r.l.SimpleMessageListenerContainer : Consumer raised exception, processing can restart if the connection factory supports it. Exception summary: org.springframework.amqp.AmqpConnectException: java.net.ConnectException: Connection refused: getsockopt
2025-12-17T00:27:05.818+05:30  INFO 4824 --- [ORDER-SERVICE] [springCloudBus.anonymous.k7YPYHbOTJ2MiS6Bt0eXtg-209] o.s.a.r.l.SimpleMessageListenerContainer : Restarting Consumer@1beee007: tags=[[]], channel=null, acknowledgeMode=AUTO local queue size=0
2025-12-17T00:27:05.821+05:30  INFO 4824 --- [ORDER-SERVICE] [springCloudBus.anonymous.k7YPYHbOTJ2MiS6Bt0eXtg-210] o.s.a.r.c.CachingConnectionFactory       : Attempting to connect to: [localhost:5672]
2025-12-17T00:27:10.988+05:30  WARN 4824 --- [ORDER-SERVICE] [springCloudBus.anonymous.k7YPYHbOTJ2MiS6Bt0eXtg-210] o.s.a.r.l.SimpleMessageListenerContainer : Consumer raised exception, processing can restart if the connection factory supports it. Exception summary: org.springframework.amqp.AmqpConnectException: java.net.ConnectException: Connection refused: getsockopt
2025-12-17T00:27:10.988+05:30  INFO 4824 --- [ORDER-SERVICE] [springCloudBus.anonymous.k7YPYHbOTJ2MiS6Bt0eXtg-210] o.s.a.r.l.SimpleMessageListenerContainer : Restarting Consumer@1cd91fe3: tags=[[]], channel=null, acknowledgeMode=AUTO local queue size=0
2025-12-17T00:27:10.991+05:30  INFO 4824 --- [ORDER-SERVICE] [springCloudBus.anonymous.k7YPYHbOTJ2MiS6Bt0eXtg-211] o.s.a.r.c.CachingConnectionFactory       : Attempting to connect to: [localhost:5672]
2025-12-17T00:27:16.075+05:30  WARN 4824 --- [ORDER-SERVICE] [springCloudBus.anonymous.k7YPYHbOTJ2MiS6Bt0eXtg-211] o.s.a.r.l.SimpleMessageListenerContainer : Consumer raised exception, processing can restart if the connection factory supports it. Exception summary: org.springframework.amqp.AmqpConnectException: java.net.ConnectException: Connection refused: getsockopt
2025-12-17T00:27:16.075+05:30  INFO 4824 --- [ORDER-SERVICE] [springCloudBus.anonymous.k7YPYHbOTJ2MiS6Bt0eXtg-211] o.s.a.r.l.SimpleMessageListenerContainer : Restarting Consumer@4be3e88c: tags=[[]], channel=null, acknowledgeMode=AUTO local queue size=0
2025-12-17T00:27:16.077+05:30  INFO 4824 --- [ORDER-SERVICE] [springCloudBus.anonymous.k7YPYHbOTJ2MiS6Bt0eXtg-212] o.s.a.r.c.CachingConnectionFactory       : Attempting to connect to: [localhost:5672]
2025-12-17T00:27:21.187+05:30  WARN 4824 --- [ORDER-SERVICE] [springCloudBus.anonymous.k7YPYHbOTJ2MiS6Bt0eXtg-212] o.s.a.r.l.SimpleMessageListenerContainer : Consumer raised exception, processing can restart if the connection factory supports it. Exception summary: org.springframework.amqp.AmqpConnectException: java.net.ConnectException: Connection refused: getsockopt
2025-12-17T00:27:21.187+05:30  INFO 4824 --- [ORDER-SERVICE] [springCloudBus.anonymous.k7YPYHbOTJ2MiS6Bt0eXtg-212] o.s.a.r.l.SimpleMessageListenerContainer : Restarting Consumer@b84c53f: tags=[[]], channel=null, acknowledgeMode=AUTO local queue size=0
2025-12-17T00:27:21.190+05:30  INFO 4824 --- [ORDER-SERVICE] [springCloudBus.anonymous.k7YPYHbOTJ2MiS6Bt0eXtg-213] o.s.a.r.c.CachingConnectionFactory       : Attempting to connect to: [localhost:5672]
2025-12-17T00:27:26.347+05:30  WARN 4824 --- [ORDER-SERVICE] [springCloudBus.anonymous.k7YPYHbOTJ2MiS6Bt0eXtg-213] o.s.a.r.l.SimpleMessageListenerContainer : Consumer raised exception, processing can restart if the connection factory supports it. Exception summary: org.springframework.amqp.AmqpConnectException: java.net.ConnectException: Connection refused: getsockopt
2025-12-17T00:27:26.347+05:30  INFO 4824 --- [ORDER-SERVICE] [springCloudBus.anonymous.k7YPYHbOTJ2MiS6Bt0eXtg-213] o.s.a.r.l.SimpleMessageListenerContainer : Restarting Consumer@f13abb3: tags=[[]], channel=null, acknowledgeMode=AUTO local queue size=0
2025-12-17T00:27:26.349+05:30  INFO 4824 --- [ORDER-SERVICE] [springCloudBus.anonymous.k7YPYHbOTJ2MiS6Bt0eXtg-214] o.s.a.r.c.CachingConnectionFactory       : Attempting to connect to: [localhost:5672]
2025-12-17T00:27:31.522+05:30  WARN 4824 --- [ORDER-SERVICE] [springCloudBus.anonymous.k7YPYHbOTJ2MiS6Bt0eXtg-214] o.s.a.r.l.SimpleMessageListenerContainer : Consumer raised exception, processing can restart if the connection factory supports it. Exception summary: org.springframework.amqp.AmqpConnectException: java.net.ConnectException: Connection refused: getsockopt
2025-12-17T00:27:31.522+05:30  INFO 4824 --- [ORDER-SERVICE] [springCloudBus.anonymous.k7YPYHbOTJ2MiS6Bt0eXtg-214] o.s.a.r.l.SimpleMessageListenerContainer : Restarting Consumer@5ad6d574: tags=[[]], channel=null, acknowledgeMode=AUTO local queue size=0
2025-12-17T00:27:31.524+05:30  INFO 4824 --- [ORDER-SERVICE] [springCloudBus.anonymous.k7YPYHbOTJ2MiS6Bt0eXtg-215] o.s.a.r.c.CachingConnectionFactory       : Attempting to connect to: [localhost:5672]
2025-12-17T00:27:36.629+05:30  WARN 4824 --- [ORDER-SERVICE] [springCloudBus.anonymous.k7YPYHbOTJ2MiS6Bt0eXtg-215] o.s.a.r.l.SimpleMessageListenerContainer : Consumer raised exception, processing can restart if the connection factory supports it. Exception summary: org.springframework.amqp.AmqpConnectException: java.net.ConnectException: Connection refused: getsockopt
2025-12-17T00:27:36.630+05:30  INFO 4824 --- [ORDER-SERVICE] [springCloudBus.anonymous.k7YPYHbOTJ2MiS6Bt0eXtg-215] o.s.a.r.l.SimpleMessageListenerContainer : Restarting Consumer@387606b1: tags=[[]], channel=null, acknowledgeMode=AUTO local queue size=0
2025-12-17T00:27:36.632+05:30  INFO 4824 --- [ORDER-SERVICE] [springCloudBus.anonymous.k7YPYHbOTJ2MiS6Bt0eXtg-216] o.s.a.r.c.CachingConnectionFactory       : Attempting to connect to: [localhost:5672]
2025-12-17T00:27:41.698+05:30  WARN 4824 --- [ORDER-SERVICE] [springCloudBus.anonymous.k7YPYHbOTJ2MiS6Bt0eXtg-216] o.s.a.r.l.SimpleMessageListenerContainer : Consumer raised exception, processing can restart if the connection factory supports it. Exception summary: org.springframework.amqp.AmqpConnectException: java.net.ConnectException: Connection refused: getsockopt
2025-12-17T00:27:41.698+05:30  INFO 4824 --- [ORDER-SERVICE] [springCloudBus.anonymous.k7YPYHbOTJ2MiS6Bt0eXtg-216] o.s.a.r.l.SimpleMessageListenerContainer : Restarting Consumer@2737ea79: tags=[[]], channel=null, acknowledgeMode=AUTO local queue size=0
2025-12-17T00:27:41.700+05:30  INFO 4824 --- [ORDER-SERVICE] [springCloudBus.anonymous.k7YPYHbOTJ2MiS6Bt0eXtg-217] o.s.a.r.c.CachingConnectionFactory       : Attempting to connect to: [localhost:5672]
2025-12-17T00:27:46.787+05:30  WARN 4824 --- [ORDER-SERVICE] [springCloudBus.anonymous.k7YPYHbOTJ2MiS6Bt0eXtg-217] o.s.a.r.l.SimpleMessageListenerContainer : Consumer raised exception, processing can restart if the connection factory supports it. Exception summary: org.springframework.amqp.AmqpConnectException: java.net.ConnectException: Connection refused: getsockopt
2025-12-17T00:27:46.787+05:30  INFO 4824 --- [ORDER-SERVICE] [springCloudBus.anonymous.k7YPYHbOTJ2MiS6Bt0eXtg-217] o.s.a.r.l.SimpleMessageListenerContainer : Restarting Consumer@2c69bf80: tags=[[]], channel=null, acknowledgeMode=AUTO local queue size=0
2025-12-17T00:27:46.789+05:30  INFO 4824 --- [ORDER-SERVICE] [springCloudBus.anonymous.k7YPYHbOTJ2MiS6Bt0eXtg-218] o.s.a.r.c.CachingConnectionFactory       : Attempting to connect to: [localhost:5672]
2025-12-17T00:27:51.951+05:30  WARN 4824 --- [ORDER-SERVICE] [springCloudBus.anonymous.k7YPYHbOTJ2MiS6Bt0eXtg-218] o.s.a.r.l.SimpleMessageListenerContainer : Consumer raised exception, processing can restart if the connection factory supports it. Exception summary: org.springframework.amqp.AmqpConnectException: java.net.ConnectException: Connection refused: getsockopt
2025-12-17T00:27:51.952+05:30  INFO 4824 --- [ORDER-SERVICE] [springCloudBus.anonymous.k7YPYHbOTJ2MiS6Bt0eXtg-218] o.s.a.r.l.SimpleMessageListenerContainer : Restarting Consumer@6dc65ea9: tags=[[]], channel=null, acknowledgeMode=AUTO local queue size=0
2025-12-17T00:27:51.955+05:30  INFO 4824 --- [ORDER-SERVICE] [springCloudBus.anonymous.k7YPYHbOTJ2MiS6Bt0eXtg-219] o.s.a.r.c.CachingConnectionFactory       : Attempting to connect to: [localhost:5672]
2025-12-17T00:27:57.046+05:30  WARN 4824 --- [ORDER-SERVICE] [springCloudBus.anonymous.k7YPYHbOTJ2MiS6Bt0eXtg-219] o.s.a.r.l.SimpleMessageListenerContainer : Consumer raised exception, processing can restart if the connection factory supports it. Exception summary: org.springframework.amqp.AmqpConnectException: java.net.ConnectException: Connection refused: getsockopt
2025-12-17T00:27:57.047+05:30  INFO 4824 --- [ORDER-SERVICE] [springCloudBus.anonymous.k7YPYHbOTJ2MiS6Bt0eXtg-219] o.s.a.r.l.SimpleMessageListenerContainer : Restarting Consumer@27c5b1d0: tags=[[]], channel=null, acknowledgeMode=AUTO local queue size=0
2025-12-17T00:27:57.050+05:30  INFO 4824 --- [ORDER-SERVICE] [springCloudBus.anonymous.k7YPYHbOTJ2MiS6Bt0eXtg-220] o.s.a.r.c.CachingConnectionFactory       : Attempting to connect to: [localhost:5672]
2025-12-17T00:28:02.183+05:30  WARN 4824 --- [ORDER-SERVICE] [springCloudBus.anonymous.k7YPYHbOTJ2MiS6Bt0eXtg-220] o.s.a.r.l.SimpleMessageListenerContainer : Consumer raised exception, processing can restart if the connection factory supports it. Exception summary: org.springframework.amqp.AmqpConnectException: java.net.ConnectException: Connection refused: getsockopt
2025-12-17T00:28:02.184+05:30  INFO 4824 --- [ORDER-SERVICE] [springCloudBus.anonymous.k7YPYHbOTJ2MiS6Bt0eXtg-220] o.s.a.r.l.SimpleMessageListenerContainer : Restarting Consumer@3e285772: tags=[[]], channel=null, acknowledgeMode=AUTO local queue size=0
2025-12-17T00:28:02.185+05:30  INFO 4824 --- [ORDER-SERVICE] [springCloudBus.anonymous.k7YPYHbOTJ2MiS6Bt0eXtg-221] o.s.a.r.c.CachingConnectionFactory       : Attempting to connect to: [localhost:5672]
2025-12-17T00:28:07.284+05:30  WARN 4824 --- [ORDER-SERVICE] [springCloudBus.anonymous.k7YPYHbOTJ2MiS6Bt0eXtg-221] o.s.a.r.l.SimpleMessageListenerContainer : Consumer raised exception, processing can restart if the connection factory supports it. Exception summary: org.springframework.amqp.AmqpConnectException: java.net.ConnectException: Connection refused: getsockopt
2025-12-17T00:28:07.285+05:30  INFO 4824 --- [ORDER-SERVICE] [springCloudBus.anonymous.k7YPYHbOTJ2MiS6Bt0eXtg-221] o.s.a.r.l.SimpleMessageListenerContainer : Restarting Consumer@52917c30: tags=[[]], channel=null, acknowledgeMode=AUTO local queue size=0
2025-12-17T00:28:07.289+05:30  INFO 4824 --- [ORDER-SERVICE] [springCloudBus.anonymous.k7YPYHbOTJ2MiS6Bt0eXtg-222] o.s.a.r.c.CachingConnectionFactory       : Attempting to connect to: [localhost:5672]
2025-12-17T00:28:12.440+05:30  WARN 4824 --- [ORDER-SERVICE] [springCloudBus.anonymous.k7YPYHbOTJ2MiS6Bt0eXtg-222] o.s.a.r.l.SimpleMessageListenerContainer : Consumer raised exception, processing can restart if the connection factory supports it. Exception summary: org.springframework.amqp.AmqpConnectException: java.net.ConnectException: Connection refused: getsockopt
2025-12-17T00:28:12.440+05:30  INFO 4824 --- [ORDER-SERVICE] [springCloudBus.anonymous.k7YPYHbOTJ2MiS6Bt0eXtg-222] o.s.a.r.l.SimpleMessageListenerContainer : Restarting Consumer@7c788e0b: tags=[[]], channel=null, acknowledgeMode=AUTO local queue size=0
2025-12-17T00:28:12.444+05:30  INFO 4824 --- [ORDER-SERVICE] [springCloudBus.anonymous.k7YPYHbOTJ2MiS6Bt0eXtg-223] o.s.a.r.c.CachingConnectionFactory       : Attempting to connect to: [localhost:5672]
2025-12-17T00:28:17.596+05:30  WARN 4824 --- [ORDER-SERVICE] [springCloudBus.anonymous.k7YPYHbOTJ2MiS6Bt0eXtg-223] o.s.a.r.l.SimpleMessageListenerContainer : Consumer raised exception, processing can restart if the connection factory supports it. Exception summary: org.springframework.amqp.AmqpConnectException: java.net.ConnectException: Connection refused: getsockopt
2025-12-17T00:28:17.596+05:30  INFO 4824 --- [ORDER-SERVICE] [springCloudBus.anonymous.k7YPYHbOTJ2MiS6Bt0eXtg-223] o.s.a.r.l.SimpleMessageListenerContainer : Restarting Consumer@7737cfec: tags=[[]], channel=null, acknowledgeMode=AUTO local queue size=0
2025-12-17T00:28:17.601+05:30  INFO 4824 --- [ORDER-SERVICE] [springCloudBus.anonymous.k7YPYHbOTJ2MiS6Bt0eXtg-224] o.s.a.r.c.CachingConnectionFactory       : Attempting to connect to: [localhost:5672]
2025-12-17T00:28:22.714+05:30  WARN 4824 --- [ORDER-SERVICE] [springCloudBus.anonymous.k7YPYHbOTJ2MiS6Bt0eXtg-224] o.s.a.r.l.SimpleMessageListenerContainer : Consumer raised exception, processing can restart if the connection factory supports it. Exception summary: org.springframework.amqp.AmqpConnectException: java.net.ConnectException: Connection refused: getsockopt
2025-12-17T00:28:22.714+05:30  INFO 4824 --- [ORDER-SERVICE] [springCloudBus.anonymous.k7YPYHbOTJ2MiS6Bt0eXtg-224] o.s.a.r.l.SimpleMessageListenerContainer : Restarting Consumer@404cd820: tags=[[]], channel=null, acknowledgeMode=AUTO local queue size=0
2025-12-17T00:28:22.717+05:30  INFO 4824 --- [ORDER-SERVICE] [springCloudBus.anonymous.k7YPYHbOTJ2MiS6Bt0eXtg-225] o.s.a.r.c.CachingConnectionFactory       : Attempting to connect to: [localhost:5672]
2025-12-17T00:28:27.928+05:30  WARN 4824 --- [ORDER-SERVICE] [springCloudBus.anonymous.k7YPYHbOTJ2MiS6Bt0eXtg-225] o.s.a.r.l.SimpleMessageListenerContainer : Consumer raised exception, processing can restart if the connection factory supports it. Exception summary: org.springframework.amqp.AmqpConnectException: java.net.ConnectException: Connection refused: getsockopt
2025-12-17T00:28:27.929+05:30  INFO 4824 --- [ORDER-SERVICE] [springCloudBus.anonymous.k7YPYHbOTJ2MiS6Bt0eXtg-225] o.s.a.r.l.SimpleMessageListenerContainer : Restarting Consumer@360b53ee: tags=[[]], channel=null, acknowledgeMode=AUTO local queue size=0
2025-12-17T00:28:27.934+05:30  INFO 4824 --- [ORDER-SERVICE] [springCloudBus.anonymous.k7YPYHbOTJ2MiS6Bt0eXtg-226] o.s.a.r.c.CachingConnectionFactory       : Attempting to connect to: [localhost:5672]
2025-12-17T00:28:33.071+05:30  WARN 4824 --- [ORDER-SERVICE] [springCloudBus.anonymous.k7YPYHbOTJ2MiS6Bt0eXtg-226] o.s.a.r.l.SimpleMessageListenerContainer : Consumer raised exception, processing can restart if the connection factory supports it. Exception summary: org.springframework.amqp.AmqpConnectException: java.net.ConnectException: Connection refused: getsockopt
2025-12-17T00:28:33.072+05:30  INFO 4824 --- [ORDER-SERVICE] [springCloudBus.anonymous.k7YPYHbOTJ2MiS6Bt0eXtg-226] o.s.a.r.l.SimpleMessageListenerContainer : Restarting Consumer@2f10a8f: tags=[[]], channel=null, acknowledgeMode=AUTO local queue size=0
2025-12-17T00:28:33.074+05:30  INFO 4824 --- [ORDER-SERVICE] [springCloudBus.anonymous.k7YPYHbOTJ2MiS6Bt0eXtg-227] o.s.a.r.c.CachingConnectionFactory       : Attempting to connect to: [localhost:5672]
2025-12-17T00:28:38.168+05:30  WARN 4824 --- [ORDER-SERVICE] [springCloudBus.anonymous.k7YPYHbOTJ2MiS6Bt0eXtg-227] o.s.a.r.l.SimpleMessageListenerContainer : Consumer raised exception, processing can restart if the connection factory supports it. Exception summary: org.springframework.amqp.AmqpConnectException: java.net.ConnectException: Connection refused: getsockopt
2025-12-17T00:28:38.168+05:30  INFO 4824 --- [ORDER-SERVICE] [springCloudBus.anonymous.k7YPYHbOTJ2MiS6Bt0eXtg-227] o.s.a.r.l.SimpleMessageListenerContainer : Restarting Consumer@462add26: tags=[[]], channel=null, acknowledgeMode=AUTO local queue size=0
2025-12-17T00:28:38.170+05:30  INFO 4824 --- [ORDER-SERVICE] [springCloudBus.anonymous.k7YPYHbOTJ2MiS6Bt0eXtg-228] o.s.a.r.c.CachingConnectionFactory       : Attempting to connect to: [localhost:5672]
2025-12-17T00:28:43.332+05:30  WARN 4824 --- [ORDER-SERVICE] [springCloudBus.anonymous.k7YPYHbOTJ2MiS6Bt0eXtg-228] o.s.a.r.l.SimpleMessageListenerContainer : Consumer raised exception, processing can restart if the connection factory supports it. Exception summary: org.springframework.amqp.AmqpConnectException: java.net.ConnectException: Connection refused: getsockopt
2025-12-17T00:28:43.332+05:30  INFO 4824 --- [ORDER-SERVICE] [springCloudBus.anonymous.k7YPYHbOTJ2MiS6Bt0eXtg-228] o.s.a.r.l.SimpleMessageListenerContainer : Restarting Consumer@68172d2: tags=[[]], channel=null, acknowledgeMode=AUTO local queue size=0
2025-12-17T00:28:43.334+05:30  INFO 4824 --- [ORDER-SERVICE] [springCloudBus.anonymous.k7YPYHbOTJ2MiS6Bt0eXtg-229] o.s.a.r.c.CachingConnectionFactory       : Attempting to connect to: [localhost:5672]
2025-12-17T00:28:48.463+05:30  WARN 4824 --- [ORDER-SERVICE] [springCloudBus.anonymous.k7YPYHbOTJ2MiS6Bt0eXtg-229] o.s.a.r.l.SimpleMessageListenerContainer : Consumer raised exception, processing can restart if the connection factory supports it. Exception summary: org.springframework.amqp.AmqpConnectException: java.net.ConnectException: Connection refused: getsockopt
2025-12-17T00:28:48.464+05:30  INFO 4824 --- [ORDER-SERVICE] [springCloudBus.anonymous.k7YPYHbOTJ2MiS6Bt0eXtg-229] o.s.a.r.l.SimpleMessageListenerContainer : Restarting Consumer@45135b06: tags=[[]], channel=null, acknowledgeMode=AUTO local queue size=0
2025-12-17T00:28:48.466+05:30  INFO 4824 --- [ORDER-SERVICE] [springCloudBus.anonymous.k7YPYHbOTJ2MiS6Bt0eXtg-230] o.s.a.r.c.CachingConnectionFactory       : Attempting to connect to: [localhost:5672]
2025-12-17T00:28:53.495+05:30  WARN 4824 --- [ORDER-SERVICE] [springCloudBus.anonymous.k7YPYHbOTJ2MiS6Bt0eXtg-230] o.s.a.r.l.SimpleMessageListenerContainer : Consumer raised exception, processing can restart if the connection factory supports it. Exception summary: org.springframework.amqp.AmqpConnectException: java.net.ConnectException: Connection refused: getsockopt
2025-12-17T00:28:53.495+05:30  INFO 4824 --- [ORDER-SERVICE] [springCloudBus.anonymous.k7YPYHbOTJ2MiS6Bt0eXtg-230] o.s.a.r.l.SimpleMessageListenerContainer : Restarting Consumer@1d3e3478: tags=[[]], channel=null, acknowledgeMode=AUTO local queue size=0
2025-12-17T00:28:53.497+05:30  INFO 4824 --- [ORDER-SERVICE] [springCloudBus.anonymous.k7YPYHbOTJ2MiS6Bt0eXtg-231] o.s.a.r.c.CachingConnectionFactory       : Attempting to connect to: [localhost:5672]
2025-12-17T00:28:58.584+05:30  WARN 4824 --- [ORDER-SERVICE] [springCloudBus.anonymous.k7YPYHbOTJ2MiS6Bt0eXtg-231] o.s.a.r.l.SimpleMessageListenerContainer : Consumer raised exception, processing can restart if the connection factory supports it. Exception summary: org.springframework.amqp.AmqpConnectException: java.net.ConnectException: Connection refused: getsockopt
2025-12-17T00:28:58.585+05:30  INFO 4824 --- [ORDER-SERVICE] [springCloudBus.anonymous.k7YPYHbOTJ2MiS6Bt0eXtg-231] o.s.a.r.l.SimpleMessageListenerContainer : Restarting Consumer@6a2053fc: tags=[[]], channel=null, acknowledgeMode=AUTO local queue size=0
2025-12-17T00:28:58.587+05:30  INFO 4824 --- [ORDER-SERVICE] [springCloudBus.anonymous.k7YPYHbOTJ2MiS6Bt0eXtg-232] o.s.a.r.c.CachingConnectionFactory       : Attempting to connect to: [localhost:5672]
2025-12-17T00:29:03.721+05:30  WARN 4824 --- [ORDER-SERVICE] [springCloudBus.anonymous.k7YPYHbOTJ2MiS6Bt0eXtg-232] o.s.a.r.l.SimpleMessageListenerContainer : Consumer raised exception, processing can restart if the connection factory supports it. Exception summary: org.springframework.amqp.AmqpConnectException: java.net.ConnectException: Connection refused: getsockopt
2025-12-17T00:29:03.721+05:30  INFO 4824 --- [ORDER-SERVICE] [springCloudBus.anonymous.k7YPYHbOTJ2MiS6Bt0eXtg-232] o.s.a.r.l.SimpleMessageListenerContainer : Restarting Consumer@63fe15e: tags=[[]], channel=null, acknowledgeMode=AUTO local queue size=0
2025-12-17T00:29:03.724+05:30  INFO 4824 --- [ORDER-SERVICE] [springCloudBus.anonymous.k7YPYHbOTJ2MiS6Bt0eXtg-233] o.s.a.r.c.CachingConnectionFactory       : Attempting to connect to: [localhost:5672]
2025-12-17T00:29:08.841+05:30  WARN 4824 --- [ORDER-SERVICE] [springCloudBus.anonymous.k7YPYHbOTJ2MiS6Bt0eXtg-233] o.s.a.r.l.SimpleMessageListenerContainer : Consumer raised exception, processing can restart if the connection factory supports it. Exception summary: org.springframework.amqp.AmqpConnectException: java.net.ConnectException: Connection refused: getsockopt
2025-12-17T00:29:08.841+05:30  INFO 4824 --- [ORDER-SERVICE] [springCloudBus.anonymous.k7YPYHbOTJ2MiS6Bt0eXtg-233] o.s.a.r.l.SimpleMessageListenerContainer : Restarting Consumer@6a641005: tags=[[]], channel=null, acknowledgeMode=AUTO local queue size=0
2025-12-17T00:29:08.845+05:30  INFO 4824 --- [ORDER-SERVICE] [springCloudBus.anonymous.k7YPYHbOTJ2MiS6Bt0eXtg-234] o.s.a.r.c.CachingConnectionFactory       : Attempting to connect to: [localhost:5672]
2025-12-17T00:29:13.999+05:30  WARN 4824 --- [ORDER-SERVICE] [springCloudBus.anonymous.k7YPYHbOTJ2MiS6Bt0eXtg-234] o.s.a.r.l.SimpleMessageListenerContainer : Consumer raised exception, processing can restart if the connection factory supports it. Exception summary: org.springframework.amqp.AmqpConnectException: java.net.ConnectException: Connection refused: getsockopt
2025-12-17T00:29:14.000+05:30  INFO 4824 --- [ORDER-SERVICE] [springCloudBus.anonymous.k7YPYHbOTJ2MiS6Bt0eXtg-234] o.s.a.r.l.SimpleMessageListenerContainer : Restarting Consumer@3d4a55b3: tags=[[]], channel=null, acknowledgeMode=AUTO local queue size=0
2025-12-17T00:29:14.003+05:30  INFO 4824 --- [ORDER-SERVICE] [springCloudBus.anonymous.k7YPYHbOTJ2MiS6Bt0eXtg-235] o.s.a.r.c.CachingConnectionFactory       : Attempting to connect to: [localhost:5672]
2025-12-17T00:29:14.514+05:30  INFO 4824 --- [ORDER-SERVICE] [AsyncResolver-bootstrap-executor-%d] c.n.d.s.r.aws.ConfigClusterResolver      : Resolving eureka endpoints via configuration
2025-12-17T00:29:19.146+05:30  WARN 4824 --- [ORDER-SERVICE] [springCloudBus.anonymous.k7YPYHbOTJ2MiS6Bt0eXtg-235] o.s.a.r.l.SimpleMessageListenerContainer : Consumer raised exception, processing can restart if the connection factory supports it. Exception summary: org.springframework.amqp.AmqpConnectException: java.net.ConnectException: Connection refused: getsockopt
2025-12-17T00:29:19.146+05:30  INFO 4824 --- [ORDER-SERVICE] [springCloudBus.anonymous.k7YPYHbOTJ2MiS6Bt0eXtg-235] o.s.a.r.l.SimpleMessageListenerContainer : Restarting Consumer@321a2be7: tags=[[]], channel=null, acknowledgeMode=AUTO local queue size=0
2025-12-17T00:29:19.149+05:30  INFO 4824 --- [ORDER-SERVICE] [springCloudBus.anonymous.k7YPYHbOTJ2MiS6Bt0eXtg-236] o.s.a.r.c.CachingConnectionFactory       : Attempting to connect to: [localhost:5672]
2025-12-17T00:29:24.201+05:30  WARN 4824 --- [ORDER-SERVICE] [springCloudBus.anonymous.k7YPYHbOTJ2MiS6Bt0eXtg-236] o.s.a.r.l.SimpleMessageListenerContainer : Consumer raised exception, processing can restart if the connection factory supports it. Exception summary: org.springframework.amqp.AmqpConnectException: java.net.ConnectException: Connection refused: getsockopt
2025-12-17T00:29:24.202+05:30  INFO 4824 --- [ORDER-SERVICE] [springCloudBus.anonymous.k7YPYHbOTJ2MiS6Bt0eXtg-236] o.s.a.r.l.SimpleMessageListenerContainer : Restarting Consumer@6fe912b7: tags=[[]], channel=null, acknowledgeMode=AUTO local queue size=0
2025-12-17T00:29:24.204+05:30  INFO 4824 --- [ORDER-SERVICE] [springCloudBus.anonymous.k7YPYHbOTJ2MiS6Bt0eXtg-237] o.s.a.r.c.CachingConnectionFactory       : Attempting to connect to: [localhost:5672]
2025-12-17T00:29:29.292+05:30  WARN 4824 --- [ORDER-SERVICE] [springCloudBus.anonymous.k7YPYHbOTJ2MiS6Bt0eXtg-237] o.s.a.r.l.SimpleMessageListenerContainer : Consumer raised exception, processing can restart if the connection factory supports it. Exception summary: org.springframework.amqp.AmqpConnectException: java.net.ConnectException: Connection refused: getsockopt
2025-12-17T00:29:29.293+05:30  INFO 4824 --- [ORDER-SERVICE] [springCloudBus.anonymous.k7YPYHbOTJ2MiS6Bt0eXtg-237] o.s.a.r.l.SimpleMessageListenerContainer : Restarting Consumer@2b19915: tags=[[]], channel=null, acknowledgeMode=AUTO local queue size=0
2025-12-17T00:29:29.298+05:30  INFO 4824 --- [ORDER-SERVICE] [springCloudBus.anonymous.k7YPYHbOTJ2MiS6Bt0eXtg-238] o.s.a.r.c.CachingConnectionFactory       : Attempting to connect to: [localhost:5672]
2025-12-17T00:29:34.423+05:30  WARN 4824 --- [ORDER-SERVICE] [springCloudBus.anonymous.k7YPYHbOTJ2MiS6Bt0eXtg-238] o.s.a.r.l.SimpleMessageListenerContainer : Consumer raised exception, processing can restart if the connection factory supports it. Exception summary: org.springframework.amqp.AmqpConnectException: java.net.ConnectException: Connection refused: getsockopt
2025-12-17T00:29:34.424+05:30  INFO 4824 --- [ORDER-SERVICE] [springCloudBus.anonymous.k7YPYHbOTJ2MiS6Bt0eXtg-238] o.s.a.r.l.SimpleMessageListenerContainer : Restarting Consumer@31d102ab: tags=[[]], channel=null, acknowledgeMode=AUTO local queue size=0
2025-12-17T00:29:34.426+05:30  INFO 4824 --- [ORDER-SERVICE] [springCloudBus.anonymous.k7YPYHbOTJ2MiS6Bt0eXtg-239] o.s.a.r.c.CachingConnectionFactory       : Attempting to connect to: [localhost:5672]
2025-12-17T00:29:39.504+05:30  WARN 4824 --- [ORDER-SERVICE] [springCloudBus.anonymous.k7YPYHbOTJ2MiS6Bt0eXtg-239] o.s.a.r.l.SimpleMessageListenerContainer : Consumer raised exception, processing can restart if the connection factory supports it. Exception summary: org.springframework.amqp.AmqpConnectException: java.net.ConnectException: Connection refused: getsockopt
2025-12-17T00:29:39.504+05:30  INFO 4824 --- [ORDER-SERVICE] [springCloudBus.anonymous.k7YPYHbOTJ2MiS6Bt0eXtg-239] o.s.a.r.l.SimpleMessageListenerContainer : Restarting Consumer@6c19e426: tags=[[]], channel=null, acknowledgeMode=AUTO local queue size=0
2025-12-17T00:29:39.507+05:30  INFO 4824 --- [ORDER-SERVICE] [springCloudBus.anonymous.k7YPYHbOTJ2MiS6Bt0eXtg-240] o.s.a.r.c.CachingConnectionFactory       : Attempting to connect to: [localhost:5672]
2025-12-17T00:29:44.588+05:30  WARN 4824 --- [ORDER-SERVICE] [springCloudBus.anonymous.k7YPYHbOTJ2MiS6Bt0eXtg-240] o.s.a.r.l.SimpleMessageListenerContainer : Consumer raised exception, processing can restart if the connection factory supports it. Exception summary: org.springframework.amqp.AmqpConnectException: java.net.ConnectException: Connection refused: getsockopt
2025-12-17T00:29:44.589+05:30  INFO 4824 --- [ORDER-SERVICE] [springCloudBus.anonymous.k7YPYHbOTJ2MiS6Bt0eXtg-240] o.s.a.r.l.SimpleMessageListenerContainer : Restarting Consumer@4d349a58: tags=[[]], channel=null, acknowledgeMode=AUTO local queue size=0
2025-12-17T00:29:44.591+05:30  INFO 4824 --- [ORDER-SERVICE] [springCloudBus.anonymous.k7YPYHbOTJ2MiS6Bt0eXtg-241] o.s.a.r.c.CachingConnectionFactory       : Attempting to connect to: [localhost:5672]
2025-12-17T00:29:49.730+05:30  WARN 4824 --- [ORDER-SERVICE] [springCloudBus.anonymous.k7YPYHbOTJ2MiS6Bt0eXtg-241] o.s.a.r.l.SimpleMessageListenerContainer : Consumer raised exception, processing can restart if the connection factory supports it. Exception summary: org.springframework.amqp.AmqpConnectException: java.net.ConnectException: Connection refused: getsockopt
2025-12-17T00:29:49.731+05:30  INFO 4824 --- [ORDER-SERVICE] [springCloudBus.anonymous.k7YPYHbOTJ2MiS6Bt0eXtg-241] o.s.a.r.l.SimpleMessageListenerContainer : Restarting Consumer@29d17df0: tags=[[]], channel=null, acknowledgeMode=AUTO local queue size=0
2025-12-17T00:29:49.736+05:30  INFO 4824 --- [ORDER-SERVICE] [springCloudBus.anonymous.k7YPYHbOTJ2MiS6Bt0eXtg-242] o.s.a.r.c.CachingConnectionFactory       : Attempting to connect to: [localhost:5672]
2025-12-17T00:29:54.866+05:30  WARN 4824 --- [ORDER-SERVICE] [springCloudBus.anonymous.k7YPYHbOTJ2MiS6Bt0eXtg-242] o.s.a.r.l.SimpleMessageListenerContainer : Consumer raised exception, processing can restart if the connection factory supports it. Exception summary: org.springframework.amqp.AmqpConnectException: java.net.ConnectException: Connection refused: getsockopt
2025-12-17T00:29:54.867+05:30  INFO 4824 --- [ORDER-SERVICE] [springCloudBus.anonymous.k7YPYHbOTJ2MiS6Bt0eXtg-242] o.s.a.r.l.SimpleMessageListenerContainer : Restarting Consumer@1dd06256: tags=[[]], channel=null, acknowledgeMode=AUTO local queue size=0
2025-12-17T00:29:54.870+05:30  INFO 4824 --- [ORDER-SERVICE] [springCloudBus.anonymous.k7YPYHbOTJ2MiS6Bt0eXtg-243] o.s.a.r.c.CachingConnectionFactory       : Attempting to connect to: [localhost:5672]
2025-12-17T00:29:59.948+05:30  WARN 4824 --- [ORDER-SERVICE] [springCloudBus.anonymous.k7YPYHbOTJ2MiS6Bt0eXtg-243] o.s.a.r.l.SimpleMessageListenerContainer : Consumer raised exception, processing can restart if the connection factory supports it. Exception summary: org.springframework.amqp.AmqpConnectException: java.net.ConnectException: Connection refused: getsockopt
2025-12-17T00:29:59.948+05:30  INFO 4824 --- [ORDER-SERVICE] [springCloudBus.anonymous.k7YPYHbOTJ2MiS6Bt0eXtg-243] o.s.a.r.l.SimpleMessageListenerContainer : Restarting Consumer@20a2634c: tags=[[]], channel=null, acknowledgeMode=AUTO local queue size=0
2025-12-17T00:29:59.950+05:30  INFO 4824 --- [ORDER-SERVICE] [springCloudBus.anonymous.k7YPYHbOTJ2MiS6Bt0eXtg-244] o.s.a.r.c.CachingConnectionFactory       : Attempting to connect to: [localhost:5672]
2025-12-17T00:30:05.044+05:30  WARN 4824 --- [ORDER-SERVICE] [springCloudBus.anonymous.k7YPYHbOTJ2MiS6Bt0eXtg-244] o.s.a.r.l.SimpleMessageListenerContainer : Consumer raised exception, processing can restart if the connection factory supports it. Exception summary: org.springframework.amqp.AmqpConnectException: java.net.ConnectException: Connection refused: getsockopt
2025-12-17T00:30:05.045+05:30  INFO 4824 --- [ORDER-SERVICE] [springCloudBus.anonymous.k7YPYHbOTJ2MiS6Bt0eXtg-244] o.s.a.r.l.SimpleMessageListenerContainer : Restarting Consumer@28c593d: tags=[[]], channel=null, acknowledgeMode=AUTO local queue size=0
2025-12-17T00:30:05.047+05:30  INFO 4824 --- [ORDER-SERVICE] [springCloudBus.anonymous.k7YPYHbOTJ2MiS6Bt0eXtg-245] o.s.a.r.c.CachingConnectionFactory       : Attempting to connect to: [localhost:5672]
2025-12-17T00:30:10.145+05:30  WARN 4824 --- [ORDER-SERVICE] [springCloudBus.anonymous.k7YPYHbOTJ2MiS6Bt0eXtg-245] o.s.a.r.l.SimpleMessageListenerContainer : Consumer raised exception, processing can restart if the connection factory supports it. Exception summary: org.springframework.amqp.AmqpConnectException: java.net.ConnectException: Connection refused: getsockopt
2025-12-17T00:30:10.146+05:30  INFO 4824 --- [ORDER-SERVICE] [springCloudBus.anonymous.k7YPYHbOTJ2MiS6Bt0eXtg-245] o.s.a.r.l.SimpleMessageListenerContainer : Restarting Consumer@666e9635: tags=[[]], channel=null, acknowledgeMode=AUTO local queue size=0
2025-12-17T00:30:10.149+05:30  INFO 4824 --- [ORDER-SERVICE] [springCloudBus.anonymous.k7YPYHbOTJ2MiS6Bt0eXtg-246] o.s.a.r.c.CachingConnectionFactory       : Attempting to connect to: [localhost:5672]
2025-12-17T00:30:15.278+05:30  WARN 4824 --- [ORDER-SERVICE] [springCloudBus.anonymous.k7YPYHbOTJ2MiS6Bt0eXtg-246] o.s.a.r.l.SimpleMessageListenerContainer : Consumer raised exception, processing can restart if the connection factory supports it. Exception summary: org.springframework.amqp.AmqpConnectException: java.net.ConnectException: Connection refused: getsockopt
2025-12-17T00:30:15.278+05:30  INFO 4824 --- [ORDER-SERVICE] [springCloudBus.anonymous.k7YPYHbOTJ2MiS6Bt0eXtg-246] o.s.a.r.l.SimpleMessageListenerContainer : Restarting Consumer@5d58009b: tags=[[]], channel=null, acknowledgeMode=AUTO local queue size=0
2025-12-17T00:30:15.281+05:30  INFO 4824 --- [ORDER-SERVICE] [springCloudBus.anonymous.k7YPYHbOTJ2MiS6Bt0eXtg-247] o.s.a.r.c.CachingConnectionFactory       : Attempting to connect to: [localhost:5672]
2025-12-17T00:30:20.411+05:30  WARN 4824 --- [ORDER-SERVICE] [springCloudBus.anonymous.k7YPYHbOTJ2MiS6Bt0eXtg-247] o.s.a.r.l.SimpleMessageListenerContainer : Consumer raised exception, processing can restart if the connection factory supports it. Exception summary: org.springframework.amqp.AmqpConnectException: java.net.ConnectException: Connection refused: getsockopt
2025-12-17T00:30:20.412+05:30  INFO 4824 --- [ORDER-SERVICE] [springCloudBus.anonymous.k7YPYHbOTJ2MiS6Bt0eXtg-247] o.s.a.r.l.SimpleMessageListenerContainer : Restarting Consumer@19dfd870: tags=[[]], channel=null, acknowledgeMode=AUTO local queue size=0
2025-12-17T00:30:20.415+05:30  INFO 4824 --- [ORDER-SERVICE] [springCloudBus.anonymous.k7YPYHbOTJ2MiS6Bt0eXtg-248] o.s.a.r.c.CachingConnectionFactory       : Attempting to connect to: [localhost:5672]
2025-12-17T00:30:25.556+05:30  WARN 4824 --- [ORDER-SERVICE] [springCloudBus.anonymous.k7YPYHbOTJ2MiS6Bt0eXtg-248] o.s.a.r.l.SimpleMessageListenerContainer : Consumer raised exception, processing can restart if the connection factory supports it. Exception summary: org.springframework.amqp.AmqpConnectException: java.net.ConnectException: Connection refused: getsockopt
2025-12-17T00:30:25.556+05:30  INFO 4824 --- [ORDER-SERVICE] [springCloudBus.anonymous.k7YPYHbOTJ2MiS6Bt0eXtg-248] o.s.a.r.l.SimpleMessageListenerContainer : Restarting Consumer@2a0663fb: tags=[[]], channel=null, acknowledgeMode=AUTO local queue size=0
2025-12-17T00:30:25.557+05:30  INFO 4824 --- [ORDER-SERVICE] [springCloudBus.anonymous.k7YPYHbOTJ2MiS6Bt0eXtg-249] o.s.a.r.c.CachingConnectionFactory       : Attempting to connect to: [localhost:5672]
2025-12-17T00:30:30.604+05:30  WARN 4824 --- [ORDER-SERVICE] [springCloudBus.anonymous.k7YPYHbOTJ2MiS6Bt0eXtg-249] o.s.a.r.l.SimpleMessageListenerContainer : Consumer raised exception, processing can restart if the connection factory supports it. Exception summary: org.springframework.amqp.AmqpConnectException: java.net.ConnectException: Connection refused: getsockopt
2025-12-17T00:30:30.604+05:30  INFO 4824 --- [ORDER-SERVICE] [springCloudBus.anonymous.k7YPYHbOTJ2MiS6Bt0eXtg-249] o.s.a.r.l.SimpleMessageListenerContainer : Restarting Consumer@4de258da: tags=[[]], channel=null, acknowledgeMode=AUTO local queue size=0
2025-12-17T00:30:30.606+05:30  INFO 4824 --- [ORDER-SERVICE] [springCloudBus.anonymous.k7YPYHbOTJ2MiS6Bt0eXtg-250] o.s.a.r.c.CachingConnectionFactory       : Attempting to connect to: [localhost:5672]
2025-12-17T00:30:35.693+05:30  WARN 4824 --- [ORDER-SERVICE] [springCloudBus.anonymous.k7YPYHbOTJ2MiS6Bt0eXtg-250] o.s.a.r.l.SimpleMessageListenerContainer : Consumer raised exception, processing can restart if the connection factory supports it. Exception summary: org.springframework.amqp.AmqpConnectException: java.net.ConnectException: Connection refused: getsockopt
2025-12-17T00:30:35.693+05:30  INFO 4824 --- [ORDER-SERVICE] [springCloudBus.anonymous.k7YPYHbOTJ2MiS6Bt0eXtg-250] o.s.a.r.l.SimpleMessageListenerContainer : Restarting Consumer@1cbeca85: tags=[[]], channel=null, acknowledgeMode=AUTO local queue size=0
2025-12-17T00:30:35.694+05:30  INFO 4824 --- [ORDER-SERVICE] [springCloudBus.anonymous.k7YPYHbOTJ2MiS6Bt0eXtg-251] o.s.a.r.c.CachingConnectionFactory       : Attempting to connect to: [localhost:5672]
2025-12-17T00:30:40.795+05:30  WARN 4824 --- [ORDER-SERVICE] [springCloudBus.anonymous.k7YPYHbOTJ2MiS6Bt0eXtg-251] o.s.a.r.l.SimpleMessageListenerContainer : Consumer raised exception, processing can restart if the connection factory supports it. Exception summary: org.springframework.amqp.AmqpConnectException: java.net.ConnectException: Connection refused: getsockopt
2025-12-17T00:30:40.796+05:30  INFO 4824 --- [ORDER-SERVICE] [springCloudBus.anonymous.k7YPYHbOTJ2MiS6Bt0eXtg-251] o.s.a.r.l.SimpleMessageListenerContainer : Restarting Consumer@74ea59d1: tags=[[]], channel=null, acknowledgeMode=AUTO local queue size=0
2025-12-17T00:30:40.798+05:30  INFO 4824 --- [ORDER-SERVICE] [springCloudBus.anonymous.k7YPYHbOTJ2MiS6Bt0eXtg-252] o.s.a.r.c.CachingConnectionFactory       : Attempting to connect to: [localhost:5672]
2025-12-17T00:30:45.894+05:30  WARN 4824 --- [ORDER-SERVICE] [springCloudBus.anonymous.k7YPYHbOTJ2MiS6Bt0eXtg-252] o.s.a.r.l.SimpleMessageListenerContainer : Consumer raised exception, processing can restart if the connection factory supports it. Exception summary: org.springframework.amqp.AmqpConnectException: java.net.ConnectException: Connection refused: getsockopt
2025-12-17T00:30:45.894+05:30  INFO 4824 --- [ORDER-SERVICE] [springCloudBus.anonymous.k7YPYHbOTJ2MiS6Bt0eXtg-252] o.s.a.r.l.SimpleMessageListenerContainer : Restarting Consumer@1e6fc44b: tags=[[]], channel=null, acknowledgeMode=AUTO local queue size=0
2025-12-17T00:30:45.895+05:30  INFO 4824 --- [ORDER-SERVICE] [springCloudBus.anonymous.k7YPYHbOTJ2MiS6Bt0eXtg-253] o.s.a.r.c.CachingConnectionFactory       : Attempting to connect to: [localhost:5672]
2025-12-17T00:30:50.996+05:30  WARN 4824 --- [ORDER-SERVICE] [springCloudBus.anonymous.k7YPYHbOTJ2MiS6Bt0eXtg-253] o.s.a.r.l.SimpleMessageListenerContainer : Consumer raised exception, processing can restart if the connection factory supports it. Exception summary: org.springframework.amqp.AmqpConnectException: java.net.ConnectException: Connection refused: getsockopt
2025-12-17T00:30:50.996+05:30  INFO 4824 --- [ORDER-SERVICE] [springCloudBus.anonymous.k7YPYHbOTJ2MiS6Bt0eXtg-253] o.s.a.r.l.SimpleMessageListenerContainer : Restarting Consumer@42075df2: tags=[[]], channel=null, acknowledgeMode=AUTO local queue size=0
2025-12-17T00:30:50.998+05:30  INFO 4824 --- [ORDER-SERVICE] [springCloudBus.anonymous.k7YPYHbOTJ2MiS6Bt0eXtg-254] o.s.a.r.c.CachingConnectionFactory       : Attempting to connect to: [localhost:5672]
2025-12-17T00:30:56.095+05:30  WARN 4824 --- [ORDER-SERVICE] [springCloudBus.anonymous.k7YPYHbOTJ2MiS6Bt0eXtg-254] o.s.a.r.l.SimpleMessageListenerContainer : Consumer raised exception, processing can restart if the connection factory supports it. Exception summary: org.springframework.amqp.AmqpConnectException: java.net.ConnectException: Connection refused: getsockopt
2025-12-17T00:30:56.095+05:30  INFO 4824 --- [ORDER-SERVICE] [springCloudBus.anonymous.k7YPYHbOTJ2MiS6Bt0eXtg-254] o.s.a.r.l.SimpleMessageListenerContainer : Restarting Consumer@67199ae1: tags=[[]], channel=null, acknowledgeMode=AUTO local queue size=0
2025-12-17T00:30:56.097+05:30  INFO 4824 --- [ORDER-SERVICE] [springCloudBus.anonymous.k7YPYHbOTJ2MiS6Bt0eXtg-255] o.s.a.r.c.CachingConnectionFactory       : Attempting to connect to: [localhost:5672]
2025-12-17T00:31:01.251+05:30  WARN 4824 --- [ORDER-SERVICE] [springCloudBus.anonymous.k7YPYHbOTJ2MiS6Bt0eXtg-255] o.s.a.r.l.SimpleMessageListenerContainer : Consumer raised exception, processing can restart if the connection factory supports it. Exception summary: org.springframework.amqp.AmqpConnectException: java.net.ConnectException: Connection refused: getsockopt
2025-12-17T00:31:01.251+05:30  INFO 4824 --- [ORDER-SERVICE] [springCloudBus.anonymous.k7YPYHbOTJ2MiS6Bt0eXtg-255] o.s.a.r.l.SimpleMessageListenerContainer : Restarting Consumer@99c79e4: tags=[[]], channel=null, acknowledgeMode=AUTO local queue size=0
2025-12-17T00:31:01.253+05:30  INFO 4824 --- [ORDER-SERVICE] [springCloudBus.anonymous.k7YPYHbOTJ2MiS6Bt0eXtg-256] o.s.a.r.c.CachingConnectionFactory       : Attempting to connect to: [localhost:5672]
2025-12-17T00:31:06.366+05:30  WARN 4824 --- [ORDER-SERVICE] [springCloudBus.anonymous.k7YPYHbOTJ2MiS6Bt0eXtg-256] o.s.a.r.l.SimpleMessageListenerContainer : Consumer raised exception, processing can restart if the connection factory supports it. Exception summary: org.springframework.amqp.AmqpConnectException: java.net.ConnectException: Connection refused: getsockopt
2025-12-17T00:31:06.366+05:30  INFO 4824 --- [ORDER-SERVICE] [springCloudBus.anonymous.k7YPYHbOTJ2MiS6Bt0eXtg-256] o.s.a.r.l.SimpleMessageListenerContainer : Restarting Consumer@fa2134: tags=[[]], channel=null, acknowledgeMode=AUTO local queue size=0
2025-12-17T00:31:06.368+05:30  INFO 4824 --- [ORDER-SERVICE] [springCloudBus.anonymous.k7YPYHbOTJ2MiS6Bt0eXtg-257] o.s.a.r.c.CachingConnectionFactory       : Attempting to connect to: [localhost:5672]
2025-12-17T00:31:11.479+05:30  WARN 4824 --- [ORDER-SERVICE] [springCloudBus.anonymous.k7YPYHbOTJ2MiS6Bt0eXtg-257] o.s.a.r.l.SimpleMessageListenerContainer : Consumer raised exception, processing can restart if the connection factory supports it. Exception summary: org.springframework.amqp.AmqpConnectException: java.net.ConnectException: Connection refused: getsockopt
2025-12-17T00:31:11.480+05:30  INFO 4824 --- [ORDER-SERVICE] [springCloudBus.anonymous.k7YPYHbOTJ2MiS6Bt0eXtg-257] o.s.a.r.l.SimpleMessageListenerContainer : Restarting Consumer@63013e4a: tags=[[]], channel=null, acknowledgeMode=AUTO local queue size=0
2025-12-17T00:31:11.483+05:30  INFO 4824 --- [ORDER-SERVICE] [springCloudBus.anonymous.k7YPYHbOTJ2MiS6Bt0eXtg-258] o.s.a.r.c.CachingConnectionFactory       : Attempting to connect to: [localhost:5672]
2025-12-17T00:31:16.585+05:30  WARN 4824 --- [ORDER-SERVICE] [springCloudBus.anonymous.k7YPYHbOTJ2MiS6Bt0eXtg-258] o.s.a.r.l.SimpleMessageListenerContainer : Consumer raised exception, processing can restart if the connection factory supports it. Exception summary: org.springframework.amqp.AmqpConnectException: java.net.ConnectException: Connection refused: getsockopt
2025-12-17T00:31:16.585+05:30  INFO 4824 --- [ORDER-SERVICE] [springCloudBus.anonymous.k7YPYHbOTJ2MiS6Bt0eXtg-258] o.s.a.r.l.SimpleMessageListenerContainer : Restarting Consumer@1b46ff13: tags=[[]], channel=null, acknowledgeMode=AUTO local queue size=0
2025-12-17T00:31:16.587+05:30  INFO 4824 --- [ORDER-SERVICE] [springCloudBus.anonymous.k7YPYHbOTJ2MiS6Bt0eXtg-259] o.s.a.r.c.CachingConnectionFactory       : Attempting to connect to: [localhost:5672]
2025-12-17T00:31:21.718+05:30  WARN 4824 --- [ORDER-SERVICE] [springCloudBus.anonymous.k7YPYHbOTJ2MiS6Bt0eXtg-259] o.s.a.r.l.SimpleMessageListenerContainer : Consumer raised exception, processing can restart if the connection factory supports it. Exception summary: org.springframework.amqp.AmqpConnectException: java.net.ConnectException: Connection refused: getsockopt
2025-12-17T00:31:21.718+05:30  INFO 4824 --- [ORDER-SERVICE] [springCloudBus.anonymous.k7YPYHbOTJ2MiS6Bt0eXtg-259] o.s.a.r.l.SimpleMessageListenerContainer : Restarting Consumer@b7116c5: tags=[[]], channel=null, acknowledgeMode=AUTO local queue size=0
2025-12-17T00:31:21.720+05:30  INFO 4824 --- [ORDER-SERVICE] [springCloudBus.anonymous.k7YPYHbOTJ2MiS6Bt0eXtg-260] o.s.a.r.c.CachingConnectionFactory       : Attempting to connect to: [localhost:5672]
2025-12-17T00:31:26.807+05:30  WARN 4824 --- [ORDER-SERVICE] [springCloudBus.anonymous.k7YPYHbOTJ2MiS6Bt0eXtg-260] o.s.a.r.l.SimpleMessageListenerContainer : Consumer raised exception, processing can restart if the connection factory supports it. Exception summary: org.springframework.amqp.AmqpConnectException: java.net.ConnectException: Connection refused: getsockopt
2025-12-17T00:31:26.807+05:30  INFO 4824 --- [ORDER-SERVICE] [springCloudBus.anonymous.k7YPYHbOTJ2MiS6Bt0eXtg-260] o.s.a.r.l.SimpleMessageListenerContainer : Restarting Consumer@4242e98d: tags=[[]], channel=null, acknowledgeMode=AUTO local queue size=0
2025-12-17T00:31:26.810+05:30  INFO 4824 --- [ORDER-SERVICE] [springCloudBus.anonymous.k7YPYHbOTJ2MiS6Bt0eXtg-261] o.s.a.r.c.CachingConnectionFactory       : Attempting to connect to: [localhost:5672]
2025-12-17T00:31:31.913+05:30  WARN 4824 --- [ORDER-SERVICE] [springCloudBus.anonymous.k7YPYHbOTJ2MiS6Bt0eXtg-261] o.s.a.r.l.SimpleMessageListenerContainer : Consumer raised exception, processing can restart if the connection factory supports it. Exception summary: org.springframework.amqp.AmqpConnectException: java.net.ConnectException: Connection refused: getsockopt
2025-12-17T00:31:31.913+05:30  INFO 4824 --- [ORDER-SERVICE] [springCloudBus.anonymous.k7YPYHbOTJ2MiS6Bt0eXtg-261] o.s.a.r.l.SimpleMessageListenerContainer : Restarting Consumer@7e2fde11: tags=[[]], channel=null, acknowledgeMode=AUTO local queue size=0
2025-12-17T00:31:31.916+05:30  INFO 4824 --- [ORDER-SERVICE] [springCloudBus.anonymous.k7YPYHbOTJ2MiS6Bt0eXtg-262] o.s.a.r.c.CachingConnectionFactory       : Attempting to connect to: [localhost:5672]
2025-12-17T00:31:37.027+05:30  WARN 4824 --- [ORDER-SERVICE] [springCloudBus.anonymous.k7YPYHbOTJ2MiS6Bt0eXtg-262] o.s.a.r.l.SimpleMessageListenerContainer : Consumer raised exception, processing can restart if the connection factory supports it. Exception summary: org.springframework.amqp.AmqpConnectException: java.net.ConnectException: Connection refused: getsockopt
2025-12-17T00:31:37.027+05:30  INFO 4824 --- [ORDER-SERVICE] [springCloudBus.anonymous.k7YPYHbOTJ2MiS6Bt0eXtg-262] o.s.a.r.l.SimpleMessageListenerContainer : Restarting Consumer@4381a914: tags=[[]], channel=null, acknowledgeMode=AUTO local queue size=0
2025-12-17T00:31:37.028+05:30  INFO 4824 --- [ORDER-SERVICE] [springCloudBus.anonymous.k7YPYHbOTJ2MiS6Bt0eXtg-263] o.s.a.r.c.CachingConnectionFactory       : Attempting to connect to: [localhost:5672]
2025-12-17T00:31:42.122+05:30  WARN 4824 --- [ORDER-SERVICE] [springCloudBus.anonymous.k7YPYHbOTJ2MiS6Bt0eXtg-263] o.s.a.r.l.SimpleMessageListenerContainer : Consumer raised exception, processing can restart if the connection factory supports it. Exception summary: org.springframework.amqp.AmqpConnectException: java.net.ConnectException: Connection refused: getsockopt
2025-12-17T00:31:42.122+05:30  INFO 4824 --- [ORDER-SERVICE] [springCloudBus.anonymous.k7YPYHbOTJ2MiS6Bt0eXtg-263] o.s.a.r.l.SimpleMessageListenerContainer : Restarting Consumer@18cee9b8: tags=[[]], channel=null, acknowledgeMode=AUTO local queue size=0
2025-12-17T00:31:42.125+05:30  INFO 4824 --- [ORDER-SERVICE] [springCloudBus.anonymous.k7YPYHbOTJ2MiS6Bt0eXtg-264] o.s.a.r.c.CachingConnectionFactory       : Attempting to connect to: [localhost:5672]
2025-12-17T00:31:47.219+05:30  WARN 4824 --- [ORDER-SERVICE] [springCloudBus.anonymous.k7YPYHbOTJ2MiS6Bt0eXtg-264] o.s.a.r.l.SimpleMessageListenerContainer : Consumer raised exception, processing can restart if the connection factory supports it. Exception summary: org.springframework.amqp.AmqpConnectException: java.net.ConnectException: Connection refused: getsockopt
2025-12-17T00:31:47.220+05:30  INFO 4824 --- [ORDER-SERVICE] [springCloudBus.anonymous.k7YPYHbOTJ2MiS6Bt0eXtg-264] o.s.a.r.l.SimpleMessageListenerContainer : Restarting Consumer@5df3f1b3: tags=[[]], channel=null, acknowledgeMode=AUTO local queue size=0
2025-12-17T00:31:47.224+05:30  INFO 4824 --- [ORDER-SERVICE] [springCloudBus.anonymous.k7YPYHbOTJ2MiS6Bt0eXtg-265] o.s.a.r.c.CachingConnectionFactory       : Attempting to connect to: [localhost:5672]
2025-12-17T00:31:52.353+05:30  WARN 4824 --- [ORDER-SERVICE] [springCloudBus.anonymous.k7YPYHbOTJ2MiS6Bt0eXtg-265] o.s.a.r.l.SimpleMessageListenerContainer : Consumer raised exception, processing can restart if the connection factory supports it. Exception summary: org.springframework.amqp.AmqpConnectException: java.net.ConnectException: Connection refused: getsockopt
2025-12-17T00:31:52.353+05:30  INFO 4824 --- [ORDER-SERVICE] [springCloudBus.anonymous.k7YPYHbOTJ2MiS6Bt0eXtg-265] o.s.a.r.l.SimpleMessageListenerContainer : Restarting Consumer@695f8e7c: tags=[[]], channel=null, acknowledgeMode=AUTO local queue size=0
2025-12-17T00:31:52.354+05:30  INFO 4824 --- [ORDER-SERVICE] [springCloudBus.anonymous.k7YPYHbOTJ2MiS6Bt0eXtg-266] o.s.a.r.c.CachingConnectionFactory       : Attempting to connect to: [localhost:5672]
2025-12-17T00:31:57.457+05:30  WARN 4824 --- [ORDER-SERVICE] [springCloudBus.anonymous.k7YPYHbOTJ2MiS6Bt0eXtg-266] o.s.a.r.l.SimpleMessageListenerContainer : Consumer raised exception, processing can restart if the connection factory supports it. Exception summary: org.springframework.amqp.AmqpConnectException: java.net.ConnectException: Connection refused: getsockopt
2025-12-17T00:31:57.457+05:30  INFO 4824 --- [ORDER-SERVICE] [springCloudBus.anonymous.k7YPYHbOTJ2MiS6Bt0eXtg-266] o.s.a.r.l.SimpleMessageListenerContainer : Restarting Consumer@22df66c5: tags=[[]], channel=null, acknowledgeMode=AUTO local queue size=0
2025-12-17T00:31:57.458+05:30  INFO 4824 --- [ORDER-SERVICE] [springCloudBus.anonymous.k7YPYHbOTJ2MiS6Bt0eXtg-267] o.s.a.r.c.CachingConnectionFactory       : Attempting to connect to: [localhost:5672]
2025-12-17T00:32:02.611+05:30  WARN 4824 --- [ORDER-SERVICE] [springCloudBus.anonymous.k7YPYHbOTJ2MiS6Bt0eXtg-267] o.s.a.r.l.SimpleMessageListenerContainer : Consumer raised exception, processing can restart if the connection factory supports it. Exception summary: org.springframework.amqp.AmqpConnectException: java.net.ConnectException: Connection refused: getsockopt
2025-12-17T00:32:02.612+05:30  INFO 4824 --- [ORDER-SERVICE] [springCloudBus.anonymous.k7YPYHbOTJ2MiS6Bt0eXtg-267] o.s.a.r.l.SimpleMessageListenerContainer : Restarting Consumer@62cba654: tags=[[]], channel=null, acknowledgeMode=AUTO local queue size=0
2025-12-17T00:32:02.614+05:30  INFO 4824 --- [ORDER-SERVICE] [springCloudBus.anonymous.k7YPYHbOTJ2MiS6Bt0eXtg-268] o.s.a.r.c.CachingConnectionFactory       : Attempting to connect to: [localhost:5672]
2025-12-17T00:32:07.704+05:30  WARN 4824 --- [ORDER-SERVICE] [springCloudBus.anonymous.k7YPYHbOTJ2MiS6Bt0eXtg-268] o.s.a.r.l.SimpleMessageListenerContainer : Consumer raised exception, processing can restart if the connection factory supports it. Exception summary: org.springframework.amqp.AmqpConnectException: java.net.ConnectException: Connection refused: getsockopt
2025-12-17T00:32:07.704+05:30  INFO 4824 --- [ORDER-SERVICE] [springCloudBus.anonymous.k7YPYHbOTJ2MiS6Bt0eXtg-268] o.s.a.r.l.SimpleMessageListenerContainer : Restarting Consumer@572d7064: tags=[[]], channel=null, acknowledgeMode=AUTO local queue size=0
2025-12-17T00:32:07.741+05:30  INFO 4824 --- [ORDER-SERVICE] [springCloudBus.anonymous.k7YPYHbOTJ2MiS6Bt0eXtg-269] o.s.a.r.c.CachingConnectionFactory       : Attempting to connect to: [localhost:5672]
2025-12-17T00:32:12.880+05:30  WARN 4824 --- [ORDER-SERVICE] [springCloudBus.anonymous.k7YPYHbOTJ2MiS6Bt0eXtg-269] o.s.a.r.l.SimpleMessageListenerContainer : Consumer raised exception, processing can restart if the connection factory supports it. Exception summary: org.springframework.amqp.AmqpConnectException: java.net.ConnectException: Connection refused: getsockopt
2025-12-17T00:32:12.881+05:30  INFO 4824 --- [ORDER-SERVICE] [springCloudBus.anonymous.k7YPYHbOTJ2MiS6Bt0eXtg-269] o.s.a.r.l.SimpleMessageListenerContainer : Restarting Consumer@4ca5817e: tags=[[]], channel=null, acknowledgeMode=AUTO local queue size=0
2025-12-17T00:32:12.883+05:30  INFO 4824 --- [ORDER-SERVICE] [springCloudBus.anonymous.k7YPYHbOTJ2MiS6Bt0eXtg-270] o.s.a.r.c.CachingConnectionFactory       : Attempting to connect to: [localhost:5672]
2025-12-17T00:32:17.917+05:30  WARN 4824 --- [ORDER-SERVICE] [springCloudBus.anonymous.k7YPYHbOTJ2MiS6Bt0eXtg-270] o.s.a.r.l.SimpleMessageListenerContainer : Consumer raised exception, processing can restart if the connection factory supports it. Exception summary: org.springframework.amqp.AmqpConnectException: java.net.ConnectException: Connection refused: getsockopt
2025-12-17T00:32:17.917+05:30  INFO 4824 --- [ORDER-SERVICE] [springCloudBus.anonymous.k7YPYHbOTJ2MiS6Bt0eXtg-270] o.s.a.r.l.SimpleMessageListenerContainer : Restarting Consumer@758ab4c9: tags=[[]], channel=null, acknowledgeMode=AUTO local queue size=0
2025-12-17T00:32:17.926+05:30  INFO 4824 --- [ORDER-SERVICE] [springCloudBus.anonymous.k7YPYHbOTJ2MiS6Bt0eXtg-271] o.s.a.r.c.CachingConnectionFactory       : Attempting to connect to: [localhost:5672]
2025-12-17T00:32:23.079+05:30  WARN 4824 --- [ORDER-SERVICE] [springCloudBus.anonymous.k7YPYHbOTJ2MiS6Bt0eXtg-271] o.s.a.r.l.SimpleMessageListenerContainer : Consumer raised exception, processing can restart if the connection factory supports it. Exception summary: org.springframework.amqp.AmqpConnectException: java.net.ConnectException: Connection refused: getsockopt
2025-12-17T00:32:23.080+05:30  INFO 4824 --- [ORDER-SERVICE] [springCloudBus.anonymous.k7YPYHbOTJ2MiS6Bt0eXtg-271] o.s.a.r.l.SimpleMessageListenerContainer : Restarting Consumer@7f7c9b5a: tags=[[]], channel=null, acknowledgeMode=AUTO local queue size=0
2025-12-17T00:32:23.084+05:30  INFO 4824 --- [ORDER-SERVICE] [springCloudBus.anonymous.k7YPYHbOTJ2MiS6Bt0eXtg-272] o.s.a.r.c.CachingConnectionFactory       : Attempting to connect to: [localhost:5672]
2025-12-17T00:32:28.221+05:30  WARN 4824 --- [ORDER-SERVICE] [springCloudBus.anonymous.k7YPYHbOTJ2MiS6Bt0eXtg-272] o.s.a.r.l.SimpleMessageListenerContainer : Consumer raised exception, processing can restart if the connection factory supports it. Exception summary: org.springframework.amqp.AmqpConnectException: java.net.ConnectException: Connection refused: getsockopt
2025-12-17T00:32:28.222+05:30  INFO 4824 --- [ORDER-SERVICE] [springCloudBus.anonymous.k7YPYHbOTJ2MiS6Bt0eXtg-272] o.s.a.r.l.SimpleMessageListenerContainer : Restarting Consumer@402a5475: tags=[[]], channel=null, acknowledgeMode=AUTO local queue size=0
2025-12-17T00:32:28.224+05:30  INFO 4824 --- [ORDER-SERVICE] [springCloudBus.anonymous.k7YPYHbOTJ2MiS6Bt0eXtg-273] o.s.a.r.c.CachingConnectionFactory       : Attempting to connect to: [localhost:5672]
2025-12-17T00:32:33.358+05:30  WARN 4824 --- [ORDER-SERVICE] [springCloudBus.anonymous.k7YPYHbOTJ2MiS6Bt0eXtg-273] o.s.a.r.l.SimpleMessageListenerContainer : Consumer raised exception, processing can restart if the connection factory supports it. Exception summary: org.springframework.amqp.AmqpConnectException: java.net.ConnectException: Connection refused: getsockopt
2025-12-17T00:32:33.358+05:30  INFO 4824 --- [ORDER-SERVICE] [springCloudBus.anonymous.k7YPYHbOTJ2MiS6Bt0eXtg-273] o.s.a.r.l.SimpleMessageListenerContainer : Restarting Consumer@66042445: tags=[[]], channel=null, acknowledgeMode=AUTO local queue size=0
2025-12-17T00:32:33.361+05:30  INFO 4824 --- [ORDER-SERVICE] [springCloudBus.anonymous.k7YPYHbOTJ2MiS6Bt0eXtg-274] o.s.a.r.c.CachingConnectionFactory       : Attempting to connect to: [localhost:5672]
2025-12-17T00:32:38.450+05:30  WARN 4824 --- [ORDER-SERVICE] [springCloudBus.anonymous.k7YPYHbOTJ2MiS6Bt0eXtg-274] o.s.a.r.l.SimpleMessageListenerContainer : Consumer raised exception, processing can restart if the connection factory supports it. Exception summary: org.springframework.amqp.AmqpConnectException: java.net.ConnectException: Connection refused: getsockopt
2025-12-17T00:32:38.450+05:30  INFO 4824 --- [ORDER-SERVICE] [springCloudBus.anonymous.k7YPYHbOTJ2MiS6Bt0eXtg-274] o.s.a.r.l.SimpleMessageListenerContainer : Restarting Consumer@21c4bce1: tags=[[]], channel=null, acknowledgeMode=AUTO local queue size=0
2025-12-17T00:32:38.452+05:30  INFO 4824 --- [ORDER-SERVICE] [springCloudBus.anonymous.k7YPYHbOTJ2MiS6Bt0eXtg-275] o.s.a.r.c.CachingConnectionFactory       : Attempting to connect to: [localhost:5672]
2025-12-17T00:32:43.563+05:30  WARN 4824 --- [ORDER-SERVICE] [springCloudBus.anonymous.k7YPYHbOTJ2MiS6Bt0eXtg-275] o.s.a.r.l.SimpleMessageListenerContainer : Consumer raised exception, processing can restart if the connection factory supports it. Exception summary: org.springframework.amqp.AmqpConnectException: java.net.ConnectException: Connection refused: getsockopt
2025-12-17T00:32:43.563+05:30  INFO 4824 --- [ORDER-SERVICE] [springCloudBus.anonymous.k7YPYHbOTJ2MiS6Bt0eXtg-275] o.s.a.r.l.SimpleMessageListenerContainer : Restarting Consumer@6c78d532: tags=[[]], channel=null, acknowledgeMode=AUTO local queue size=0
2025-12-17T00:32:43.566+05:30  INFO 4824 --- [ORDER-SERVICE] [springCloudBus.anonymous.k7YPYHbOTJ2MiS6Bt0eXtg-276] o.s.a.r.c.CachingConnectionFactory       : Attempting to connect to: [localhost:5672]
2025-12-17T00:32:48.655+05:30  WARN 4824 --- [ORDER-SERVICE] [springCloudBus.anonymous.k7YPYHbOTJ2MiS6Bt0eXtg-276] o.s.a.r.l.SimpleMessageListenerContainer : Consumer raised exception, processing can restart if the connection factory supports it. Exception summary: org.springframework.amqp.AmqpConnectException: java.net.ConnectException: Connection refused: getsockopt
2025-12-17T00:32:48.655+05:30  INFO 4824 --- [ORDER-SERVICE] [springCloudBus.anonymous.k7YPYHbOTJ2MiS6Bt0eXtg-276] o.s.a.r.l.SimpleMessageListenerContainer : Restarting Consumer@3b69a822: tags=[[]], channel=null, acknowledgeMode=AUTO local queue size=0
2025-12-17T00:32:48.658+05:30  INFO 4824 --- [ORDER-SERVICE] [springCloudBus.anonymous.k7YPYHbOTJ2MiS6Bt0eXtg-277] o.s.a.r.c.CachingConnectionFactory       : Attempting to connect to: [localhost:5672]
2025-12-17T00:32:53.775+05:30  WARN 4824 --- [ORDER-SERVICE] [springCloudBus.anonymous.k7YPYHbOTJ2MiS6Bt0eXtg-277] o.s.a.r.l.SimpleMessageListenerContainer : Consumer raised exception, processing can restart if the connection factory supports it. Exception summary: org.springframework.amqp.AmqpConnectException: java.net.ConnectException: Connection refused: getsockopt
2025-12-17T00:32:53.775+05:30  INFO 4824 --- [ORDER-SERVICE] [springCloudBus.anonymous.k7YPYHbOTJ2MiS6Bt0eXtg-277] o.s.a.r.l.SimpleMessageListenerContainer : Restarting Consumer@4af19f3f: tags=[[]], channel=null, acknowledgeMode=AUTO local queue size=0
2025-12-17T00:32:53.777+05:30  INFO 4824 --- [ORDER-SERVICE] [springCloudBus.anonymous.k7YPYHbOTJ2MiS6Bt0eXtg-278] o.s.a.r.c.CachingConnectionFactory       : Attempting to connect to: [localhost:5672]
2025-12-17T00:32:58.872+05:30  WARN 4824 --- [ORDER-SERVICE] [springCloudBus.anonymous.k7YPYHbOTJ2MiS6Bt0eXtg-278] o.s.a.r.l.SimpleMessageListenerContainer : Consumer raised exception, processing can restart if the connection factory supports it. Exception summary: org.springframework.amqp.AmqpConnectException: java.net.ConnectException: Connection refused: getsockopt
2025-12-17T00:32:58.872+05:30  INFO 4824 --- [ORDER-SERVICE] [springCloudBus.anonymous.k7YPYHbOTJ2MiS6Bt0eXtg-278] o.s.a.r.l.SimpleMessageListenerContainer : Restarting Consumer@15128a7: tags=[[]], channel=null, acknowledgeMode=AUTO local queue size=0
2025-12-17T00:32:58.875+05:30  INFO 4824 --- [ORDER-SERVICE] [springCloudBus.anonymous.k7YPYHbOTJ2MiS6Bt0eXtg-279] o.s.a.r.c.CachingConnectionFactory       : Attempting to connect to: [localhost:5672]
2025-12-17T00:33:03.957+05:30  WARN 4824 --- [ORDER-SERVICE] [springCloudBus.anonymous.k7YPYHbOTJ2MiS6Bt0eXtg-279] o.s.a.r.l.SimpleMessageListenerContainer : Consumer raised exception, processing can restart if the connection factory supports it. Exception summary: org.springframework.amqp.AmqpConnectException: java.net.ConnectException: Connection refused: getsockopt
2025-12-17T00:33:03.957+05:30  INFO 4824 --- [ORDER-SERVICE] [springCloudBus.anonymous.k7YPYHbOTJ2MiS6Bt0eXtg-279] o.s.a.r.l.SimpleMessageListenerContainer : Restarting Consumer@6d0479c0: tags=[[]], channel=null, acknowledgeMode=AUTO local queue size=0
2025-12-17T00:33:03.960+05:30  INFO 4824 --- [ORDER-SERVICE] [springCloudBus.anonymous.k7YPYHbOTJ2MiS6Bt0eXtg-280] o.s.a.r.c.CachingConnectionFactory       : Attempting to connect to: [localhost:5672]
2025-12-17T00:33:09.002+05:30  WARN 4824 --- [ORDER-SERVICE] [springCloudBus.anonymous.k7YPYHbOTJ2MiS6Bt0eXtg-280] o.s.a.r.l.SimpleMessageListenerContainer : Consumer raised exception, processing can restart if the connection factory supports it. Exception summary: org.springframework.amqp.AmqpConnectException: java.net.ConnectException: Connection refused: getsockopt
2025-12-17T00:33:09.002+05:30  INFO 4824 --- [ORDER-SERVICE] [springCloudBus.anonymous.k7YPYHbOTJ2MiS6Bt0eXtg-280] o.s.a.r.l.SimpleMessageListenerContainer : Restarting Consumer@187e38d6: tags=[[]], channel=null, acknowledgeMode=AUTO local queue size=0
2025-12-17T00:33:09.004+05:30  INFO 4824 --- [ORDER-SERVICE] [springCloudBus.anonymous.k7YPYHbOTJ2MiS6Bt0eXtg-281] o.s.a.r.c.CachingConnectionFactory       : Attempting to connect to: [localhost:5672]
2025-12-17T00:33:14.116+05:30  WARN 4824 --- [ORDER-SERVICE] [springCloudBus.anonymous.k7YPYHbOTJ2MiS6Bt0eXtg-281] o.s.a.r.l.SimpleMessageListenerContainer : Consumer raised exception, processing can restart if the connection factory supports it. Exception summary: org.springframework.amqp.AmqpConnectException: java.net.ConnectException: Connection refused: getsockopt
2025-12-17T00:33:14.117+05:30  INFO 4824 --- [ORDER-SERVICE] [springCloudBus.anonymous.k7YPYHbOTJ2MiS6Bt0eXtg-281] o.s.a.r.l.SimpleMessageListenerContainer : Restarting Consumer@620e4095: tags=[[]], channel=null, acknowledgeMode=AUTO local queue size=0
2025-12-17T00:33:14.118+05:30  INFO 4824 --- [ORDER-SERVICE] [springCloudBus.anonymous.k7YPYHbOTJ2MiS6Bt0eXtg-282] o.s.a.r.c.CachingConnectionFactory       : Attempting to connect to: [localhost:5672]
2025-12-17T00:33:19.232+05:30  WARN 4824 --- [ORDER-SERVICE] [springCloudBus.anonymous.k7YPYHbOTJ2MiS6Bt0eXtg-282] o.s.a.r.l.SimpleMessageListenerContainer : Consumer raised exception, processing can restart if the connection factory supports it. Exception summary: org.springframework.amqp.AmqpConnectException: java.net.ConnectException: Connection refused: getsockopt
2025-12-17T00:33:19.233+05:30  INFO 4824 --- [ORDER-SERVICE] [springCloudBus.anonymous.k7YPYHbOTJ2MiS6Bt0eXtg-282] o.s.a.r.l.SimpleMessageListenerContainer : Restarting Consumer@699f65ef: tags=[[]], channel=null, acknowledgeMode=AUTO local queue size=0
2025-12-17T00:33:19.235+05:30  INFO 4824 --- [ORDER-SERVICE] [springCloudBus.anonymous.k7YPYHbOTJ2MiS6Bt0eXtg-283] o.s.a.r.c.CachingConnectionFactory       : Attempting to connect to: [localhost:5672]
2025-12-17T00:33:24.357+05:30  WARN 4824 --- [ORDER-SERVICE] [springCloudBus.anonymous.k7YPYHbOTJ2MiS6Bt0eXtg-283] o.s.a.r.l.SimpleMessageListenerContainer : Consumer raised exception, processing can restart if the connection factory supports it. Exception summary: org.springframework.amqp.AmqpConnectException: java.net.ConnectException: Connection refused: getsockopt
2025-12-17T00:33:24.357+05:30  INFO 4824 --- [ORDER-SERVICE] [springCloudBus.anonymous.k7YPYHbOTJ2MiS6Bt0eXtg-283] o.s.a.r.l.SimpleMessageListenerContainer : Restarting Consumer@6ce51b18: tags=[[]], channel=null, acknowledgeMode=AUTO local queue size=0
2025-12-17T00:33:24.359+05:30  INFO 4824 --- [ORDER-SERVICE] [springCloudBus.anonymous.k7YPYHbOTJ2MiS6Bt0eXtg-284] o.s.a.r.c.CachingConnectionFactory       : Attempting to connect to: [localhost:5672]
2025-12-17T00:33:29.470+05:30  WARN 4824 --- [ORDER-SERVICE] [springCloudBus.anonymous.k7YPYHbOTJ2MiS6Bt0eXtg-284] o.s.a.r.l.SimpleMessageListenerContainer : Consumer raised exception, processing can restart if the connection factory supports it. Exception summary: org.springframework.amqp.AmqpConnectException: java.net.ConnectException: Connection refused: getsockopt
2025-12-17T00:33:29.470+05:30  INFO 4824 --- [ORDER-SERVICE] [springCloudBus.anonymous.k7YPYHbOTJ2MiS6Bt0eXtg-284] o.s.a.r.l.SimpleMessageListenerContainer : Restarting Consumer@550c51f1: tags=[[]], channel=null, acknowledgeMode=AUTO local queue size=0
2025-12-17T00:33:29.473+05:30  INFO 4824 --- [ORDER-SERVICE] [springCloudBus.anonymous.k7YPYHbOTJ2MiS6Bt0eXtg-285] o.s.a.r.c.CachingConnectionFactory       : Attempting to connect to: [localhost:5672]
2025-12-17T00:33:34.607+05:30  WARN 4824 --- [ORDER-SERVICE] [springCloudBus.anonymous.k7YPYHbOTJ2MiS6Bt0eXtg-285] o.s.a.r.l.SimpleMessageListenerContainer : Consumer raised exception, processing can restart if the connection factory supports it. Exception summary: org.springframework.amqp.AmqpConnectException: java.net.ConnectException: Connection refused: getsockopt
2025-12-17T00:33:34.607+05:30  INFO 4824 --- [ORDER-SERVICE] [springCloudBus.anonymous.k7YPYHbOTJ2MiS6Bt0eXtg-285] o.s.a.r.l.SimpleMessageListenerContainer : Restarting Consumer@59652d21: tags=[[]], channel=null, acknowledgeMode=AUTO local queue size=0
2025-12-17T00:33:34.609+05:30  INFO 4824 --- [ORDER-SERVICE] [springCloudBus.anonymous.k7YPYHbOTJ2MiS6Bt0eXtg-286] o.s.a.r.c.CachingConnectionFactory       : Attempting to connect to: [localhost:5672]
2025-12-17T00:33:39.760+05:30  WARN 4824 --- [ORDER-SERVICE] [springCloudBus.anonymous.k7YPYHbOTJ2MiS6Bt0eXtg-286] o.s.a.r.l.SimpleMessageListenerContainer : Consumer raised exception, processing can restart if the connection factory supports it. Exception summary: org.springframework.amqp.AmqpConnectException: java.net.ConnectException: Connection refused: getsockopt
2025-12-17T00:33:39.761+05:30  INFO 4824 --- [ORDER-SERVICE] [springCloudBus.anonymous.k7YPYHbOTJ2MiS6Bt0eXtg-286] o.s.a.r.l.SimpleMessageListenerContainer : Restarting Consumer@6f2779f0: tags=[[]], channel=null, acknowledgeMode=AUTO local queue size=0
2025-12-17T00:33:39.762+05:30  INFO 4824 --- [ORDER-SERVICE] [springCloudBus.anonymous.k7YPYHbOTJ2MiS6Bt0eXtg-287] o.s.a.r.c.CachingConnectionFactory       : Attempting to connect to: [localhost:5672]
2025-12-17T00:33:44.889+05:30  WARN 4824 --- [ORDER-SERVICE] [springCloudBus.anonymous.k7YPYHbOTJ2MiS6Bt0eXtg-287] o.s.a.r.l.SimpleMessageListenerContainer : Consumer raised exception, processing can restart if the connection factory supports it. Exception summary: org.springframework.amqp.AmqpConnectException: java.net.ConnectException: Connection refused: getsockopt
2025-12-17T00:33:44.889+05:30  INFO 4824 --- [ORDER-SERVICE] [springCloudBus.anonymous.k7YPYHbOTJ2MiS6Bt0eXtg-287] o.s.a.r.l.SimpleMessageListenerContainer : Restarting Consumer@6b43dc27: tags=[[]], channel=null, acknowledgeMode=AUTO local queue size=0
2025-12-17T00:33:44.892+05:30  INFO 4824 --- [ORDER-SERVICE] [springCloudBus.anonymous.k7YPYHbOTJ2MiS6Bt0eXtg-288] o.s.a.r.c.CachingConnectionFactory       : Attempting to connect to: [localhost:5672]
2025-12-17T00:33:50.006+05:30  WARN 4824 --- [ORDER-SERVICE] [springCloudBus.anonymous.k7YPYHbOTJ2MiS6Bt0eXtg-288] o.s.a.r.l.SimpleMessageListenerContainer : Consumer raised exception, processing can restart if the connection factory supports it. Exception summary: org.springframework.amqp.AmqpConnectException: java.net.ConnectException: Connection refused: getsockopt
2025-12-17T00:33:50.007+05:30  INFO 4824 --- [ORDER-SERVICE] [springCloudBus.anonymous.k7YPYHbOTJ2MiS6Bt0eXtg-288] o.s.a.r.l.SimpleMessageListenerContainer : Restarting Consumer@52950ed5: tags=[[]], channel=null, acknowledgeMode=AUTO local queue size=0
2025-12-17T00:33:50.008+05:30  INFO 4824 --- [ORDER-SERVICE] [springCloudBus.anonymous.k7YPYHbOTJ2MiS6Bt0eXtg-289] o.s.a.r.c.CachingConnectionFactory       : Attempting to connect to: [localhost:5672]
2025-12-17T00:33:55.101+05:30  WARN 4824 --- [ORDER-SERVICE] [springCloudBus.anonymous.k7YPYHbOTJ2MiS6Bt0eXtg-289] o.s.a.r.l.SimpleMessageListenerContainer : Consumer raised exception, processing can restart if the connection factory supports it. Exception summary: org.springframework.amqp.AmqpConnectException: java.net.ConnectException: Connection refused: getsockopt
2025-12-17T00:33:55.102+05:30  INFO 4824 --- [ORDER-SERVICE] [springCloudBus.anonymous.k7YPYHbOTJ2MiS6Bt0eXtg-289] o.s.a.r.l.SimpleMessageListenerContainer : Restarting Consumer@6d17c2b4: tags=[[]], channel=null, acknowledgeMode=AUTO local queue size=0
2025-12-17T00:33:55.104+05:30  INFO 4824 --- [ORDER-SERVICE] [springCloudBus.anonymous.k7YPYHbOTJ2MiS6Bt0eXtg-290] o.s.a.r.c.CachingConnectionFactory       : Attempting to connect to: [localhost:5672]
2025-12-17T00:34:00.248+05:30  WARN 4824 --- [ORDER-SERVICE] [springCloudBus.anonymous.k7YPYHbOTJ2MiS6Bt0eXtg-290] o.s.a.r.l.SimpleMessageListenerContainer : Consumer raised exception, processing can restart if the connection factory supports it. Exception summary: org.springframework.amqp.AmqpConnectException: java.net.ConnectException: Connection refused: getsockopt
2025-12-17T00:34:00.248+05:30  INFO 4824 --- [ORDER-SERVICE] [springCloudBus.anonymous.k7YPYHbOTJ2MiS6Bt0eXtg-290] o.s.a.r.l.SimpleMessageListenerContainer : Restarting Consumer@480c9e9c: tags=[[]], channel=null, acknowledgeMode=AUTO local queue size=0
2025-12-17T00:34:00.250+05:30  INFO 4824 --- [ORDER-SERVICE] [springCloudBus.anonymous.k7YPYHbOTJ2MiS6Bt0eXtg-291] o.s.a.r.c.CachingConnectionFactory       : Attempting to connect to: [localhost:5672]
2025-12-17T00:34:05.345+05:30  WARN 4824 --- [ORDER-SERVICE] [springCloudBus.anonymous.k7YPYHbOTJ2MiS6Bt0eXtg-291] o.s.a.r.l.SimpleMessageListenerContainer : Consumer raised exception, processing can restart if the connection factory supports it. Exception summary: org.springframework.amqp.AmqpConnectException: java.net.ConnectException: Connection refused: getsockopt
2025-12-17T00:34:05.345+05:30  INFO 4824 --- [ORDER-SERVICE] [springCloudBus.anonymous.k7YPYHbOTJ2MiS6Bt0eXtg-291] o.s.a.r.l.SimpleMessageListenerContainer : Restarting Consumer@1fdd513f: tags=[[]], channel=null, acknowledgeMode=AUTO local queue size=0
2025-12-17T00:34:05.347+05:30  INFO 4824 --- [ORDER-SERVICE] [springCloudBus.anonymous.k7YPYHbOTJ2MiS6Bt0eXtg-292] o.s.a.r.c.CachingConnectionFactory       : Attempting to connect to: [localhost:5672]
2025-12-17T00:34:10.570+05:30  WARN 4824 --- [ORDER-SERVICE] [springCloudBus.anonymous.k7YPYHbOTJ2MiS6Bt0eXtg-292] o.s.a.r.l.SimpleMessageListenerContainer : Consumer raised exception, processing can restart if the connection factory supports it. Exception summary: org.springframework.amqp.AmqpConnectException: java.net.ConnectException: Connection refused: getsockopt
2025-12-17T00:34:10.570+05:30  INFO 4824 --- [ORDER-SERVICE] [springCloudBus.anonymous.k7YPYHbOTJ2MiS6Bt0eXtg-292] o.s.a.r.l.SimpleMessageListenerContainer : Restarting Consumer@3876a583: tags=[[]], channel=null, acknowledgeMode=AUTO local queue size=0
2025-12-17T00:34:10.573+05:30  INFO 4824 --- [ORDER-SERVICE] [springCloudBus.anonymous.k7YPYHbOTJ2MiS6Bt0eXtg-293] o.s.a.r.c.CachingConnectionFactory       : Attempting to connect to: [localhost:5672]
2025-12-17T00:34:14.531+05:30  INFO 4824 --- [ORDER-SERVICE] [AsyncResolver-bootstrap-executor-%d] c.n.d.s.r.aws.ConfigClusterResolver      : Resolving eureka endpoints via configuration
2025-12-17T00:34:15.696+05:30  WARN 4824 --- [ORDER-SERVICE] [springCloudBus.anonymous.k7YPYHbOTJ2MiS6Bt0eXtg-293] o.s.a.r.l.SimpleMessageListenerContainer : Consumer raised exception, processing can restart if the connection factory supports it. Exception summary: org.springframework.amqp.AmqpConnectException: java.net.ConnectException: Connection refused: getsockopt
2025-12-17T00:34:15.696+05:30  INFO 4824 --- [ORDER-SERVICE] [springCloudBus.anonymous.k7YPYHbOTJ2MiS6Bt0eXtg-293] o.s.a.r.l.SimpleMessageListenerContainer : Restarting Consumer@77ead49c: tags=[[]], channel=null, acknowledgeMode=AUTO local queue size=0
2025-12-17T00:34:15.698+05:30  INFO 4824 --- [ORDER-SERVICE] [springCloudBus.anonymous.k7YPYHbOTJ2MiS6Bt0eXtg-294] o.s.a.r.c.CachingConnectionFactory       : Attempting to connect to: [localhost:5672]
2025-12-17T00:34:20.833+05:30  WARN 4824 --- [ORDER-SERVICE] [springCloudBus.anonymous.k7YPYHbOTJ2MiS6Bt0eXtg-294] o.s.a.r.l.SimpleMessageListenerContainer : Consumer raised exception, processing can restart if the connection factory supports it. Exception summary: org.springframework.amqp.AmqpConnectException: java.net.ConnectException: Connection refused: getsockopt
2025-12-17T00:34:20.833+05:30  INFO 4824 --- [ORDER-SERVICE] [springCloudBus.anonymous.k7YPYHbOTJ2MiS6Bt0eXtg-294] o.s.a.r.l.SimpleMessageListenerContainer : Restarting Consumer@74c403a0: tags=[[]], channel=null, acknowledgeMode=AUTO local queue size=0
2025-12-17T00:34:20.835+05:30  INFO 4824 --- [ORDER-SERVICE] [springCloudBus.anonymous.k7YPYHbOTJ2MiS6Bt0eXtg-295] o.s.a.r.c.CachingConnectionFactory       : Attempting to connect to: [localhost:5672]
2025-12-17T00:34:25.942+05:30  WARN 4824 --- [ORDER-SERVICE] [springCloudBus.anonymous.k7YPYHbOTJ2MiS6Bt0eXtg-295] o.s.a.r.l.SimpleMessageListenerContainer : Consumer raised exception, processing can restart if the connection factory supports it. Exception summary: org.springframework.amqp.AmqpConnectException: java.net.ConnectException: Connection refused: getsockopt
2025-12-17T00:34:25.943+05:30  INFO 4824 --- [ORDER-SERVICE] [springCloudBus.anonymous.k7YPYHbOTJ2MiS6Bt0eXtg-295] o.s.a.r.l.SimpleMessageListenerContainer : Restarting Consumer@7cf06ef9: tags=[[]], channel=null, acknowledgeMode=AUTO local queue size=0
2025-12-17T00:34:25.944+05:30  INFO 4824 --- [ORDER-SERVICE] [springCloudBus.anonymous.k7YPYHbOTJ2MiS6Bt0eXtg-296] o.s.a.r.c.CachingConnectionFactory       : Attempting to connect to: [localhost:5672]
2025-12-17T00:34:31.044+05:30  WARN 4824 --- [ORDER-SERVICE] [springCloudBus.anonymous.k7YPYHbOTJ2MiS6Bt0eXtg-296] o.s.a.r.l.SimpleMessageListenerContainer : Consumer raised exception, processing can restart if the connection factory supports it. Exception summary: org.springframework.amqp.AmqpConnectException: java.net.ConnectException: Connection refused: getsockopt
2025-12-17T00:34:31.044+05:30  INFO 4824 --- [ORDER-SERVICE] [springCloudBus.anonymous.k7YPYHbOTJ2MiS6Bt0eXtg-296] o.s.a.r.l.SimpleMessageListenerContainer : Restarting Consumer@151e15df: tags=[[]], channel=null, acknowledgeMode=AUTO local queue size=0
2025-12-17T00:34:31.047+05:30  INFO 4824 --- [ORDER-SERVICE] [springCloudBus.anonymous.k7YPYHbOTJ2MiS6Bt0eXtg-297] o.s.a.r.c.CachingConnectionFactory       : Attempting to connect to: [localhost:5672]
2025-12-17T00:34:36.191+05:30  WARN 4824 --- [ORDER-SERVICE] [springCloudBus.anonymous.k7YPYHbOTJ2MiS6Bt0eXtg-297] o.s.a.r.l.SimpleMessageListenerContainer : Consumer raised exception, processing can restart if the connection factory supports it. Exception summary: org.springframework.amqp.AmqpConnectException: java.net.ConnectException: Connection refused: getsockopt
2025-12-17T00:34:36.191+05:30  INFO 4824 --- [ORDER-SERVICE] [springCloudBus.anonymous.k7YPYHbOTJ2MiS6Bt0eXtg-297] o.s.a.r.l.SimpleMessageListenerContainer : Restarting Consumer@777410aa: tags=[[]], channel=null, acknowledgeMode=AUTO local queue size=0
2025-12-17T00:34:36.194+05:30  INFO 4824 --- [ORDER-SERVICE] [springCloudBus.anonymous.k7YPYHbOTJ2MiS6Bt0eXtg-298] o.s.a.r.c.CachingConnectionFactory       : Attempting to connect to: [localhost:5672]
2025-12-17T00:34:41.297+05:30  WARN 4824 --- [ORDER-SERVICE] [springCloudBus.anonymous.k7YPYHbOTJ2MiS6Bt0eXtg-298] o.s.a.r.l.SimpleMessageListenerContainer : Consumer raised exception, processing can restart if the connection factory supports it. Exception summary: org.springframework.amqp.AmqpConnectException: java.net.ConnectException: Connection refused: getsockopt
2025-12-17T00:34:41.297+05:30  INFO 4824 --- [ORDER-SERVICE] [springCloudBus.anonymous.k7YPYHbOTJ2MiS6Bt0eXtg-298] o.s.a.r.l.SimpleMessageListenerContainer : Restarting Consumer@206b2d40: tags=[[]], channel=null, acknowledgeMode=AUTO local queue size=0
2025-12-17T00:34:41.299+05:30  INFO 4824 --- [ORDER-SERVICE] [springCloudBus.anonymous.k7YPYHbOTJ2MiS6Bt0eXtg-299] o.s.a.r.c.CachingConnectionFactory       : Attempting to connect to: [localhost:5672]
2025-12-17T00:34:46.367+05:30  WARN 4824 --- [ORDER-SERVICE] [springCloudBus.anonymous.k7YPYHbOTJ2MiS6Bt0eXtg-299] o.s.a.r.l.SimpleMessageListenerContainer : Consumer raised exception, processing can restart if the connection factory supports it. Exception summary: org.springframework.amqp.AmqpConnectException: java.net.ConnectException: Connection refused: getsockopt
2025-12-17T00:34:46.367+05:30  INFO 4824 --- [ORDER-SERVICE] [springCloudBus.anonymous.k7YPYHbOTJ2MiS6Bt0eXtg-299] o.s.a.r.l.SimpleMessageListenerContainer : Restarting Consumer@d18d28c: tags=[[]], channel=null, acknowledgeMode=AUTO local queue size=0
2025-12-17T00:34:46.369+05:30  INFO 4824 --- [ORDER-SERVICE] [springCloudBus.anonymous.k7YPYHbOTJ2MiS6Bt0eXtg-300] o.s.a.r.c.CachingConnectionFactory       : Attempting to connect to: [localhost:5672]
2025-12-17T00:34:51.507+05:30  WARN 4824 --- [ORDER-SERVICE] [springCloudBus.anonymous.k7YPYHbOTJ2MiS6Bt0eXtg-300] o.s.a.r.l.SimpleMessageListenerContainer : Consumer raised exception, processing can restart if the connection factory supports it. Exception summary: org.springframework.amqp.AmqpConnectException: java.net.ConnectException: Connection refused: getsockopt
2025-12-17T00:34:51.507+05:30  INFO 4824 --- [ORDER-SERVICE] [springCloudBus.anonymous.k7YPYHbOTJ2MiS6Bt0eXtg-300] o.s.a.r.l.SimpleMessageListenerContainer : Restarting Consumer@3eb2a06c: tags=[[]], channel=null, acknowledgeMode=AUTO local queue size=0
2025-12-17T00:34:51.510+05:30  INFO 4824 --- [ORDER-SERVICE] [springCloudBus.anonymous.k7YPYHbOTJ2MiS6Bt0eXtg-301] o.s.a.r.c.CachingConnectionFactory       : Attempting to connect to: [localhost:5672]
2025-12-17T00:34:56.616+05:30  WARN 4824 --- [ORDER-SERVICE] [springCloudBus.anonymous.k7YPYHbOTJ2MiS6Bt0eXtg-301] o.s.a.r.l.SimpleMessageListenerContainer : Consumer raised exception, processing can restart if the connection factory supports it. Exception summary: org.springframework.amqp.AmqpConnectException: java.net.ConnectException: Connection refused: getsockopt
2025-12-17T00:34:56.616+05:30  INFO 4824 --- [ORDER-SERVICE] [springCloudBus.anonymous.k7YPYHbOTJ2MiS6Bt0eXtg-301] o.s.a.r.l.SimpleMessageListenerContainer : Restarting Consumer@645ff80: tags=[[]], channel=null, acknowledgeMode=AUTO local queue size=0
2025-12-17T00:34:56.619+05:30  INFO 4824 --- [ORDER-SERVICE] [springCloudBus.anonymous.k7YPYHbOTJ2MiS6Bt0eXtg-302] o.s.a.r.c.CachingConnectionFactory       : Attempting to connect to: [localhost:5672]
2025-12-17T00:35:01.782+05:30  WARN 4824 --- [ORDER-SERVICE] [springCloudBus.anonymous.k7YPYHbOTJ2MiS6Bt0eXtg-302] o.s.a.r.l.SimpleMessageListenerContainer : Consumer raised exception, processing can restart if the connection factory supports it. Exception summary: org.springframework.amqp.AmqpConnectException: java.net.ConnectException: Connection refused: getsockopt
2025-12-17T00:35:01.783+05:30  INFO 4824 --- [ORDER-SERVICE] [springCloudBus.anonymous.k7YPYHbOTJ2MiS6Bt0eXtg-302] o.s.a.r.l.SimpleMessageListenerContainer : Restarting Consumer@8e91f0c: tags=[[]], channel=null, acknowledgeMode=AUTO local queue size=0
2025-12-17T00:35:01.787+05:30  INFO 4824 --- [ORDER-SERVICE] [springCloudBus.anonymous.k7YPYHbOTJ2MiS6Bt0eXtg-303] o.s.a.r.c.CachingConnectionFactory       : Attempting to connect to: [localhost:5672]
2025-12-17T00:35:06.948+05:30  WARN 4824 --- [ORDER-SERVICE] [springCloudBus.anonymous.k7YPYHbOTJ2MiS6Bt0eXtg-303] o.s.a.r.l.SimpleMessageListenerContainer : Consumer raised exception, processing can restart if the connection factory supports it. Exception summary: org.springframework.amqp.AmqpConnectException: java.net.ConnectException: Connection refused: getsockopt
2025-12-17T00:35:06.948+05:30  INFO 4824 --- [ORDER-SERVICE] [springCloudBus.anonymous.k7YPYHbOTJ2MiS6Bt0eXtg-303] o.s.a.r.l.SimpleMessageListenerContainer : Restarting Consumer@77c741f7: tags=[[]], channel=null, acknowledgeMode=AUTO local queue size=0
2025-12-17T00:35:06.951+05:30  INFO 4824 --- [ORDER-SERVICE] [springCloudBus.anonymous.k7YPYHbOTJ2MiS6Bt0eXtg-304] o.s.a.r.c.CachingConnectionFactory       : Attempting to connect to: [localhost:5672]
2025-12-17T00:35:12.121+05:30  WARN 4824 --- [ORDER-SERVICE] [springCloudBus.anonymous.k7YPYHbOTJ2MiS6Bt0eXtg-304] o.s.a.r.l.SimpleMessageListenerContainer : Consumer raised exception, processing can restart if the connection factory supports it. Exception summary: org.springframework.amqp.AmqpConnectException: java.net.ConnectException: Connection refused: getsockopt
2025-12-17T00:35:12.121+05:30  INFO 4824 --- [ORDER-SERVICE] [springCloudBus.anonymous.k7YPYHbOTJ2MiS6Bt0eXtg-304] o.s.a.r.l.SimpleMessageListenerContainer : Restarting Consumer@40e6b034: tags=[[]], channel=null, acknowledgeMode=AUTO local queue size=0
2025-12-17T00:35:12.124+05:30  INFO 4824 --- [ORDER-SERVICE] [springCloudBus.anonymous.k7YPYHbOTJ2MiS6Bt0eXtg-305] o.s.a.r.c.CachingConnectionFactory       : Attempting to connect to: [localhost:5672]
2025-12-17T00:35:17.219+05:30  WARN 4824 --- [ORDER-SERVICE] [springCloudBus.anonymous.k7YPYHbOTJ2MiS6Bt0eXtg-305] o.s.a.r.l.SimpleMessageListenerContainer : Consumer raised exception, processing can restart if the connection factory supports it. Exception summary: org.springframework.amqp.AmqpConnectException: java.net.ConnectException: Connection refused: getsockopt
2025-12-17T00:35:17.219+05:30  INFO 4824 --- [ORDER-SERVICE] [springCloudBus.anonymous.k7YPYHbOTJ2MiS6Bt0eXtg-305] o.s.a.r.l.SimpleMessageListenerContainer : Restarting Consumer@3df2d691: tags=[[]], channel=null, acknowledgeMode=AUTO local queue size=0
2025-12-17T00:35:17.220+05:30  INFO 4824 --- [ORDER-SERVICE] [springCloudBus.anonymous.k7YPYHbOTJ2MiS6Bt0eXtg-306] o.s.a.r.c.CachingConnectionFactory       : Attempting to connect to: [localhost:5672]
2025-12-17T00:35:22.316+05:30  WARN 4824 --- [ORDER-SERVICE] [springCloudBus.anonymous.k7YPYHbOTJ2MiS6Bt0eXtg-306] o.s.a.r.l.SimpleMessageListenerContainer : Consumer raised exception, processing can restart if the connection factory supports it. Exception summary: org.springframework.amqp.AmqpConnectException: java.net.ConnectException: Connection refused: getsockopt
2025-12-17T00:35:22.316+05:30  INFO 4824 --- [ORDER-SERVICE] [springCloudBus.anonymous.k7YPYHbOTJ2MiS6Bt0eXtg-306] o.s.a.r.l.SimpleMessageListenerContainer : Restarting Consumer@731c74fc: tags=[[]], channel=null, acknowledgeMode=AUTO local queue size=0
2025-12-17T00:35:22.319+05:30  INFO 4824 --- [ORDER-SERVICE] [springCloudBus.anonymous.k7YPYHbOTJ2MiS6Bt0eXtg-307] o.s.a.r.c.CachingConnectionFactory       : Attempting to connect to: [localhost:5672]
2025-12-17T00:35:27.519+05:30  WARN 4824 --- [ORDER-SERVICE] [springCloudBus.anonymous.k7YPYHbOTJ2MiS6Bt0eXtg-307] o.s.a.r.l.SimpleMessageListenerContainer : Consumer raised exception, processing can restart if the connection factory supports it. Exception summary: org.springframework.amqp.AmqpConnectException: java.net.ConnectException: Connection refused: getsockopt
2025-12-17T00:35:27.519+05:30  INFO 4824 --- [ORDER-SERVICE] [springCloudBus.anonymous.k7YPYHbOTJ2MiS6Bt0eXtg-307] o.s.a.r.l.SimpleMessageListenerContainer : Restarting Consumer@7203dab: tags=[[]], channel=null, acknowledgeMode=AUTO local queue size=0
2025-12-17T00:35:27.522+05:30  INFO 4824 --- [ORDER-SERVICE] [springCloudBus.anonymous.k7YPYHbOTJ2MiS6Bt0eXtg-308] o.s.a.r.c.CachingConnectionFactory       : Attempting to connect to: [localhost:5672]
2025-12-17T00:35:32.620+05:30  WARN 4824 --- [ORDER-SERVICE] [springCloudBus.anonymous.k7YPYHbOTJ2MiS6Bt0eXtg-308] o.s.a.r.l.SimpleMessageListenerContainer : Consumer raised exception, processing can restart if the connection factory supports it. Exception summary: org.springframework.amqp.AmqpConnectException: java.net.ConnectException: Connection refused: getsockopt
2025-12-17T00:35:32.620+05:30  INFO 4824 --- [ORDER-SERVICE] [springCloudBus.anonymous.k7YPYHbOTJ2MiS6Bt0eXtg-308] o.s.a.r.l.SimpleMessageListenerContainer : Restarting Consumer@3f42f868: tags=[[]], channel=null, acknowledgeMode=AUTO local queue size=0
2025-12-17T00:35:32.622+05:30  INFO 4824 --- [ORDER-SERVICE] [springCloudBus.anonymous.k7YPYHbOTJ2MiS6Bt0eXtg-309] o.s.a.r.c.CachingConnectionFactory       : Attempting to connect to: [localhost:5672]
2025-12-17T00:35:37.752+05:30  WARN 4824 --- [ORDER-SERVICE] [springCloudBus.anonymous.k7YPYHbOTJ2MiS6Bt0eXtg-309] o.s.a.r.l.SimpleMessageListenerContainer : Consumer raised exception, processing can restart if the connection factory supports it. Exception summary: org.springframework.amqp.AmqpConnectException: java.net.ConnectException: Connection refused: getsockopt
2025-12-17T00:35:37.752+05:30  INFO 4824 --- [ORDER-SERVICE] [springCloudBus.anonymous.k7YPYHbOTJ2MiS6Bt0eXtg-309] o.s.a.r.l.SimpleMessageListenerContainer : Restarting Consumer@44da2c82: tags=[[]], channel=null, acknowledgeMode=AUTO local queue size=0
2025-12-17T00:35:37.754+05:30  INFO 4824 --- [ORDER-SERVICE] [springCloudBus.anonymous.k7YPYHbOTJ2MiS6Bt0eXtg-310] o.s.a.r.c.CachingConnectionFactory       : Attempting to connect to: [localhost:5672]
2025-12-17T00:35:42.881+05:30  WARN 4824 --- [ORDER-SERVICE] [springCloudBus.anonymous.k7YPYHbOTJ2MiS6Bt0eXtg-310] o.s.a.r.l.SimpleMessageListenerContainer : Consumer raised exception, processing can restart if the connection factory supports it. Exception summary: org.springframework.amqp.AmqpConnectException: java.net.ConnectException: Connection refused: getsockopt
2025-12-17T00:35:42.881+05:30  INFO 4824 --- [ORDER-SERVICE] [springCloudBus.anonymous.k7YPYHbOTJ2MiS6Bt0eXtg-310] o.s.a.r.l.SimpleMessageListenerContainer : Restarting Consumer@7640d6da: tags=[[]], channel=null, acknowledgeMode=AUTO local queue size=0
2025-12-17T00:35:42.883+05:30  INFO 4824 --- [ORDER-SERVICE] [springCloudBus.anonymous.k7YPYHbOTJ2MiS6Bt0eXtg-311] o.s.a.r.c.CachingConnectionFactory       : Attempting to connect to: [localhost:5672]
2025-12-17T00:35:47.970+05:30  WARN 4824 --- [ORDER-SERVICE] [springCloudBus.anonymous.k7YPYHbOTJ2MiS6Bt0eXtg-311] o.s.a.r.l.SimpleMessageListenerContainer : Consumer raised exception, processing can restart if the connection factory supports it. Exception summary: org.springframework.amqp.AmqpConnectException: java.net.ConnectException: Connection refused: getsockopt
2025-12-17T00:35:47.970+05:30  INFO 4824 --- [ORDER-SERVICE] [springCloudBus.anonymous.k7YPYHbOTJ2MiS6Bt0eXtg-311] o.s.a.r.l.SimpleMessageListenerContainer : Restarting Consumer@6ae2ab61: tags=[[]], channel=null, acknowledgeMode=AUTO local queue size=0
2025-12-17T00:35:47.972+05:30  INFO 4824 --- [ORDER-SERVICE] [springCloudBus.anonymous.k7YPYHbOTJ2MiS6Bt0eXtg-312] o.s.a.r.c.CachingConnectionFactory       : Attempting to connect to: [localhost:5672]
2025-12-17T00:35:53.133+05:30  WARN 4824 --- [ORDER-SERVICE] [springCloudBus.anonymous.k7YPYHbOTJ2MiS6Bt0eXtg-312] o.s.a.r.l.SimpleMessageListenerContainer : Consumer raised exception, processing can restart if the connection factory supports it. Exception summary: org.springframework.amqp.AmqpConnectException: java.net.ConnectException: Connection refused: getsockopt
2025-12-17T00:35:53.133+05:30  INFO 4824 --- [ORDER-SERVICE] [springCloudBus.anonymous.k7YPYHbOTJ2MiS6Bt0eXtg-312] o.s.a.r.l.SimpleMessageListenerContainer : Restarting Consumer@74a38672: tags=[[]], channel=null, acknowledgeMode=AUTO local queue size=0
2025-12-17T00:35:53.135+05:30  INFO 4824 --- [ORDER-SERVICE] [springCloudBus.anonymous.k7YPYHbOTJ2MiS6Bt0eXtg-313] o.s.a.r.c.CachingConnectionFactory       : Attempting to connect to: [localhost:5672]
2025-12-17T00:35:58.205+05:30  WARN 4824 --- [ORDER-SERVICE] [springCloudBus.anonymous.k7YPYHbOTJ2MiS6Bt0eXtg-313] o.s.a.r.l.SimpleMessageListenerContainer : Consumer raised exception, processing can restart if the connection factory supports it. Exception summary: org.springframework.amqp.AmqpConnectException: java.net.ConnectException: Connection refused: getsockopt
2025-12-17T00:35:58.206+05:30  INFO 4824 --- [ORDER-SERVICE] [springCloudBus.anonymous.k7YPYHbOTJ2MiS6Bt0eXtg-313] o.s.a.r.l.SimpleMessageListenerContainer : Restarting Consumer@7f2bfed5: tags=[[]], channel=null, acknowledgeMode=AUTO local queue size=0
2025-12-17T00:35:58.207+05:30  INFO 4824 --- [ORDER-SERVICE] [springCloudBus.anonymous.k7YPYHbOTJ2MiS6Bt0eXtg-314] o.s.a.r.c.CachingConnectionFactory       : Attempting to connect to: [localhost:5672]
2025-12-17T00:36:03.308+05:30  WARN 4824 --- [ORDER-SERVICE] [springCloudBus.anonymous.k7YPYHbOTJ2MiS6Bt0eXtg-314] o.s.a.r.l.SimpleMessageListenerContainer : Consumer raised exception, processing can restart if the connection factory supports it. Exception summary: org.springframework.amqp.AmqpConnectException: java.net.ConnectException: Connection refused: getsockopt
2025-12-17T00:36:03.308+05:30  INFO 4824 --- [ORDER-SERVICE] [springCloudBus.anonymous.k7YPYHbOTJ2MiS6Bt0eXtg-314] o.s.a.r.l.SimpleMessageListenerContainer : Restarting Consumer@b16e6c9: tags=[[]], channel=null, acknowledgeMode=AUTO local queue size=0
2025-12-17T00:36:03.309+05:30  INFO 4824 --- [ORDER-SERVICE] [springCloudBus.anonymous.k7YPYHbOTJ2MiS6Bt0eXtg-315] o.s.a.r.c.CachingConnectionFactory       : Attempting to connect to: [localhost:5672]
2025-12-17T00:36:08.405+05:30  WARN 4824 --- [ORDER-SERVICE] [springCloudBus.anonymous.k7YPYHbOTJ2MiS6Bt0eXtg-315] o.s.a.r.l.SimpleMessageListenerContainer : Consumer raised exception, processing can restart if the connection factory supports it. Exception summary: org.springframework.amqp.AmqpConnectException: java.net.ConnectException: Connection refused: getsockopt
2025-12-17T00:36:08.405+05:30  INFO 4824 --- [ORDER-SERVICE] [springCloudBus.anonymous.k7YPYHbOTJ2MiS6Bt0eXtg-315] o.s.a.r.l.SimpleMessageListenerContainer : Restarting Consumer@5db70cf5: tags=[[]], channel=null, acknowledgeMode=AUTO local queue size=0
2025-12-17T00:36:08.407+05:30  INFO 4824 --- [ORDER-SERVICE] [springCloudBus.anonymous.k7YPYHbOTJ2MiS6Bt0eXtg-316] o.s.a.r.c.CachingConnectionFactory       : Attempting to connect to: [localhost:5672]
2025-12-17T00:36:13.465+05:30  WARN 4824 --- [ORDER-SERVICE] [springCloudBus.anonymous.k7YPYHbOTJ2MiS6Bt0eXtg-316] o.s.a.r.l.SimpleMessageListenerContainer : Consumer raised exception, processing can restart if the connection factory supports it. Exception summary: org.springframework.amqp.AmqpConnectException: java.net.ConnectException: Connection refused: getsockopt
2025-12-17T00:36:13.465+05:30  INFO 4824 --- [ORDER-SERVICE] [springCloudBus.anonymous.k7YPYHbOTJ2MiS6Bt0eXtg-316] o.s.a.r.l.SimpleMessageListenerContainer : Restarting Consumer@2202da3f: tags=[[]], channel=null, acknowledgeMode=AUTO local queue size=0
2025-12-17T00:36:13.466+05:30  INFO 4824 --- [ORDER-SERVICE] [springCloudBus.anonymous.k7YPYHbOTJ2MiS6Bt0eXtg-317] o.s.a.r.c.CachingConnectionFactory       : Attempting to connect to: [localhost:5672]
2025-12-17T00:36:18.594+05:30  WARN 4824 --- [ORDER-SERVICE] [springCloudBus.anonymous.k7YPYHbOTJ2MiS6Bt0eXtg-317] o.s.a.r.l.SimpleMessageListenerContainer : Consumer raised exception, processing can restart if the connection factory supports it. Exception summary: org.springframework.amqp.AmqpConnectException: java.net.ConnectException: Connection refused: getsockopt
2025-12-17T00:36:18.594+05:30  INFO 4824 --- [ORDER-SERVICE] [springCloudBus.anonymous.k7YPYHbOTJ2MiS6Bt0eXtg-317] o.s.a.r.l.SimpleMessageListenerContainer : Restarting Consumer@68439a0c: tags=[[]], channel=null, acknowledgeMode=AUTO local queue size=0
2025-12-17T00:36:18.598+05:30  INFO 4824 --- [ORDER-SERVICE] [springCloudBus.anonymous.k7YPYHbOTJ2MiS6Bt0eXtg-318] o.s.a.r.c.CachingConnectionFactory       : Attempting to connect to: [localhost:5672]
2025-12-17T00:36:23.812+05:30  WARN 4824 --- [ORDER-SERVICE] [springCloudBus.anonymous.k7YPYHbOTJ2MiS6Bt0eXtg-318] o.s.a.r.l.SimpleMessageListenerContainer : Consumer raised exception, processing can restart if the connection factory supports it. Exception summary: org.springframework.amqp.AmqpConnectException: java.net.ConnectException: Connection refused: getsockopt
2025-12-17T00:36:23.812+05:30  INFO 4824 --- [ORDER-SERVICE] [springCloudBus.anonymous.k7YPYHbOTJ2MiS6Bt0eXtg-318] o.s.a.r.l.SimpleMessageListenerContainer : Restarting Consumer@1a12eb4: tags=[[]], channel=null, acknowledgeMode=AUTO local queue size=0
2025-12-17T00:36:23.814+05:30  INFO 4824 --- [ORDER-SERVICE] [springCloudBus.anonymous.k7YPYHbOTJ2MiS6Bt0eXtg-319] o.s.a.r.c.CachingConnectionFactory       : Attempting to connect to: [localhost:5672]
2025-12-17T00:36:28.927+05:30  WARN 4824 --- [ORDER-SERVICE] [springCloudBus.anonymous.k7YPYHbOTJ2MiS6Bt0eXtg-319] o.s.a.r.l.SimpleMessageListenerContainer : Consumer raised exception, processing can restart if the connection factory supports it. Exception summary: org.springframework.amqp.AmqpConnectException: java.net.ConnectException: Connection refused: getsockopt
2025-12-17T00:36:28.928+05:30  INFO 4824 --- [ORDER-SERVICE] [springCloudBus.anonymous.k7YPYHbOTJ2MiS6Bt0eXtg-319] o.s.a.r.l.SimpleMessageListenerContainer : Restarting Consumer@76a24c89: tags=[[]], channel=null, acknowledgeMode=AUTO local queue size=0
2025-12-17T00:36:28.930+05:30  INFO 4824 --- [ORDER-SERVICE] [springCloudBus.anonymous.k7YPYHbOTJ2MiS6Bt0eXtg-320] o.s.a.r.c.CachingConnectionFactory       : Attempting to connect to: [localhost:5672]
2025-12-17T00:36:34.095+05:30  WARN 4824 --- [ORDER-SERVICE] [springCloudBus.anonymous.k7YPYHbOTJ2MiS6Bt0eXtg-320] o.s.a.r.l.SimpleMessageListenerContainer : Consumer raised exception, processing can restart if the connection factory supports it. Exception summary: org.springframework.amqp.AmqpConnectException: java.net.ConnectException: Connection refused: getsockopt
2025-12-17T00:36:34.095+05:30  INFO 4824 --- [ORDER-SERVICE] [springCloudBus.anonymous.k7YPYHbOTJ2MiS6Bt0eXtg-320] o.s.a.r.l.SimpleMessageListenerContainer : Restarting Consumer@1ef027ab: tags=[[]], channel=null, acknowledgeMode=AUTO local queue size=0
2025-12-17T00:36:34.099+05:30  INFO 4824 --- [ORDER-SERVICE] [springCloudBus.anonymous.k7YPYHbOTJ2MiS6Bt0eXtg-321] o.s.a.r.c.CachingConnectionFactory       : Attempting to connect to: [localhost:5672]
2025-12-17T00:36:39.174+05:30  WARN 4824 --- [ORDER-SERVICE] [springCloudBus.anonymous.k7YPYHbOTJ2MiS6Bt0eXtg-321] o.s.a.r.l.SimpleMessageListenerContainer : Consumer raised exception, processing can restart if the connection factory supports it. Exception summary: org.springframework.amqp.AmqpConnectException: java.net.ConnectException: Connection refused: getsockopt
2025-12-17T00:36:39.174+05:30  INFO 4824 --- [ORDER-SERVICE] [springCloudBus.anonymous.k7YPYHbOTJ2MiS6Bt0eXtg-321] o.s.a.r.l.SimpleMessageListenerContainer : Restarting Consumer@4e65a7b1: tags=[[]], channel=null, acknowledgeMode=AUTO local queue size=0
2025-12-17T00:36:39.178+05:30  INFO 4824 --- [ORDER-SERVICE] [springCloudBus.anonymous.k7YPYHbOTJ2MiS6Bt0eXtg-322] o.s.a.r.c.CachingConnectionFactory       : Attempting to connect to: [localhost:5672]
2025-12-17T00:36:44.375+05:30  WARN 4824 --- [ORDER-SERVICE] [springCloudBus.anonymous.k7YPYHbOTJ2MiS6Bt0eXtg-322] o.s.a.r.l.SimpleMessageListenerContainer : Consumer raised exception, processing can restart if the connection factory supports it. Exception summary: org.springframework.amqp.AmqpConnectException: java.net.ConnectException: Connection refused: getsockopt
2025-12-17T00:36:44.375+05:30  INFO 4824 --- [ORDER-SERVICE] [springCloudBus.anonymous.k7YPYHbOTJ2MiS6Bt0eXtg-322] o.s.a.r.l.SimpleMessageListenerContainer : Restarting Consumer@be38b66: tags=[[]], channel=null, acknowledgeMode=AUTO local queue size=0
2025-12-17T00:36:44.377+05:30  INFO 4824 --- [ORDER-SERVICE] [springCloudBus.anonymous.k7YPYHbOTJ2MiS6Bt0eXtg-323] o.s.a.r.c.CachingConnectionFactory       : Attempting to connect to: [localhost:5672]
2025-12-17T00:36:49.465+05:30  WARN 4824 --- [ORDER-SERVICE] [springCloudBus.anonymous.k7YPYHbOTJ2MiS6Bt0eXtg-323] o.s.a.r.l.SimpleMessageListenerContainer : Consumer raised exception, processing can restart if the connection factory supports it. Exception summary: org.springframework.amqp.AmqpConnectException: java.net.ConnectException: Connection refused: getsockopt
2025-12-17T00:36:49.465+05:30  INFO 4824 --- [ORDER-SERVICE] [springCloudBus.anonymous.k7YPYHbOTJ2MiS6Bt0eXtg-323] o.s.a.r.l.SimpleMessageListenerContainer : Restarting Consumer@4e7cfffc: tags=[[]], channel=null, acknowledgeMode=AUTO local queue size=0
2025-12-17T00:36:49.467+05:30  INFO 4824 --- [ORDER-SERVICE] [springCloudBus.anonymous.k7YPYHbOTJ2MiS6Bt0eXtg-324] o.s.a.r.c.CachingConnectionFactory       : Attempting to connect to: [localhost:5672]
2025-12-17T00:36:54.570+05:30  WARN 4824 --- [ORDER-SERVICE] [springCloudBus.anonymous.k7YPYHbOTJ2MiS6Bt0eXtg-324] o.s.a.r.l.SimpleMessageListenerContainer : Consumer raised exception, processing can restart if the connection factory supports it. Exception summary: org.springframework.amqp.AmqpConnectException: java.net.ConnectException: Connection refused: getsockopt
2025-12-17T00:36:54.571+05:30  INFO 4824 --- [ORDER-SERVICE] [springCloudBus.anonymous.k7YPYHbOTJ2MiS6Bt0eXtg-324] o.s.a.r.l.SimpleMessageListenerContainer : Restarting Consumer@4d837f85: tags=[[]], channel=null, acknowledgeMode=AUTO local queue size=0
2025-12-17T00:36:54.575+05:30  INFO 4824 --- [ORDER-SERVICE] [springCloudBus.anonymous.k7YPYHbOTJ2MiS6Bt0eXtg-325] o.s.a.r.c.CachingConnectionFactory       : Attempting to connect to: [localhost:5672]
2025-12-17T00:36:59.676+05:30  WARN 4824 --- [ORDER-SERVICE] [springCloudBus.anonymous.k7YPYHbOTJ2MiS6Bt0eXtg-325] o.s.a.r.l.SimpleMessageListenerContainer : Consumer raised exception, processing can restart if the connection factory supports it. Exception summary: org.springframework.amqp.AmqpConnectException: java.net.ConnectException: Connection refused: getsockopt
2025-12-17T00:36:59.676+05:30  INFO 4824 --- [ORDER-SERVICE] [springCloudBus.anonymous.k7YPYHbOTJ2MiS6Bt0eXtg-325] o.s.a.r.l.SimpleMessageListenerContainer : Restarting Consumer@158fa015: tags=[[]], channel=null, acknowledgeMode=AUTO local queue size=0
2025-12-17T00:36:59.679+05:30  INFO 4824 --- [ORDER-SERVICE] [springCloudBus.anonymous.k7YPYHbOTJ2MiS6Bt0eXtg-326] o.s.a.r.c.CachingConnectionFactory       : Attempting to connect to: [localhost:5672]
2025-12-17T00:37:04.815+05:30  WARN 4824 --- [ORDER-SERVICE] [springCloudBus.anonymous.k7YPYHbOTJ2MiS6Bt0eXtg-326] o.s.a.r.l.SimpleMessageListenerContainer : Consumer raised exception, processing can restart if the connection factory supports it. Exception summary: org.springframework.amqp.AmqpConnectException: java.net.ConnectException: Connection refused: getsockopt
2025-12-17T00:37:04.816+05:30  INFO 4824 --- [ORDER-SERVICE] [springCloudBus.anonymous.k7YPYHbOTJ2MiS6Bt0eXtg-326] o.s.a.r.l.SimpleMessageListenerContainer : Restarting Consumer@2c861f0f: tags=[[]], channel=null, acknowledgeMode=AUTO local queue size=0
2025-12-17T00:37:04.820+05:30  INFO 4824 --- [ORDER-SERVICE] [springCloudBus.anonymous.k7YPYHbOTJ2MiS6Bt0eXtg-327] o.s.a.r.c.CachingConnectionFactory       : Attempting to connect to: [localhost:5672]
2025-12-17T00:37:09.951+05:30  WARN 4824 --- [ORDER-SERVICE] [springCloudBus.anonymous.k7YPYHbOTJ2MiS6Bt0eXtg-327] o.s.a.r.l.SimpleMessageListenerContainer : Consumer raised exception, processing can restart if the connection factory supports it. Exception summary: org.springframework.amqp.AmqpConnectException: java.net.ConnectException: Connection refused: getsockopt
2025-12-17T00:37:09.952+05:30  INFO 4824 --- [ORDER-SERVICE] [springCloudBus.anonymous.k7YPYHbOTJ2MiS6Bt0eXtg-327] o.s.a.r.l.SimpleMessageListenerContainer : Restarting Consumer@35f99515: tags=[[]], channel=null, acknowledgeMode=AUTO local queue size=0
2025-12-17T00:37:09.954+05:30  INFO 4824 --- [ORDER-SERVICE] [springCloudBus.anonymous.k7YPYHbOTJ2MiS6Bt0eXtg-328] o.s.a.r.c.CachingConnectionFactory       : Attempting to connect to: [localhost:5672]
2025-12-17T00:37:15.123+05:30  WARN 4824 --- [ORDER-SERVICE] [springCloudBus.anonymous.k7YPYHbOTJ2MiS6Bt0eXtg-328] o.s.a.r.l.SimpleMessageListenerContainer : Consumer raised exception, processing can restart if the connection factory supports it. Exception summary: org.springframework.amqp.AmqpConnectException: java.net.ConnectException: Connection refused: getsockopt
2025-12-17T00:37:15.124+05:30  INFO 4824 --- [ORDER-SERVICE] [springCloudBus.anonymous.k7YPYHbOTJ2MiS6Bt0eXtg-328] o.s.a.r.l.SimpleMessageListenerContainer : Restarting Consumer@76f67de4: tags=[[]], channel=null, acknowledgeMode=AUTO local queue size=0
2025-12-17T00:37:15.131+05:30  INFO 4824 --- [ORDER-SERVICE] [springCloudBus.anonymous.k7YPYHbOTJ2MiS6Bt0eXtg-329] o.s.a.r.c.CachingConnectionFactory       : Attempting to connect to: [localhost:5672]
2025-12-17T00:37:20.226+05:30  WARN 4824 --- [ORDER-SERVICE] [springCloudBus.anonymous.k7YPYHbOTJ2MiS6Bt0eXtg-329] o.s.a.r.l.SimpleMessageListenerContainer : Consumer raised exception, processing can restart if the connection factory supports it. Exception summary: org.springframework.amqp.AmqpConnectException: java.net.ConnectException: Connection refused: getsockopt
2025-12-17T00:37:20.226+05:30  INFO 4824 --- [ORDER-SERVICE] [springCloudBus.anonymous.k7YPYHbOTJ2MiS6Bt0eXtg-329] o.s.a.r.l.SimpleMessageListenerContainer : Restarting Consumer@560c1488: tags=[[]], channel=null, acknowledgeMode=AUTO local queue size=0
2025-12-17T00:37:20.229+05:30  INFO 4824 --- [ORDER-SERVICE] [springCloudBus.anonymous.k7YPYHbOTJ2MiS6Bt0eXtg-330] o.s.a.r.c.CachingConnectionFactory       : Attempting to connect to: [localhost:5672]
2025-12-17T00:37:25.367+05:30  WARN 4824 --- [ORDER-SERVICE] [springCloudBus.anonymous.k7YPYHbOTJ2MiS6Bt0eXtg-330] o.s.a.r.l.SimpleMessageListenerContainer : Consumer raised exception, processing can restart if the connection factory supports it. Exception summary: org.springframework.amqp.AmqpConnectException: java.net.ConnectException: Connection refused: getsockopt
2025-12-17T00:37:25.367+05:30  INFO 4824 --- [ORDER-SERVICE] [springCloudBus.anonymous.k7YPYHbOTJ2MiS6Bt0eXtg-330] o.s.a.r.l.SimpleMessageListenerContainer : Restarting Consumer@20572015: tags=[[]], channel=null, acknowledgeMode=AUTO local queue size=0
2025-12-17T00:37:25.370+05:30  INFO 4824 --- [ORDER-SERVICE] [springCloudBus.anonymous.k7YPYHbOTJ2MiS6Bt0eXtg-331] o.s.a.r.c.CachingConnectionFactory       : Attempting to connect to: [localhost:5672]
2025-12-17T00:37:30.513+05:30  WARN 4824 --- [ORDER-SERVICE] [springCloudBus.anonymous.k7YPYHbOTJ2MiS6Bt0eXtg-331] o.s.a.r.l.SimpleMessageListenerContainer : Consumer raised exception, processing can restart if the connection factory supports it. Exception summary: org.springframework.amqp.AmqpConnectException: java.net.ConnectException: Connection refused: getsockopt
2025-12-17T00:37:30.514+05:30  INFO 4824 --- [ORDER-SERVICE] [springCloudBus.anonymous.k7YPYHbOTJ2MiS6Bt0eXtg-331] o.s.a.r.l.SimpleMessageListenerContainer : Restarting Consumer@f876053: tags=[[]], channel=null, acknowledgeMode=AUTO local queue size=0
2025-12-17T00:37:30.517+05:30  INFO 4824 --- [ORDER-SERVICE] [springCloudBus.anonymous.k7YPYHbOTJ2MiS6Bt0eXtg-332] o.s.a.r.c.CachingConnectionFactory       : Attempting to connect to: [localhost:5672]
2025-12-17T00:37:35.655+05:30  WARN 4824 --- [ORDER-SERVICE] [springCloudBus.anonymous.k7YPYHbOTJ2MiS6Bt0eXtg-332] o.s.a.r.l.SimpleMessageListenerContainer : Consumer raised exception, processing can restart if the connection factory supports it. Exception summary: org.springframework.amqp.AmqpConnectException: java.net.ConnectException: Connection refused: getsockopt
2025-12-17T00:37:35.655+05:30  INFO 4824 --- [ORDER-SERVICE] [springCloudBus.anonymous.k7YPYHbOTJ2MiS6Bt0eXtg-332] o.s.a.r.l.SimpleMessageListenerContainer : Restarting Consumer@7017770b: tags=[[]], channel=null, acknowledgeMode=AUTO local queue size=0
2025-12-17T00:37:35.659+05:30  INFO 4824 --- [ORDER-SERVICE] [springCloudBus.anonymous.k7YPYHbOTJ2MiS6Bt0eXtg-333] o.s.a.r.c.CachingConnectionFactory       : Attempting to connect to: [localhost:5672]
2025-12-17T00:37:40.830+05:30  WARN 4824 --- [ORDER-SERVICE] [springCloudBus.anonymous.k7YPYHbOTJ2MiS6Bt0eXtg-333] o.s.a.r.l.SimpleMessageListenerContainer : Consumer raised exception, processing can restart if the connection factory supports it. Exception summary: org.springframework.amqp.AmqpConnectException: java.net.ConnectException: Connection refused: getsockopt
2025-12-17T00:37:40.831+05:30  INFO 4824 --- [ORDER-SERVICE] [springCloudBus.anonymous.k7YPYHbOTJ2MiS6Bt0eXtg-333] o.s.a.r.l.SimpleMessageListenerContainer : Restarting Consumer@6395db88: tags=[[]], channel=null, acknowledgeMode=AUTO local queue size=0
2025-12-17T00:37:40.832+05:30  INFO 4824 --- [ORDER-SERVICE] [springCloudBus.anonymous.k7YPYHbOTJ2MiS6Bt0eXtg-334] o.s.a.r.c.CachingConnectionFactory       : Attempting to connect to: [localhost:5672]
2025-12-17T00:37:45.957+05:30  WARN 4824 --- [ORDER-SERVICE] [springCloudBus.anonymous.k7YPYHbOTJ2MiS6Bt0eXtg-334] o.s.a.r.l.SimpleMessageListenerContainer : Consumer raised exception, processing can restart if the connection factory supports it. Exception summary: org.springframework.amqp.AmqpConnectException: java.net.ConnectException: Connection refused: getsockopt
2025-12-17T00:37:45.957+05:30  INFO 4824 --- [ORDER-SERVICE] [springCloudBus.anonymous.k7YPYHbOTJ2MiS6Bt0eXtg-334] o.s.a.r.l.SimpleMessageListenerContainer : Restarting Consumer@1910931c: tags=[[]], channel=null, acknowledgeMode=AUTO local queue size=0
2025-12-17T00:37:45.959+05:30  INFO 4824 --- [ORDER-SERVICE] [springCloudBus.anonymous.k7YPYHbOTJ2MiS6Bt0eXtg-335] o.s.a.r.c.CachingConnectionFactory       : Attempting to connect to: [localhost:5672]
2025-12-17T00:37:51.068+05:30  WARN 4824 --- [ORDER-SERVICE] [springCloudBus.anonymous.k7YPYHbOTJ2MiS6Bt0eXtg-335] o.s.a.r.l.SimpleMessageListenerContainer : Consumer raised exception, processing can restart if the connection factory supports it. Exception summary: org.springframework.amqp.AmqpConnectException: java.net.ConnectException: Connection refused: getsockopt
2025-12-17T00:37:51.068+05:30  INFO 4824 --- [ORDER-SERVICE] [springCloudBus.anonymous.k7YPYHbOTJ2MiS6Bt0eXtg-335] o.s.a.r.l.SimpleMessageListenerContainer : Restarting Consumer@47e6820e: tags=[[]], channel=null, acknowledgeMode=AUTO local queue size=0
2025-12-17T00:37:51.071+05:30  INFO 4824 --- [ORDER-SERVICE] [springCloudBus.anonymous.k7YPYHbOTJ2MiS6Bt0eXtg-336] o.s.a.r.c.CachingConnectionFactory       : Attempting to connect to: [localhost:5672]
2025-12-17T00:37:56.201+05:30  WARN 4824 --- [ORDER-SERVICE] [springCloudBus.anonymous.k7YPYHbOTJ2MiS6Bt0eXtg-336] o.s.a.r.l.SimpleMessageListenerContainer : Consumer raised exception, processing can restart if the connection factory supports it. Exception summary: org.springframework.amqp.AmqpConnectException: java.net.ConnectException: Connection refused: getsockopt
2025-12-17T00:37:56.202+05:30  INFO 4824 --- [ORDER-SERVICE] [springCloudBus.anonymous.k7YPYHbOTJ2MiS6Bt0eXtg-336] o.s.a.r.l.SimpleMessageListenerContainer : Restarting Consumer@578b0c67: tags=[[]], channel=null, acknowledgeMode=AUTO local queue size=0
2025-12-17T00:37:56.204+05:30  INFO 4824 --- [ORDER-SERVICE] [springCloudBus.anonymous.k7YPYHbOTJ2MiS6Bt0eXtg-337] o.s.a.r.c.CachingConnectionFactory       : Attempting to connect to: [localhost:5672]
2025-12-17T00:38:01.296+05:30  WARN 4824 --- [ORDER-SERVICE] [springCloudBus.anonymous.k7YPYHbOTJ2MiS6Bt0eXtg-337] o.s.a.r.l.SimpleMessageListenerContainer : Consumer raised exception, processing can restart if the connection factory supports it. Exception summary: org.springframework.amqp.AmqpConnectException: java.net.ConnectException: Connection refused: getsockopt
2025-12-17T00:38:01.296+05:30  INFO 4824 --- [ORDER-SERVICE] [springCloudBus.anonymous.k7YPYHbOTJ2MiS6Bt0eXtg-337] o.s.a.r.l.SimpleMessageListenerContainer : Restarting Consumer@2c2b9138: tags=[[]], channel=null, acknowledgeMode=AUTO local queue size=0
2025-12-17T00:38:01.299+05:30  INFO 4824 --- [ORDER-SERVICE] [springCloudBus.anonymous.k7YPYHbOTJ2MiS6Bt0eXtg-338] o.s.a.r.c.CachingConnectionFactory       : Attempting to connect to: [localhost:5672]
2025-12-17T00:38:06.405+05:30  WARN 4824 --- [ORDER-SERVICE] [springCloudBus.anonymous.k7YPYHbOTJ2MiS6Bt0eXtg-338] o.s.a.r.l.SimpleMessageListenerContainer : Consumer raised exception, processing can restart if the connection factory supports it. Exception summary: org.springframework.amqp.AmqpConnectException: java.net.ConnectException: Connection refused: getsockopt
2025-12-17T00:38:06.406+05:30  INFO 4824 --- [ORDER-SERVICE] [springCloudBus.anonymous.k7YPYHbOTJ2MiS6Bt0eXtg-338] o.s.a.r.l.SimpleMessageListenerContainer : Restarting Consumer@76605e12: tags=[[]], channel=null, acknowledgeMode=AUTO local queue size=0
2025-12-17T00:38:06.409+05:30  INFO 4824 --- [ORDER-SERVICE] [springCloudBus.anonymous.k7YPYHbOTJ2MiS6Bt0eXtg-339] o.s.a.r.c.CachingConnectionFactory       : Attempting to connect to: [localhost:5672]
2025-12-17T00:38:11.497+05:30  WARN 4824 --- [ORDER-SERVICE] [springCloudBus.anonymous.k7YPYHbOTJ2MiS6Bt0eXtg-339] o.s.a.r.l.SimpleMessageListenerContainer : Consumer raised exception, processing can restart if the connection factory supports it. Exception summary: org.springframework.amqp.AmqpConnectException: java.net.ConnectException: Connection refused: getsockopt
2025-12-17T00:38:11.497+05:30  INFO 4824 --- [ORDER-SERVICE] [springCloudBus.anonymous.k7YPYHbOTJ2MiS6Bt0eXtg-339] o.s.a.r.l.SimpleMessageListenerContainer : Restarting Consumer@25dc24ed: tags=[[]], channel=null, acknowledgeMode=AUTO local queue size=0
2025-12-17T00:38:11.499+05:30  INFO 4824 --- [ORDER-SERVICE] [springCloudBus.anonymous.k7YPYHbOTJ2MiS6Bt0eXtg-340] o.s.a.r.c.CachingConnectionFactory       : Attempting to connect to: [localhost:5672]
2025-12-17T00:38:16.571+05:30  WARN 4824 --- [ORDER-SERVICE] [springCloudBus.anonymous.k7YPYHbOTJ2MiS6Bt0eXtg-340] o.s.a.r.l.SimpleMessageListenerContainer : Consumer raised exception, processing can restart if the connection factory supports it. Exception summary: org.springframework.amqp.AmqpConnectException: java.net.ConnectException: Connection refused: getsockopt
2025-12-17T00:38:16.572+05:30  INFO 4824 --- [ORDER-SERVICE] [springCloudBus.anonymous.k7YPYHbOTJ2MiS6Bt0eXtg-340] o.s.a.r.l.SimpleMessageListenerContainer : Restarting Consumer@6c4a632b: tags=[[]], channel=null, acknowledgeMode=AUTO local queue size=0
2025-12-17T00:38:16.574+05:30  INFO 4824 --- [ORDER-SERVICE] [springCloudBus.anonymous.k7YPYHbOTJ2MiS6Bt0eXtg-341] o.s.a.r.c.CachingConnectionFactory       : Attempting to connect to: [localhost:5672]
2025-12-17T00:38:21.685+05:30  WARN 4824 --- [ORDER-SERVICE] [springCloudBus.anonymous.k7YPYHbOTJ2MiS6Bt0eXtg-341] o.s.a.r.l.SimpleMessageListenerContainer : Consumer raised exception, processing can restart if the connection factory supports it. Exception summary: org.springframework.amqp.AmqpConnectException: java.net.ConnectException: Connection refused: getsockopt
2025-12-17T00:38:21.685+05:30  INFO 4824 --- [ORDER-SERVICE] [springCloudBus.anonymous.k7YPYHbOTJ2MiS6Bt0eXtg-341] o.s.a.r.l.SimpleMessageListenerContainer : Restarting Consumer@18c87c1c: tags=[[]], channel=null, acknowledgeMode=AUTO local queue size=0
2025-12-17T00:38:21.687+05:30  INFO 4824 --- [ORDER-SERVICE] [springCloudBus.anonymous.k7YPYHbOTJ2MiS6Bt0eXtg-342] o.s.a.r.c.CachingConnectionFactory       : Attempting to connect to: [localhost:5672]
2025-12-17T00:38:26.792+05:30  WARN 4824 --- [ORDER-SERVICE] [springCloudBus.anonymous.k7YPYHbOTJ2MiS6Bt0eXtg-342] o.s.a.r.l.SimpleMessageListenerContainer : Consumer raised exception, processing can restart if the connection factory supports it. Exception summary: org.springframework.amqp.AmqpConnectException: java.net.ConnectException: Connection refused: getsockopt
2025-12-17T00:38:26.793+05:30  INFO 4824 --- [ORDER-SERVICE] [springCloudBus.anonymous.k7YPYHbOTJ2MiS6Bt0eXtg-342] o.s.a.r.l.SimpleMessageListenerContainer : Restarting Consumer@48cb0164: tags=[[]], channel=null, acknowledgeMode=AUTO local queue size=0
2025-12-17T00:38:26.796+05:30  INFO 4824 --- [ORDER-SERVICE] [springCloudBus.anonymous.k7YPYHbOTJ2MiS6Bt0eXtg-343] o.s.a.r.c.CachingConnectionFactory       : Attempting to connect to: [localhost:5672]
2025-12-17T00:38:31.962+05:30  WARN 4824 --- [ORDER-SERVICE] [springCloudBus.anonymous.k7YPYHbOTJ2MiS6Bt0eXtg-343] o.s.a.r.l.SimpleMessageListenerContainer : Consumer raised exception, processing can restart if the connection factory supports it. Exception summary: org.springframework.amqp.AmqpConnectException: java.net.ConnectException: Connection refused: getsockopt
2025-12-17T00:38:31.962+05:30  INFO 4824 --- [ORDER-SERVICE] [springCloudBus.anonymous.k7YPYHbOTJ2MiS6Bt0eXtg-343] o.s.a.r.l.SimpleMessageListenerContainer : Restarting Consumer@247453a0: tags=[[]], channel=null, acknowledgeMode=AUTO local queue size=0
2025-12-17T00:38:31.965+05:30  INFO 4824 --- [ORDER-SERVICE] [springCloudBus.anonymous.k7YPYHbOTJ2MiS6Bt0eXtg-344] o.s.a.r.c.CachingConnectionFactory       : Attempting to connect to: [localhost:5672]
2025-12-17T00:38:37.096+05:30  WARN 4824 --- [ORDER-SERVICE] [springCloudBus.anonymous.k7YPYHbOTJ2MiS6Bt0eXtg-344] o.s.a.r.l.SimpleMessageListenerContainer : Consumer raised exception, processing can restart if the connection factory supports it. Exception summary: org.springframework.amqp.AmqpConnectException: java.net.ConnectException: Connection refused: getsockopt
2025-12-17T00:38:37.096+05:30  INFO 4824 --- [ORDER-SERVICE] [springCloudBus.anonymous.k7YPYHbOTJ2MiS6Bt0eXtg-344] o.s.a.r.l.SimpleMessageListenerContainer : Restarting Consumer@1e76f56e: tags=[[]], channel=null, acknowledgeMode=AUTO local queue size=0
2025-12-17T00:38:37.099+05:30  INFO 4824 --- [ORDER-SERVICE] [springCloudBus.anonymous.k7YPYHbOTJ2MiS6Bt0eXtg-345] o.s.a.r.c.CachingConnectionFactory       : Attempting to connect to: [localhost:5672]
2025-12-17T00:38:42.204+05:30  WARN 4824 --- [ORDER-SERVICE] [springCloudBus.anonymous.k7YPYHbOTJ2MiS6Bt0eXtg-345] o.s.a.r.l.SimpleMessageListenerContainer : Consumer raised exception, processing can restart if the connection factory supports it. Exception summary: org.springframework.amqp.AmqpConnectException: java.net.ConnectException: Connection refused: getsockopt
2025-12-17T00:38:42.204+05:30  INFO 4824 --- [ORDER-SERVICE] [springCloudBus.anonymous.k7YPYHbOTJ2MiS6Bt0eXtg-345] o.s.a.r.l.SimpleMessageListenerContainer : Restarting Consumer@35491f39: tags=[[]], channel=null, acknowledgeMode=AUTO local queue size=0
2025-12-17T00:38:42.206+05:30  INFO 4824 --- [ORDER-SERVICE] [springCloudBus.anonymous.k7YPYHbOTJ2MiS6Bt0eXtg-346] o.s.a.r.c.CachingConnectionFactory       : Attempting to connect to: [localhost:5672]
2025-12-17T00:38:47.306+05:30  WARN 4824 --- [ORDER-SERVICE] [springCloudBus.anonymous.k7YPYHbOTJ2MiS6Bt0eXtg-346] o.s.a.r.l.SimpleMessageListenerContainer : Consumer raised exception, processing can restart if the connection factory supports it. Exception summary: org.springframework.amqp.AmqpConnectException: java.net.ConnectException: Connection refused: getsockopt
2025-12-17T00:38:47.307+05:30  INFO 4824 --- [ORDER-SERVICE] [springCloudBus.anonymous.k7YPYHbOTJ2MiS6Bt0eXtg-346] o.s.a.r.l.SimpleMessageListenerContainer : Restarting Consumer@4d2f3394: tags=[[]], channel=null, acknowledgeMode=AUTO local queue size=0
2025-12-17T00:38:47.309+05:30  INFO 4824 --- [ORDER-SERVICE] [springCloudBus.anonymous.k7YPYHbOTJ2MiS6Bt0eXtg-347] o.s.a.r.c.CachingConnectionFactory       : Attempting to connect to: [localhost:5672]
2025-12-17T00:38:52.417+05:30  WARN 4824 --- [ORDER-SERVICE] [springCloudBus.anonymous.k7YPYHbOTJ2MiS6Bt0eXtg-347] o.s.a.r.l.SimpleMessageListenerContainer : Consumer raised exception, processing can restart if the connection factory supports it. Exception summary: org.springframework.amqp.AmqpConnectException: java.net.ConnectException: Connection refused: getsockopt
2025-12-17T00:38:52.417+05:30  INFO 4824 --- [ORDER-SERVICE] [springCloudBus.anonymous.k7YPYHbOTJ2MiS6Bt0eXtg-347] o.s.a.r.l.SimpleMessageListenerContainer : Restarting Consumer@374be0bc: tags=[[]], channel=null, acknowledgeMode=AUTO local queue size=0
2025-12-17T00:38:52.420+05:30  INFO 4824 --- [ORDER-SERVICE] [springCloudBus.anonymous.k7YPYHbOTJ2MiS6Bt0eXtg-348] o.s.a.r.c.CachingConnectionFactory       : Attempting to connect to: [localhost:5672]
2025-12-17T00:38:57.552+05:30  WARN 4824 --- [ORDER-SERVICE] [springCloudBus.anonymous.k7YPYHbOTJ2MiS6Bt0eXtg-348] o.s.a.r.l.SimpleMessageListenerContainer : Consumer raised exception, processing can restart if the connection factory supports it. Exception summary: org.springframework.amqp.AmqpConnectException: java.net.ConnectException: Connection refused: getsockopt
2025-12-17T00:38:57.552+05:30  INFO 4824 --- [ORDER-SERVICE] [springCloudBus.anonymous.k7YPYHbOTJ2MiS6Bt0eXtg-348] o.s.a.r.l.SimpleMessageListenerContainer : Restarting Consumer@613ec6ee: tags=[[]], channel=null, acknowledgeMode=AUTO local queue size=0
2025-12-17T00:38:57.554+05:30  INFO 4824 --- [ORDER-SERVICE] [springCloudBus.anonymous.k7YPYHbOTJ2MiS6Bt0eXtg-349] o.s.a.r.c.CachingConnectionFactory       : Attempting to connect to: [localhost:5672]
2025-12-17T00:39:02.687+05:30  WARN 4824 --- [ORDER-SERVICE] [springCloudBus.anonymous.k7YPYHbOTJ2MiS6Bt0eXtg-349] o.s.a.r.l.SimpleMessageListenerContainer : Consumer raised exception, processing can restart if the connection factory supports it. Exception summary: org.springframework.amqp.AmqpConnectException: java.net.ConnectException: Connection refused: getsockopt
2025-12-17T00:39:02.688+05:30  INFO 4824 --- [ORDER-SERVICE] [springCloudBus.anonymous.k7YPYHbOTJ2MiS6Bt0eXtg-349] o.s.a.r.l.SimpleMessageListenerContainer : Restarting Consumer@376e8eb8: tags=[[]], channel=null, acknowledgeMode=AUTO local queue size=0
2025-12-17T00:39:02.690+05:30  INFO 4824 --- [ORDER-SERVICE] [springCloudBus.anonymous.k7YPYHbOTJ2MiS6Bt0eXtg-350] o.s.a.r.c.CachingConnectionFactory       : Attempting to connect to: [localhost:5672]
2025-12-17T00:39:07.930+05:30  WARN 4824 --- [ORDER-SERVICE] [springCloudBus.anonymous.k7YPYHbOTJ2MiS6Bt0eXtg-350] o.s.a.r.l.SimpleMessageListenerContainer : Consumer raised exception, processing can restart if the connection factory supports it. Exception summary: org.springframework.amqp.AmqpConnectException: java.net.ConnectException: Connection refused: getsockopt
2025-12-17T00:39:07.930+05:30  INFO 4824 --- [ORDER-SERVICE] [springCloudBus.anonymous.k7YPYHbOTJ2MiS6Bt0eXtg-350] o.s.a.r.l.SimpleMessageListenerContainer : Restarting Consumer@4c058b3c: tags=[[]], channel=null, acknowledgeMode=AUTO local queue size=0
2025-12-17T00:39:07.933+05:30  INFO 4824 --- [ORDER-SERVICE] [springCloudBus.anonymous.k7YPYHbOTJ2MiS6Bt0eXtg-351] o.s.a.r.c.CachingConnectionFactory       : Attempting to connect to: [localhost:5672]
2025-12-17T00:39:13.069+05:30  WARN 4824 --- [ORDER-SERVICE] [springCloudBus.anonymous.k7YPYHbOTJ2MiS6Bt0eXtg-351] o.s.a.r.l.SimpleMessageListenerContainer : Consumer raised exception, processing can restart if the connection factory supports it. Exception summary: org.springframework.amqp.AmqpConnectException: java.net.ConnectException: Connection refused: getsockopt
2025-12-17T00:39:13.070+05:30  INFO 4824 --- [ORDER-SERVICE] [springCloudBus.anonymous.k7YPYHbOTJ2MiS6Bt0eXtg-351] o.s.a.r.l.SimpleMessageListenerContainer : Restarting Consumer@469214ed: tags=[[]], channel=null, acknowledgeMode=AUTO local queue size=0
2025-12-17T00:39:13.101+05:30  INFO 4824 --- [ORDER-SERVICE] [springCloudBus.anonymous.k7YPYHbOTJ2MiS6Bt0eXtg-352] o.s.a.r.c.CachingConnectionFactory       : Attempting to connect to: [localhost:5672]
2025-12-17T00:39:14.568+05:30  INFO 4824 --- [ORDER-SERVICE] [AsyncResolver-bootstrap-executor-%d] c.n.d.s.r.aws.ConfigClusterResolver      : Resolving eureka endpoints via configuration
2025-12-17T00:39:18.233+05:30  WARN 4824 --- [ORDER-SERVICE] [springCloudBus.anonymous.k7YPYHbOTJ2MiS6Bt0eXtg-352] o.s.a.r.l.SimpleMessageListenerContainer : Consumer raised exception, processing can restart if the connection factory supports it. Exception summary: org.springframework.amqp.AmqpConnectException: java.net.ConnectException: Connection refused: getsockopt
2025-12-17T00:39:18.234+05:30  INFO 4824 --- [ORDER-SERVICE] [springCloudBus.anonymous.k7YPYHbOTJ2MiS6Bt0eXtg-352] o.s.a.r.l.SimpleMessageListenerContainer : Restarting Consumer@372ff19: tags=[[]], channel=null, acknowledgeMode=AUTO local queue size=0
2025-12-17T00:39:18.237+05:30  INFO 4824 --- [ORDER-SERVICE] [springCloudBus.anonymous.k7YPYHbOTJ2MiS6Bt0eXtg-353] o.s.a.r.c.CachingConnectionFactory       : Attempting to connect to: [localhost:5672]
2025-12-17T00:39:23.363+05:30  WARN 4824 --- [ORDER-SERVICE] [springCloudBus.anonymous.k7YPYHbOTJ2MiS6Bt0eXtg-353] o.s.a.r.l.SimpleMessageListenerContainer : Consumer raised exception, processing can restart if the connection factory supports it. Exception summary: org.springframework.amqp.AmqpConnectException: java.net.ConnectException: Connection refused: getsockopt
2025-12-17T00:39:23.363+05:30  INFO 4824 --- [ORDER-SERVICE] [springCloudBus.anonymous.k7YPYHbOTJ2MiS6Bt0eXtg-353] o.s.a.r.l.SimpleMessageListenerContainer : Restarting Consumer@66237341: tags=[[]], channel=null, acknowledgeMode=AUTO local queue size=0
2025-12-17T00:39:23.365+05:30  INFO 4824 --- [ORDER-SERVICE] [springCloudBus.anonymous.k7YPYHbOTJ2MiS6Bt0eXtg-354] o.s.a.r.c.CachingConnectionFactory       : Attempting to connect to: [localhost:5672]
2025-12-17T00:39:28.506+05:30  WARN 4824 --- [ORDER-SERVICE] [springCloudBus.anonymous.k7YPYHbOTJ2MiS6Bt0eXtg-354] o.s.a.r.l.SimpleMessageListenerContainer : Consumer raised exception, processing can restart if the connection factory supports it. Exception summary: org.springframework.amqp.AmqpConnectException: java.net.ConnectException: Connection refused: getsockopt
2025-12-17T00:39:28.506+05:30  INFO 4824 --- [ORDER-SERVICE] [springCloudBus.anonymous.k7YPYHbOTJ2MiS6Bt0eXtg-354] o.s.a.r.l.SimpleMessageListenerContainer : Restarting Consumer@7f7b6d02: tags=[[]], channel=null, acknowledgeMode=AUTO local queue size=0
2025-12-17T00:39:28.539+05:30  INFO 4824 --- [ORDER-SERVICE] [springCloudBus.anonymous.k7YPYHbOTJ2MiS6Bt0eXtg-355] o.s.a.r.c.CachingConnectionFactory       : Attempting to connect to: [localhost:5672]
2025-12-17T00:39:33.740+05:30  WARN 4824 --- [ORDER-SERVICE] [springCloudBus.anonymous.k7YPYHbOTJ2MiS6Bt0eXtg-355] o.s.a.r.l.SimpleMessageListenerContainer : Consumer raised exception, processing can restart if the connection factory supports it. Exception summary: org.springframework.amqp.AmqpConnectException: java.net.ConnectException: Connection refused: getsockopt
2025-12-17T00:39:33.740+05:30  INFO 4824 --- [ORDER-SERVICE] [springCloudBus.anonymous.k7YPYHbOTJ2MiS6Bt0eXtg-355] o.s.a.r.l.SimpleMessageListenerContainer : Restarting Consumer@40b8df35: tags=[[]], channel=null, acknowledgeMode=AUTO local queue size=0
2025-12-17T00:39:33.742+05:30  INFO 4824 --- [ORDER-SERVICE] [springCloudBus.anonymous.k7YPYHbOTJ2MiS6Bt0eXtg-356] o.s.a.r.c.CachingConnectionFactory       : Attempting to connect to: [localhost:5672]
2025-12-17T00:39:38.896+05:30  WARN 4824 --- [ORDER-SERVICE] [springCloudBus.anonymous.k7YPYHbOTJ2MiS6Bt0eXtg-356] o.s.a.r.l.SimpleMessageListenerContainer : Consumer raised exception, processing can restart if the connection factory supports it. Exception summary: org.springframework.amqp.AmqpConnectException: java.net.ConnectException: Connection refused: getsockopt
2025-12-17T00:39:38.896+05:30  INFO 4824 --- [ORDER-SERVICE] [springCloudBus.anonymous.k7YPYHbOTJ2MiS6Bt0eXtg-356] o.s.a.r.l.SimpleMessageListenerContainer : Restarting Consumer@72f829f6: tags=[[]], channel=null, acknowledgeMode=AUTO local queue size=0
2025-12-17T00:39:38.898+05:30  INFO 4824 --- [ORDER-SERVICE] [springCloudBus.anonymous.k7YPYHbOTJ2MiS6Bt0eXtg-357] o.s.a.r.c.CachingConnectionFactory       : Attempting to connect to: [localhost:5672]
2025-12-17T00:39:44.045+05:30  WARN 4824 --- [ORDER-SERVICE] [springCloudBus.anonymous.k7YPYHbOTJ2MiS6Bt0eXtg-357] o.s.a.r.l.SimpleMessageListenerContainer : Consumer raised exception, processing can restart if the connection factory supports it. Exception summary: org.springframework.amqp.AmqpConnectException: java.net.ConnectException: Connection refused: getsockopt
2025-12-17T00:39:44.045+05:30  INFO 4824 --- [ORDER-SERVICE] [springCloudBus.anonymous.k7YPYHbOTJ2MiS6Bt0eXtg-357] o.s.a.r.l.SimpleMessageListenerContainer : Restarting Consumer@d514832: tags=[[]], channel=null, acknowledgeMode=AUTO local queue size=0
2025-12-17T00:39:44.048+05:30  INFO 4824 --- [ORDER-SERVICE] [springCloudBus.anonymous.k7YPYHbOTJ2MiS6Bt0eXtg-358] o.s.a.r.c.CachingConnectionFactory       : Attempting to connect to: [localhost:5672]
2025-12-17T00:39:49.166+05:30  WARN 4824 --- [ORDER-SERVICE] [springCloudBus.anonymous.k7YPYHbOTJ2MiS6Bt0eXtg-358] o.s.a.r.l.SimpleMessageListenerContainer : Consumer raised exception, processing can restart if the connection factory supports it. Exception summary: org.springframework.amqp.AmqpConnectException: java.net.ConnectException: Connection refused: getsockopt
2025-12-17T00:39:49.166+05:30  INFO 4824 --- [ORDER-SERVICE] [springCloudBus.anonymous.k7YPYHbOTJ2MiS6Bt0eXtg-358] o.s.a.r.l.SimpleMessageListenerContainer : Restarting Consumer@158d1343: tags=[[]], channel=null, acknowledgeMode=AUTO local queue size=0
2025-12-17T00:39:49.168+05:30  INFO 4824 --- [ORDER-SERVICE] [springCloudBus.anonymous.k7YPYHbOTJ2MiS6Bt0eXtg-359] o.s.a.r.c.CachingConnectionFactory       : Attempting to connect to: [localhost:5672]
2025-12-17T00:39:54.292+05:30  WARN 4824 --- [ORDER-SERVICE] [springCloudBus.anonymous.k7YPYHbOTJ2MiS6Bt0eXtg-359] o.s.a.r.l.SimpleMessageListenerContainer : Consumer raised exception, processing can restart if the connection factory supports it. Exception summary: org.springframework.amqp.AmqpConnectException: java.net.ConnectException: Connection refused: getsockopt
2025-12-17T00:39:54.293+05:30  INFO 4824 --- [ORDER-SERVICE] [springCloudBus.anonymous.k7YPYHbOTJ2MiS6Bt0eXtg-359] o.s.a.r.l.SimpleMessageListenerContainer : Restarting Consumer@58fca91a: tags=[[]], channel=null, acknowledgeMode=AUTO local queue size=0
2025-12-17T00:39:54.296+05:30  INFO 4824 --- [ORDER-SERVICE] [springCloudBus.anonymous.k7YPYHbOTJ2MiS6Bt0eXtg-360] o.s.a.r.c.CachingConnectionFactory       : Attempting to connect to: [localhost:5672]
2025-12-17T00:39:59.421+05:30  WARN 4824 --- [ORDER-SERVICE] [springCloudBus.anonymous.k7YPYHbOTJ2MiS6Bt0eXtg-360] o.s.a.r.l.SimpleMessageListenerContainer : Consumer raised exception, processing can restart if the connection factory supports it. Exception summary: org.springframework.amqp.AmqpConnectException: java.net.ConnectException: Connection refused: getsockopt
2025-12-17T00:39:59.422+05:30  INFO 4824 --- [ORDER-SERVICE] [springCloudBus.anonymous.k7YPYHbOTJ2MiS6Bt0eXtg-360] o.s.a.r.l.SimpleMessageListenerContainer : Restarting Consumer@532acefa: tags=[[]], channel=null, acknowledgeMode=AUTO local queue size=0
2025-12-17T00:39:59.424+05:30  INFO 4824 --- [ORDER-SERVICE] [springCloudBus.anonymous.k7YPYHbOTJ2MiS6Bt0eXtg-361] o.s.a.r.c.CachingConnectionFactory       : Attempting to connect to: [localhost:5672]
2025-12-17T00:40:04.547+05:30  WARN 4824 --- [ORDER-SERVICE] [springCloudBus.anonymous.k7YPYHbOTJ2MiS6Bt0eXtg-361] o.s.a.r.l.SimpleMessageListenerContainer : Consumer raised exception, processing can restart if the connection factory supports it. Exception summary: org.springframework.amqp.AmqpConnectException: java.net.ConnectException: Connection refused: getsockopt
2025-12-17T00:40:04.547+05:30  INFO 4824 --- [ORDER-SERVICE] [springCloudBus.anonymous.k7YPYHbOTJ2MiS6Bt0eXtg-361] o.s.a.r.l.SimpleMessageListenerContainer : Restarting Consumer@e40c9b4: tags=[[]], channel=null, acknowledgeMode=AUTO local queue size=0
2025-12-17T00:40:04.550+05:30  INFO 4824 --- [ORDER-SERVICE] [springCloudBus.anonymous.k7YPYHbOTJ2MiS6Bt0eXtg-362] o.s.a.r.c.CachingConnectionFactory       : Attempting to connect to: [localhost:5672]
2025-12-17T00:40:09.640+05:30  WARN 4824 --- [ORDER-SERVICE] [springCloudBus.anonymous.k7YPYHbOTJ2MiS6Bt0eXtg-362] o.s.a.r.l.SimpleMessageListenerContainer : Consumer raised exception, processing can restart if the connection factory supports it. Exception summary: org.springframework.amqp.AmqpConnectException: java.net.ConnectException: Connection refused: getsockopt
2025-12-17T00:40:09.640+05:30  INFO 4824 --- [ORDER-SERVICE] [springCloudBus.anonymous.k7YPYHbOTJ2MiS6Bt0eXtg-362] o.s.a.r.l.SimpleMessageListenerContainer : Restarting Consumer@4e1d71b: tags=[[]], channel=null, acknowledgeMode=AUTO local queue size=0
2025-12-17T00:40:09.643+05:30  INFO 4824 --- [ORDER-SERVICE] [springCloudBus.anonymous.k7YPYHbOTJ2MiS6Bt0eXtg-363] o.s.a.r.c.CachingConnectionFactory       : Attempting to connect to: [localhost:5672]
2025-12-17T00:40:14.805+05:30  WARN 4824 --- [ORDER-SERVICE] [springCloudBus.anonymous.k7YPYHbOTJ2MiS6Bt0eXtg-363] o.s.a.r.l.SimpleMessageListenerContainer : Consumer raised exception, processing can restart if the connection factory supports it. Exception summary: org.springframework.amqp.AmqpConnectException: java.net.ConnectException: Connection refused: getsockopt
2025-12-17T00:40:14.805+05:30  INFO 4824 --- [ORDER-SERVICE] [springCloudBus.anonymous.k7YPYHbOTJ2MiS6Bt0eXtg-363] o.s.a.r.l.SimpleMessageListenerContainer : Restarting Consumer@306abaeb: tags=[[]], channel=null, acknowledgeMode=AUTO local queue size=0
2025-12-17T00:40:14.807+05:30  INFO 4824 --- [ORDER-SERVICE] [springCloudBus.anonymous.k7YPYHbOTJ2MiS6Bt0eXtg-364] o.s.a.r.c.CachingConnectionFactory       : Attempting to connect to: [localhost:5672]
2025-12-17T00:40:19.872+05:30  WARN 4824 --- [ORDER-SERVICE] [springCloudBus.anonymous.k7YPYHbOTJ2MiS6Bt0eXtg-364] o.s.a.r.l.SimpleMessageListenerContainer : Consumer raised exception, processing can restart if the connection factory supports it. Exception summary: org.springframework.amqp.AmqpConnectException: java.net.ConnectException: Connection refused: getsockopt
2025-12-17T00:40:19.872+05:30  INFO 4824 --- [ORDER-SERVICE] [springCloudBus.anonymous.k7YPYHbOTJ2MiS6Bt0eXtg-364] o.s.a.r.l.SimpleMessageListenerContainer : Restarting Consumer@66b2d6b: tags=[[]], channel=null, acknowledgeMode=AUTO local queue size=0
2025-12-17T00:40:19.875+05:30  INFO 4824 --- [ORDER-SERVICE] [springCloudBus.anonymous.k7YPYHbOTJ2MiS6Bt0eXtg-365] o.s.a.r.c.CachingConnectionFactory       : Attempting to connect to: [localhost:5672]
2025-12-17T00:40:25.023+05:30  WARN 4824 --- [ORDER-SERVICE] [springCloudBus.anonymous.k7YPYHbOTJ2MiS6Bt0eXtg-365] o.s.a.r.l.SimpleMessageListenerContainer : Consumer raised exception, processing can restart if the connection factory supports it. Exception summary: org.springframework.amqp.AmqpConnectException: java.net.ConnectException: Connection refused: getsockopt
2025-12-17T00:40:25.025+05:30  INFO 4824 --- [ORDER-SERVICE] [springCloudBus.anonymous.k7YPYHbOTJ2MiS6Bt0eXtg-365] o.s.a.r.l.SimpleMessageListenerContainer : Restarting Consumer@66156a4c: tags=[[]], channel=null, acknowledgeMode=AUTO local queue size=0
2025-12-17T00:40:25.029+05:30  INFO 4824 --- [ORDER-SERVICE] [springCloudBus.anonymous.k7YPYHbOTJ2MiS6Bt0eXtg-366] o.s.a.r.c.CachingConnectionFactory       : Attempting to connect to: [localhost:5672]
2025-12-17T00:40:30.121+05:30  WARN 4824 --- [ORDER-SERVICE] [springCloudBus.anonymous.k7YPYHbOTJ2MiS6Bt0eXtg-366] o.s.a.r.l.SimpleMessageListenerContainer : Consumer raised exception, processing can restart if the connection factory supports it. Exception summary: org.springframework.amqp.AmqpConnectException: java.net.ConnectException: Connection refused: getsockopt
2025-12-17T00:40:30.122+05:30  INFO 4824 --- [ORDER-SERVICE] [springCloudBus.anonymous.k7YPYHbOTJ2MiS6Bt0eXtg-366] o.s.a.r.l.SimpleMessageListenerContainer : Restarting Consumer@75ba3d3f: tags=[[]], channel=null, acknowledgeMode=AUTO local queue size=0
2025-12-17T00:40:30.128+05:30  INFO 4824 --- [ORDER-SERVICE] [springCloudBus.anonymous.k7YPYHbOTJ2MiS6Bt0eXtg-367] o.s.a.r.c.CachingConnectionFactory       : Attempting to connect to: [localhost:5672]
2025-12-17T00:40:35.270+05:30  WARN 4824 --- [ORDER-SERVICE] [springCloudBus.anonymous.k7YPYHbOTJ2MiS6Bt0eXtg-367] o.s.a.r.l.SimpleMessageListenerContainer : Consumer raised exception, processing can restart if the connection factory supports it. Exception summary: org.springframework.amqp.AmqpConnectException: java.net.ConnectException: Connection refused: getsockopt
2025-12-17T00:40:35.271+05:30  INFO 4824 --- [ORDER-SERVICE] [springCloudBus.anonymous.k7YPYHbOTJ2MiS6Bt0eXtg-367] o.s.a.r.l.SimpleMessageListenerContainer : Restarting Consumer@330288ba: tags=[[]], channel=null, acknowledgeMode=AUTO local queue size=0
2025-12-17T00:40:35.273+05:30  INFO 4824 --- [ORDER-SERVICE] [springCloudBus.anonymous.k7YPYHbOTJ2MiS6Bt0eXtg-368] o.s.a.r.c.CachingConnectionFactory       : Attempting to connect to: [localhost:5672]
2025-12-17T00:40:40.349+05:30  WARN 4824 --- [ORDER-SERVICE] [springCloudBus.anonymous.k7YPYHbOTJ2MiS6Bt0eXtg-368] o.s.a.r.l.SimpleMessageListenerContainer : Consumer raised exception, processing can restart if the connection factory supports it. Exception summary: org.springframework.amqp.AmqpConnectException: java.net.ConnectException: Connection refused: getsockopt
2025-12-17T00:40:40.349+05:30  INFO 4824 --- [ORDER-SERVICE] [springCloudBus.anonymous.k7YPYHbOTJ2MiS6Bt0eXtg-368] o.s.a.r.l.SimpleMessageListenerContainer : Restarting Consumer@71b0341d: tags=[[]], channel=null, acknowledgeMode=AUTO local queue size=0
2025-12-17T00:40:40.350+05:30  INFO 4824 --- [ORDER-SERVICE] [springCloudBus.anonymous.k7YPYHbOTJ2MiS6Bt0eXtg-369] o.s.a.r.c.CachingConnectionFactory       : Attempting to connect to: [localhost:5672]
2025-12-17T00:40:45.437+05:30  WARN 4824 --- [ORDER-SERVICE] [springCloudBus.anonymous.k7YPYHbOTJ2MiS6Bt0eXtg-369] o.s.a.r.l.SimpleMessageListenerContainer : Consumer raised exception, processing can restart if the connection factory supports it. Exception summary: org.springframework.amqp.AmqpConnectException: java.net.ConnectException: Connection refused: getsockopt
2025-12-17T00:40:45.437+05:30  INFO 4824 --- [ORDER-SERVICE] [springCloudBus.anonymous.k7YPYHbOTJ2MiS6Bt0eXtg-369] o.s.a.r.l.SimpleMessageListenerContainer : Restarting Consumer@50f78abf: tags=[[]], channel=null, acknowledgeMode=AUTO local queue size=0
2025-12-17T00:40:45.439+05:30  INFO 4824 --- [ORDER-SERVICE] [springCloudBus.anonymous.k7YPYHbOTJ2MiS6Bt0eXtg-370] o.s.a.r.c.CachingConnectionFactory       : Attempting to connect to: [localhost:5672]
2025-12-17T00:40:50.539+05:30  WARN 4824 --- [ORDER-SERVICE] [springCloudBus.anonymous.k7YPYHbOTJ2MiS6Bt0eXtg-370] o.s.a.r.l.SimpleMessageListenerContainer : Consumer raised exception, processing can restart if the connection factory supports it. Exception summary: org.springframework.amqp.AmqpConnectException: java.net.ConnectException: Connection refused: getsockopt
2025-12-17T00:40:50.539+05:30  INFO 4824 --- [ORDER-SERVICE] [springCloudBus.anonymous.k7YPYHbOTJ2MiS6Bt0eXtg-370] o.s.a.r.l.SimpleMessageListenerContainer : Restarting Consumer@ddf10ca: tags=[[]], channel=null, acknowledgeMode=AUTO local queue size=0
2025-12-17T00:40:50.540+05:30  INFO 4824 --- [ORDER-SERVICE] [springCloudBus.anonymous.k7YPYHbOTJ2MiS6Bt0eXtg-371] o.s.a.r.c.CachingConnectionFactory       : Attempting to connect to: [localhost:5672]
2025-12-17T00:40:55.657+05:30  WARN 4824 --- [ORDER-SERVICE] [springCloudBus.anonymous.k7YPYHbOTJ2MiS6Bt0eXtg-371] o.s.a.r.l.SimpleMessageListenerContainer : Consumer raised exception, processing can restart if the connection factory supports it. Exception summary: org.springframework.amqp.AmqpConnectException: java.net.ConnectException: Connection refused: getsockopt
2025-12-17T00:40:55.657+05:30  INFO 4824 --- [ORDER-SERVICE] [springCloudBus.anonymous.k7YPYHbOTJ2MiS6Bt0eXtg-371] o.s.a.r.l.SimpleMessageListenerContainer : Restarting Consumer@478f0d4c: tags=[[]], channel=null, acknowledgeMode=AUTO local queue size=0
2025-12-17T00:40:55.660+05:30  INFO 4824 --- [ORDER-SERVICE] [springCloudBus.anonymous.k7YPYHbOTJ2MiS6Bt0eXtg-372] o.s.a.r.c.CachingConnectionFactory       : Attempting to connect to: [localhost:5672]
2025-12-17T00:41:00.775+05:30  WARN 4824 --- [ORDER-SERVICE] [springCloudBus.anonymous.k7YPYHbOTJ2MiS6Bt0eXtg-372] o.s.a.r.l.SimpleMessageListenerContainer : Consumer raised exception, processing can restart if the connection factory supports it. Exception summary: org.springframework.amqp.AmqpConnectException: java.net.ConnectException: Connection refused: getsockopt
2025-12-17T00:41:00.775+05:30  INFO 4824 --- [ORDER-SERVICE] [springCloudBus.anonymous.k7YPYHbOTJ2MiS6Bt0eXtg-372] o.s.a.r.l.SimpleMessageListenerContainer : Restarting Consumer@4e8e3dac: tags=[[]], channel=null, acknowledgeMode=AUTO local queue size=0
2025-12-17T00:41:00.777+05:30  INFO 4824 --- [ORDER-SERVICE] [springCloudBus.anonymous.k7YPYHbOTJ2MiS6Bt0eXtg-373] o.s.a.r.c.CachingConnectionFactory       : Attempting to connect to: [localhost:5672]
2025-12-17T00:41:05.857+05:30  WARN 4824 --- [ORDER-SERVICE] [springCloudBus.anonymous.k7YPYHbOTJ2MiS6Bt0eXtg-373] o.s.a.r.l.SimpleMessageListenerContainer : Consumer raised exception, processing can restart if the connection factory supports it. Exception summary: org.springframework.amqp.AmqpConnectException: java.net.ConnectException: Connection refused: getsockopt
2025-12-17T00:41:05.857+05:30  INFO 4824 --- [ORDER-SERVICE] [springCloudBus.anonymous.k7YPYHbOTJ2MiS6Bt0eXtg-373] o.s.a.r.l.SimpleMessageListenerContainer : Restarting Consumer@5920ebf: tags=[[]], channel=null, acknowledgeMode=AUTO local queue size=0
2025-12-17T00:41:05.859+05:30  INFO 4824 --- [ORDER-SERVICE] [springCloudBus.anonymous.k7YPYHbOTJ2MiS6Bt0eXtg-374] o.s.a.r.c.CachingConnectionFactory       : Attempting to connect to: [localhost:5672]
2025-12-17T00:41:10.931+05:30  WARN 4824 --- [ORDER-SERVICE] [springCloudBus.anonymous.k7YPYHbOTJ2MiS6Bt0eXtg-374] o.s.a.r.l.SimpleMessageListenerContainer : Consumer raised exception, processing can restart if the connection factory supports it. Exception summary: org.springframework.amqp.AmqpConnectException: java.net.ConnectException: Connection refused: getsockopt
2025-12-17T00:41:10.931+05:30  INFO 4824 --- [ORDER-SERVICE] [springCloudBus.anonymous.k7YPYHbOTJ2MiS6Bt0eXtg-374] o.s.a.r.l.SimpleMessageListenerContainer : Restarting Consumer@78f73ae9: tags=[[]], channel=null, acknowledgeMode=AUTO local queue size=0
2025-12-17T00:41:10.933+05:30  INFO 4824 --- [ORDER-SERVICE] [springCloudBus.anonymous.k7YPYHbOTJ2MiS6Bt0eXtg-375] o.s.a.r.c.CachingConnectionFactory       : Attempting to connect to: [localhost:5672]
2025-12-17T00:41:16.043+05:30  WARN 4824 --- [ORDER-SERVICE] [springCloudBus.anonymous.k7YPYHbOTJ2MiS6Bt0eXtg-375] o.s.a.r.l.SimpleMessageListenerContainer : Consumer raised exception, processing can restart if the connection factory supports it. Exception summary: org.springframework.amqp.AmqpConnectException: java.net.ConnectException: Connection refused: getsockopt
2025-12-17T00:41:16.043+05:30  INFO 4824 --- [ORDER-SERVICE] [springCloudBus.anonymous.k7YPYHbOTJ2MiS6Bt0eXtg-375] o.s.a.r.l.SimpleMessageListenerContainer : Restarting Consumer@46ad27a3: tags=[[]], channel=null, acknowledgeMode=AUTO local queue size=0
2025-12-17T00:41:16.046+05:30  INFO 4824 --- [ORDER-SERVICE] [springCloudBus.anonymous.k7YPYHbOTJ2MiS6Bt0eXtg-376] o.s.a.r.c.CachingConnectionFactory       : Attempting to connect to: [localhost:5672]
2025-12-17T00:41:21.251+05:30  WARN 4824 --- [ORDER-SERVICE] [springCloudBus.anonymous.k7YPYHbOTJ2MiS6Bt0eXtg-376] o.s.a.r.l.SimpleMessageListenerContainer : Consumer raised exception, processing can restart if the connection factory supports it. Exception summary: org.springframework.amqp.AmqpConnectException: java.net.ConnectException: Connection refused: getsockopt
2025-12-17T00:41:21.251+05:30  INFO 4824 --- [ORDER-SERVICE] [springCloudBus.anonymous.k7YPYHbOTJ2MiS6Bt0eXtg-376] o.s.a.r.l.SimpleMessageListenerContainer : Restarting Consumer@5012123a: tags=[[]], channel=null, acknowledgeMode=AUTO local queue size=0
2025-12-17T00:41:21.254+05:30  INFO 4824 --- [ORDER-SERVICE] [springCloudBus.anonymous.k7YPYHbOTJ2MiS6Bt0eXtg-377] o.s.a.r.c.CachingConnectionFactory       : Attempting to connect to: [localhost:5672]
2025-12-17T00:41:26.371+05:30  WARN 4824 --- [ORDER-SERVICE] [springCloudBus.anonymous.k7YPYHbOTJ2MiS6Bt0eXtg-377] o.s.a.r.l.SimpleMessageListenerContainer : Consumer raised exception, processing can restart if the connection factory supports it. Exception summary: org.springframework.amqp.AmqpConnectException: java.net.ConnectException: Connection refused: getsockopt
2025-12-17T00:41:26.372+05:30  INFO 4824 --- [ORDER-SERVICE] [springCloudBus.anonymous.k7YPYHbOTJ2MiS6Bt0eXtg-377] o.s.a.r.l.SimpleMessageListenerContainer : Restarting Consumer@614c6848: tags=[[]], channel=null, acknowledgeMode=AUTO local queue size=0
2025-12-17T00:41:26.374+05:30  INFO 4824 --- [ORDER-SERVICE] [springCloudBus.anonymous.k7YPYHbOTJ2MiS6Bt0eXtg-378] o.s.a.r.c.CachingConnectionFactory       : Attempting to connect to: [localhost:5672]
2025-12-17T00:41:31.530+05:30  WARN 4824 --- [ORDER-SERVICE] [springCloudBus.anonymous.k7YPYHbOTJ2MiS6Bt0eXtg-378] o.s.a.r.l.SimpleMessageListenerContainer : Consumer raised exception, processing can restart if the connection factory supports it. Exception summary: org.springframework.amqp.AmqpConnectException: java.net.ConnectException: Connection refused: getsockopt
2025-12-17T00:41:31.530+05:30  INFO 4824 --- [ORDER-SERVICE] [springCloudBus.anonymous.k7YPYHbOTJ2MiS6Bt0eXtg-378] o.s.a.r.l.SimpleMessageListenerContainer : Restarting Consumer@797a515d: tags=[[]], channel=null, acknowledgeMode=AUTO local queue size=0
2025-12-17T00:41:31.533+05:30  INFO 4824 --- [ORDER-SERVICE] [springCloudBus.anonymous.k7YPYHbOTJ2MiS6Bt0eXtg-379] o.s.a.r.c.CachingConnectionFactory       : Attempting to connect to: [localhost:5672]
2025-12-17T00:41:36.667+05:30  WARN 4824 --- [ORDER-SERVICE] [springCloudBus.anonymous.k7YPYHbOTJ2MiS6Bt0eXtg-379] o.s.a.r.l.SimpleMessageListenerContainer : Consumer raised exception, processing can restart if the connection factory supports it. Exception summary: org.springframework.amqp.AmqpConnectException: java.net.ConnectException: Connection refused: getsockopt
2025-12-17T00:41:36.667+05:30  INFO 4824 --- [ORDER-SERVICE] [springCloudBus.anonymous.k7YPYHbOTJ2MiS6Bt0eXtg-379] o.s.a.r.l.SimpleMessageListenerContainer : Restarting Consumer@7a7adfb1: tags=[[]], channel=null, acknowledgeMode=AUTO local queue size=0
2025-12-17T00:41:36.670+05:30  INFO 4824 --- [ORDER-SERVICE] [springCloudBus.anonymous.k7YPYHbOTJ2MiS6Bt0eXtg-380] o.s.a.r.c.CachingConnectionFactory       : Attempting to connect to: [localhost:5672]
2025-12-17T00:41:41.845+05:30  WARN 4824 --- [ORDER-SERVICE] [springCloudBus.anonymous.k7YPYHbOTJ2MiS6Bt0eXtg-380] o.s.a.r.l.SimpleMessageListenerContainer : Consumer raised exception, processing can restart if the connection factory supports it. Exception summary: org.springframework.amqp.AmqpConnectException: java.net.ConnectException: Connection refused: getsockopt
2025-12-17T00:41:41.845+05:30  INFO 4824 --- [ORDER-SERVICE] [springCloudBus.anonymous.k7YPYHbOTJ2MiS6Bt0eXtg-380] o.s.a.r.l.SimpleMessageListenerContainer : Restarting Consumer@5dc553c4: tags=[[]], channel=null, acknowledgeMode=AUTO local queue size=0
2025-12-17T00:41:41.847+05:30  INFO 4824 --- [ORDER-SERVICE] [springCloudBus.anonymous.k7YPYHbOTJ2MiS6Bt0eXtg-381] o.s.a.r.c.CachingConnectionFactory       : Attempting to connect to: [localhost:5672]
2025-12-17T00:41:46.920+05:30  WARN 4824 --- [ORDER-SERVICE] [springCloudBus.anonymous.k7YPYHbOTJ2MiS6Bt0eXtg-381] o.s.a.r.l.SimpleMessageListenerContainer : Consumer raised exception, processing can restart if the connection factory supports it. Exception summary: org.springframework.amqp.AmqpConnectException: java.net.ConnectException: Connection refused: getsockopt
2025-12-17T00:41:46.920+05:30  INFO 4824 --- [ORDER-SERVICE] [springCloudBus.anonymous.k7YPYHbOTJ2MiS6Bt0eXtg-381] o.s.a.r.l.SimpleMessageListenerContainer : Restarting Consumer@45212d1a: tags=[[]], channel=null, acknowledgeMode=AUTO local queue size=0
2025-12-17T00:41:46.922+05:30  INFO 4824 --- [ORDER-SERVICE] [springCloudBus.anonymous.k7YPYHbOTJ2MiS6Bt0eXtg-382] o.s.a.r.c.CachingConnectionFactory       : Attempting to connect to: [localhost:5672]
2025-12-17T00:41:52.132+05:30  WARN 4824 --- [ORDER-SERVICE] [springCloudBus.anonymous.k7YPYHbOTJ2MiS6Bt0eXtg-382] o.s.a.r.l.SimpleMessageListenerContainer : Consumer raised exception, processing can restart if the connection factory supports it. Exception summary: org.springframework.amqp.AmqpConnectException: java.net.ConnectException: Connection refused: getsockopt
2025-12-17T00:41:52.132+05:30  INFO 4824 --- [ORDER-SERVICE] [springCloudBus.anonymous.k7YPYHbOTJ2MiS6Bt0eXtg-382] o.s.a.r.l.SimpleMessageListenerContainer : Restarting Consumer@65afddd2: tags=[[]], channel=null, acknowledgeMode=AUTO local queue size=0
2025-12-17T00:41:52.135+05:30  INFO 4824 --- [ORDER-SERVICE] [springCloudBus.anonymous.k7YPYHbOTJ2MiS6Bt0eXtg-383] o.s.a.r.c.CachingConnectionFactory       : Attempting to connect to: [localhost:5672]
2025-12-17T00:41:57.216+05:30  WARN 4824 --- [ORDER-SERVICE] [springCloudBus.anonymous.k7YPYHbOTJ2MiS6Bt0eXtg-383] o.s.a.r.l.SimpleMessageListenerContainer : Consumer raised exception, processing can restart if the connection factory supports it. Exception summary: org.springframework.amqp.AmqpConnectException: java.net.ConnectException: Connection refused: getsockopt
2025-12-17T00:41:57.216+05:30  INFO 4824 --- [ORDER-SERVICE] [springCloudBus.anonymous.k7YPYHbOTJ2MiS6Bt0eXtg-383] o.s.a.r.l.SimpleMessageListenerContainer : Restarting Consumer@3989f1ae: tags=[[]], channel=null, acknowledgeMode=AUTO local queue size=0
2025-12-17T00:41:57.220+05:30  INFO 4824 --- [ORDER-SERVICE] [springCloudBus.anonymous.k7YPYHbOTJ2MiS6Bt0eXtg-384] o.s.a.r.c.CachingConnectionFactory       : Attempting to connect to: [localhost:5672]
2025-12-17T00:42:02.326+05:30  WARN 4824 --- [ORDER-SERVICE] [springCloudBus.anonymous.k7YPYHbOTJ2MiS6Bt0eXtg-384] o.s.a.r.l.SimpleMessageListenerContainer : Consumer raised exception, processing can restart if the connection factory supports it. Exception summary: org.springframework.amqp.AmqpConnectException: java.net.ConnectException: Connection refused: getsockopt
2025-12-17T00:42:02.328+05:30  INFO 4824 --- [ORDER-SERVICE] [springCloudBus.anonymous.k7YPYHbOTJ2MiS6Bt0eXtg-384] o.s.a.r.l.SimpleMessageListenerContainer : Restarting Consumer@4c32e0c3: tags=[[]], channel=null, acknowledgeMode=AUTO local queue size=0
2025-12-17T00:42:02.335+05:30  INFO 4824 --- [ORDER-SERVICE] [springCloudBus.anonymous.k7YPYHbOTJ2MiS6Bt0eXtg-385] o.s.a.r.c.CachingConnectionFactory       : Attempting to connect to: [localhost:5672]
2025-12-17T00:42:07.468+05:30  WARN 4824 --- [ORDER-SERVICE] [springCloudBus.anonymous.k7YPYHbOTJ2MiS6Bt0eXtg-385] o.s.a.r.l.SimpleMessageListenerContainer : Consumer raised exception, processing can restart if the connection factory supports it. Exception summary: org.springframework.amqp.AmqpConnectException: java.net.ConnectException: Connection refused: getsockopt
2025-12-17T00:42:07.469+05:30  INFO 4824 --- [ORDER-SERVICE] [springCloudBus.anonymous.k7YPYHbOTJ2MiS6Bt0eXtg-385] o.s.a.r.l.SimpleMessageListenerContainer : Restarting Consumer@773e1aa9: tags=[[]], channel=null, acknowledgeMode=AUTO local queue size=0
2025-12-17T00:42:07.477+05:30  INFO 4824 --- [ORDER-SERVICE] [springCloudBus.anonymous.k7YPYHbOTJ2MiS6Bt0eXtg-386] o.s.a.r.c.CachingConnectionFactory       : Attempting to connect to: [localhost:5672]
2025-12-17T00:42:12.610+05:30  WARN 4824 --- [ORDER-SERVICE] [springCloudBus.anonymous.k7YPYHbOTJ2MiS6Bt0eXtg-386] o.s.a.r.l.SimpleMessageListenerContainer : Consumer raised exception, processing can restart if the connection factory supports it. Exception summary: org.springframework.amqp.AmqpConnectException: java.net.ConnectException: Connection refused: getsockopt
2025-12-17T00:42:12.610+05:30  INFO 4824 --- [ORDER-SERVICE] [springCloudBus.anonymous.k7YPYHbOTJ2MiS6Bt0eXtg-386] o.s.a.r.l.SimpleMessageListenerContainer : Restarting Consumer@9b33f10: tags=[[]], channel=null, acknowledgeMode=AUTO local queue size=0
2025-12-17T00:42:12.612+05:30  INFO 4824 --- [ORDER-SERVICE] [springCloudBus.anonymous.k7YPYHbOTJ2MiS6Bt0eXtg-387] o.s.a.r.c.CachingConnectionFactory       : Attempting to connect to: [localhost:5672]
2025-12-17T00:42:17.734+05:30  WARN 4824 --- [ORDER-SERVICE] [springCloudBus.anonymous.k7YPYHbOTJ2MiS6Bt0eXtg-387] o.s.a.r.l.SimpleMessageListenerContainer : Consumer raised exception, processing can restart if the connection factory supports it. Exception summary: org.springframework.amqp.AmqpConnectException: java.net.ConnectException: Connection refused: getsockopt
2025-12-17T00:42:17.734+05:30  INFO 4824 --- [ORDER-SERVICE] [springCloudBus.anonymous.k7YPYHbOTJ2MiS6Bt0eXtg-387] o.s.a.r.l.SimpleMessageListenerContainer : Restarting Consumer@25e84e21: tags=[[]], channel=null, acknowledgeMode=AUTO local queue size=0
2025-12-17T00:42:17.736+05:30  INFO 4824 --- [ORDER-SERVICE] [springCloudBus.anonymous.k7YPYHbOTJ2MiS6Bt0eXtg-388] o.s.a.r.c.CachingConnectionFactory       : Attempting to connect to: [localhost:5672]
2025-12-17T00:42:22.836+05:30  WARN 4824 --- [ORDER-SERVICE] [springCloudBus.anonymous.k7YPYHbOTJ2MiS6Bt0eXtg-388] o.s.a.r.l.SimpleMessageListenerContainer : Consumer raised exception, processing can restart if the connection factory supports it. Exception summary: org.springframework.amqp.AmqpConnectException: java.net.ConnectException: Connection refused: getsockopt
2025-12-17T00:42:22.836+05:30  INFO 4824 --- [ORDER-SERVICE] [springCloudBus.anonymous.k7YPYHbOTJ2MiS6Bt0eXtg-388] o.s.a.r.l.SimpleMessageListenerContainer : Restarting Consumer@f934f1b: tags=[[]], channel=null, acknowledgeMode=AUTO local queue size=0
2025-12-17T00:42:22.839+05:30  INFO 4824 --- [ORDER-SERVICE] [springCloudBus.anonymous.k7YPYHbOTJ2MiS6Bt0eXtg-389] o.s.a.r.c.CachingConnectionFactory       : Attempting to connect to: [localhost:5672]
2025-12-17T00:42:28.044+05:30  WARN 4824 --- [ORDER-SERVICE] [springCloudBus.anonymous.k7YPYHbOTJ2MiS6Bt0eXtg-389] o.s.a.r.l.SimpleMessageListenerContainer : Consumer raised exception, processing can restart if the connection factory supports it. Exception summary: org.springframework.amqp.AmqpConnectException: java.net.ConnectException: Connection refused: getsockopt
2025-12-17T00:42:28.044+05:30  INFO 4824 --- [ORDER-SERVICE] [springCloudBus.anonymous.k7YPYHbOTJ2MiS6Bt0eXtg-389] o.s.a.r.l.SimpleMessageListenerContainer : Restarting Consumer@318e5e46: tags=[[]], channel=null, acknowledgeMode=AUTO local queue size=0
2025-12-17T00:42:28.045+05:30  INFO 4824 --- [ORDER-SERVICE] [springCloudBus.anonymous.k7YPYHbOTJ2MiS6Bt0eXtg-390] o.s.a.r.c.CachingConnectionFactory       : Attempting to connect to: [localhost:5672]
2025-12-17T00:42:33.218+05:30  WARN 4824 --- [ORDER-SERVICE] [springCloudBus.anonymous.k7YPYHbOTJ2MiS6Bt0eXtg-390] o.s.a.r.l.SimpleMessageListenerContainer : Consumer raised exception, processing can restart if the connection factory supports it. Exception summary: org.springframework.amqp.AmqpConnectException: java.net.ConnectException: Connection refused: getsockopt
2025-12-17T00:42:33.218+05:30  INFO 4824 --- [ORDER-SERVICE] [springCloudBus.anonymous.k7YPYHbOTJ2MiS6Bt0eXtg-390] o.s.a.r.l.SimpleMessageListenerContainer : Restarting Consumer@751b5e72: tags=[[]], channel=null, acknowledgeMode=AUTO local queue size=0
2025-12-17T00:42:33.220+05:30  INFO 4824 --- [ORDER-SERVICE] [springCloudBus.anonymous.k7YPYHbOTJ2MiS6Bt0eXtg-391] o.s.a.r.c.CachingConnectionFactory       : Attempting to connect to: [localhost:5672]
2025-12-17T00:42:38.338+05:30  WARN 4824 --- [ORDER-SERVICE] [springCloudBus.anonymous.k7YPYHbOTJ2MiS6Bt0eXtg-391] o.s.a.r.l.SimpleMessageListenerContainer : Consumer raised exception, processing can restart if the connection factory supports it. Exception summary: org.springframework.amqp.AmqpConnectException: java.net.ConnectException: Connection refused: getsockopt
2025-12-17T00:42:38.338+05:30  INFO 4824 --- [ORDER-SERVICE] [springCloudBus.anonymous.k7YPYHbOTJ2MiS6Bt0eXtg-391] o.s.a.r.l.SimpleMessageListenerContainer : Restarting Consumer@50ee712d: tags=[[]], channel=null, acknowledgeMode=AUTO local queue size=0
2025-12-17T00:42:38.341+05:30  INFO 4824 --- [ORDER-SERVICE] [springCloudBus.anonymous.k7YPYHbOTJ2MiS6Bt0eXtg-392] o.s.a.r.c.CachingConnectionFactory       : Attempting to connect to: [localhost:5672]
2025-12-17T00:42:43.507+05:30  WARN 4824 --- [ORDER-SERVICE] [springCloudBus.anonymous.k7YPYHbOTJ2MiS6Bt0eXtg-392] o.s.a.r.l.SimpleMessageListenerContainer : Consumer raised exception, processing can restart if the connection factory supports it. Exception summary: org.springframework.amqp.AmqpConnectException: java.net.ConnectException: Connection refused: getsockopt
2025-12-17T00:42:43.508+05:30  INFO 4824 --- [ORDER-SERVICE] [springCloudBus.anonymous.k7YPYHbOTJ2MiS6Bt0eXtg-392] o.s.a.r.l.SimpleMessageListenerContainer : Restarting Consumer@2eb43376: tags=[[]], channel=null, acknowledgeMode=AUTO local queue size=0
2025-12-17T00:42:43.510+05:30  INFO 4824 --- [ORDER-SERVICE] [springCloudBus.anonymous.k7YPYHbOTJ2MiS6Bt0eXtg-393] o.s.a.r.c.CachingConnectionFactory       : Attempting to connect to: [localhost:5672]
2025-12-17T00:42:48.637+05:30  WARN 4824 --- [ORDER-SERVICE] [springCloudBus.anonymous.k7YPYHbOTJ2MiS6Bt0eXtg-393] o.s.a.r.l.SimpleMessageListenerContainer : Consumer raised exception, processing can restart if the connection factory supports it. Exception summary: org.springframework.amqp.AmqpConnectException: java.net.ConnectException: Connection refused: getsockopt
2025-12-17T00:42:48.637+05:30  INFO 4824 --- [ORDER-SERVICE] [springCloudBus.anonymous.k7YPYHbOTJ2MiS6Bt0eXtg-393] o.s.a.r.l.SimpleMessageListenerContainer : Restarting Consumer@3120b576: tags=[[]], channel=null, acknowledgeMode=AUTO local queue size=0
2025-12-17T00:42:48.639+05:30  INFO 4824 --- [ORDER-SERVICE] [springCloudBus.anonymous.k7YPYHbOTJ2MiS6Bt0eXtg-394] o.s.a.r.c.CachingConnectionFactory       : Attempting to connect to: [localhost:5672]
2025-12-17T00:42:53.776+05:30  WARN 4824 --- [ORDER-SERVICE] [springCloudBus.anonymous.k7YPYHbOTJ2MiS6Bt0eXtg-394] o.s.a.r.l.SimpleMessageListenerContainer : Consumer raised exception, processing can restart if the connection factory supports it. Exception summary: org.springframework.amqp.AmqpConnectException: java.net.ConnectException: Connection refused: getsockopt
2025-12-17T00:42:53.778+05:30  INFO 4824 --- [ORDER-SERVICE] [springCloudBus.anonymous.k7YPYHbOTJ2MiS6Bt0eXtg-394] o.s.a.r.l.SimpleMessageListenerContainer : Restarting Consumer@1dcb1cda: tags=[[]], channel=null, acknowledgeMode=AUTO local queue size=0
2025-12-17T00:42:53.839+05:30  INFO 4824 --- [ORDER-SERVICE] [springCloudBus.anonymous.k7YPYHbOTJ2MiS6Bt0eXtg-395] o.s.a.r.c.CachingConnectionFactory       : Attempting to connect to: [localhost:5672]
2025-12-17T00:42:58.913+05:30  WARN 4824 --- [ORDER-SERVICE] [springCloudBus.anonymous.k7YPYHbOTJ2MiS6Bt0eXtg-395] o.s.a.r.l.SimpleMessageListenerContainer : Consumer raised exception, processing can restart if the connection factory supports it. Exception summary: org.springframework.amqp.AmqpConnectException: java.net.ConnectException: Connection refused: getsockopt
2025-12-17T00:42:58.914+05:30  INFO 4824 --- [ORDER-SERVICE] [springCloudBus.anonymous.k7YPYHbOTJ2MiS6Bt0eXtg-395] o.s.a.r.l.SimpleMessageListenerContainer : Restarting Consumer@433571da: tags=[[]], channel=null, acknowledgeMode=AUTO local queue size=0
2025-12-17T00:42:58.917+05:30  INFO 4824 --- [ORDER-SERVICE] [springCloudBus.anonymous.k7YPYHbOTJ2MiS6Bt0eXtg-396] o.s.a.r.c.CachingConnectionFactory       : Attempting to connect to: [localhost:5672]
2025-12-17T00:43:04.036+05:30  WARN 4824 --- [ORDER-SERVICE] [springCloudBus.anonymous.k7YPYHbOTJ2MiS6Bt0eXtg-396] o.s.a.r.l.SimpleMessageListenerContainer : Consumer raised exception, processing can restart if the connection factory supports it. Exception summary: org.springframework.amqp.AmqpConnectException: java.net.ConnectException: Connection refused: getsockopt
2025-12-17T00:43:04.037+05:30  INFO 4824 --- [ORDER-SERVICE] [springCloudBus.anonymous.k7YPYHbOTJ2MiS6Bt0eXtg-396] o.s.a.r.l.SimpleMessageListenerContainer : Restarting Consumer@3ae29b50: tags=[[]], channel=null, acknowledgeMode=AUTO local queue size=0
2025-12-17T00:43:04.040+05:30  INFO 4824 --- [ORDER-SERVICE] [springCloudBus.anonymous.k7YPYHbOTJ2MiS6Bt0eXtg-397] o.s.a.r.c.CachingConnectionFactory       : Attempting to connect to: [localhost:5672]
2025-12-17T00:43:09.199+05:30  WARN 4824 --- [ORDER-SERVICE] [springCloudBus.anonymous.k7YPYHbOTJ2MiS6Bt0eXtg-397] o.s.a.r.l.SimpleMessageListenerContainer : Consumer raised exception, processing can restart if the connection factory supports it. Exception summary: org.springframework.amqp.AmqpConnectException: java.net.ConnectException: Connection refused: getsockopt
2025-12-17T00:43:09.199+05:30  INFO 4824 --- [ORDER-SERVICE] [springCloudBus.anonymous.k7YPYHbOTJ2MiS6Bt0eXtg-397] o.s.a.r.l.SimpleMessageListenerContainer : Restarting Consumer@1dc98b25: tags=[[]], channel=null, acknowledgeMode=AUTO local queue size=0
2025-12-17T00:43:09.201+05:30  INFO 4824 --- [ORDER-SERVICE] [springCloudBus.anonymous.k7YPYHbOTJ2MiS6Bt0eXtg-398] o.s.a.r.c.CachingConnectionFactory       : Attempting to connect to: [localhost:5672]
2025-12-17T00:43:14.312+05:30  WARN 4824 --- [ORDER-SERVICE] [springCloudBus.anonymous.k7YPYHbOTJ2MiS6Bt0eXtg-398] o.s.a.r.l.SimpleMessageListenerContainer : Consumer raised exception, processing can restart if the connection factory supports it. Exception summary: org.springframework.amqp.AmqpConnectException: java.net.ConnectException: Connection refused: getsockopt
2025-12-17T00:43:14.312+05:30  INFO 4824 --- [ORDER-SERVICE] [springCloudBus.anonymous.k7YPYHbOTJ2MiS6Bt0eXtg-398] o.s.a.r.l.SimpleMessageListenerContainer : Restarting Consumer@5d6686c: tags=[[]], channel=null, acknowledgeMode=AUTO local queue size=0
2025-12-17T00:43:14.315+05:30  INFO 4824 --- [ORDER-SERVICE] [springCloudBus.anonymous.k7YPYHbOTJ2MiS6Bt0eXtg-399] o.s.a.r.c.CachingConnectionFactory       : Attempting to connect to: [localhost:5672]
2025-12-17T00:43:19.387+05:30  WARN 4824 --- [ORDER-SERVICE] [springCloudBus.anonymous.k7YPYHbOTJ2MiS6Bt0eXtg-399] o.s.a.r.l.SimpleMessageListenerContainer : Consumer raised exception, processing can restart if the connection factory supports it. Exception summary: org.springframework.amqp.AmqpConnectException: java.net.ConnectException: Connection refused: getsockopt
2025-12-17T00:43:19.389+05:30  INFO 4824 --- [ORDER-SERVICE] [springCloudBus.anonymous.k7YPYHbOTJ2MiS6Bt0eXtg-399] o.s.a.r.l.SimpleMessageListenerContainer : Restarting Consumer@768d2ef2: tags=[[]], channel=null, acknowledgeMode=AUTO local queue size=0
2025-12-17T00:43:19.392+05:30  INFO 4824 --- [ORDER-SERVICE] [springCloudBus.anonymous.k7YPYHbOTJ2MiS6Bt0eXtg-400] o.s.a.r.c.CachingConnectionFactory       : Attempting to connect to: [localhost:5672]
2025-12-17T00:43:24.488+05:30  WARN 4824 --- [ORDER-SERVICE] [springCloudBus.anonymous.k7YPYHbOTJ2MiS6Bt0eXtg-400] o.s.a.r.l.SimpleMessageListenerContainer : Consumer raised exception, processing can restart if the connection factory supports it. Exception summary: org.springframework.amqp.AmqpConnectException: java.net.ConnectException: Connection refused: getsockopt
2025-12-17T00:43:24.489+05:30  INFO 4824 --- [ORDER-SERVICE] [springCloudBus.anonymous.k7YPYHbOTJ2MiS6Bt0eXtg-400] o.s.a.r.l.SimpleMessageListenerContainer : Restarting Consumer@305ba811: tags=[[]], channel=null, acknowledgeMode=AUTO local queue size=0
2025-12-17T00:43:24.491+05:30  INFO 4824 --- [ORDER-SERVICE] [springCloudBus.anonymous.k7YPYHbOTJ2MiS6Bt0eXtg-401] o.s.a.r.c.CachingConnectionFactory       : Attempting to connect to: [localhost:5672]
2025-12-17T00:43:29.647+05:30  WARN 4824 --- [ORDER-SERVICE] [springCloudBus.anonymous.k7YPYHbOTJ2MiS6Bt0eXtg-401] o.s.a.r.l.SimpleMessageListenerContainer : Consumer raised exception, processing can restart if the connection factory supports it. Exception summary: org.springframework.amqp.AmqpConnectException: java.net.ConnectException: Connection refused: getsockopt
2025-12-17T00:43:29.647+05:30  INFO 4824 --- [ORDER-SERVICE] [springCloudBus.anonymous.k7YPYHbOTJ2MiS6Bt0eXtg-401] o.s.a.r.l.SimpleMessageListenerContainer : Restarting Consumer@21343b8e: tags=[[]], channel=null, acknowledgeMode=AUTO local queue size=0
2025-12-17T00:43:29.649+05:30  INFO 4824 --- [ORDER-SERVICE] [springCloudBus.anonymous.k7YPYHbOTJ2MiS6Bt0eXtg-402] o.s.a.r.c.CachingConnectionFactory       : Attempting to connect to: [localhost:5672]
2025-12-17T00:43:34.748+05:30  WARN 4824 --- [ORDER-SERVICE] [springCloudBus.anonymous.k7YPYHbOTJ2MiS6Bt0eXtg-402] o.s.a.r.l.SimpleMessageListenerContainer : Consumer raised exception, processing can restart if the connection factory supports it. Exception summary: org.springframework.amqp.AmqpConnectException: java.net.ConnectException: Connection refused: getsockopt
2025-12-17T00:43:34.749+05:30  INFO 4824 --- [ORDER-SERVICE] [springCloudBus.anonymous.k7YPYHbOTJ2MiS6Bt0eXtg-402] o.s.a.r.l.SimpleMessageListenerContainer : Restarting Consumer@3eecdabd: tags=[[]], channel=null, acknowledgeMode=AUTO local queue size=0
2025-12-17T00:43:34.751+05:30  INFO 4824 --- [ORDER-SERVICE] [springCloudBus.anonymous.k7YPYHbOTJ2MiS6Bt0eXtg-403] o.s.a.r.c.CachingConnectionFactory       : Attempting to connect to: [localhost:5672]
2025-12-17T00:43:39.853+05:30  WARN 4824 --- [ORDER-SERVICE] [springCloudBus.anonymous.k7YPYHbOTJ2MiS6Bt0eXtg-403] o.s.a.r.l.SimpleMessageListenerContainer : Consumer raised exception, processing can restart if the connection factory supports it. Exception summary: org.springframework.amqp.AmqpConnectException: java.net.ConnectException: Connection refused: getsockopt
2025-12-17T00:43:39.853+05:30  INFO 4824 --- [ORDER-SERVICE] [springCloudBus.anonymous.k7YPYHbOTJ2MiS6Bt0eXtg-403] o.s.a.r.l.SimpleMessageListenerContainer : Restarting Consumer@46ad426e: tags=[[]], channel=null, acknowledgeMode=AUTO local queue size=0
2025-12-17T00:43:39.857+05:30  INFO 4824 --- [ORDER-SERVICE] [springCloudBus.anonymous.k7YPYHbOTJ2MiS6Bt0eXtg-404] o.s.a.r.c.CachingConnectionFactory       : Attempting to connect to: [localhost:5672]
2025-12-17T00:43:45.023+05:30  WARN 4824 --- [ORDER-SERVICE] [springCloudBus.anonymous.k7YPYHbOTJ2MiS6Bt0eXtg-404] o.s.a.r.l.SimpleMessageListenerContainer : Consumer raised exception, processing can restart if the connection factory supports it. Exception summary: org.springframework.amqp.AmqpConnectException: java.net.ConnectException: Connection refused: getsockopt
2025-12-17T00:43:45.023+05:30  INFO 4824 --- [ORDER-SERVICE] [springCloudBus.anonymous.k7YPYHbOTJ2MiS6Bt0eXtg-404] o.s.a.r.l.SimpleMessageListenerContainer : Restarting Consumer@1ce17712: tags=[[]], channel=null, acknowledgeMode=AUTO local queue size=0
2025-12-17T00:43:45.067+05:30  INFO 4824 --- [ORDER-SERVICE] [springCloudBus.anonymous.k7YPYHbOTJ2MiS6Bt0eXtg-405] o.s.a.r.c.CachingConnectionFactory       : Attempting to connect to: [localhost:5672]
2025-12-17T00:43:50.200+05:30  WARN 4824 --- [ORDER-SERVICE] [springCloudBus.anonymous.k7YPYHbOTJ2MiS6Bt0eXtg-405] o.s.a.r.l.SimpleMessageListenerContainer : Consumer raised exception, processing can restart if the connection factory supports it. Exception summary: org.springframework.amqp.AmqpConnectException: java.net.ConnectException: Connection refused: getsockopt
2025-12-17T00:43:50.200+05:30  INFO 4824 --- [ORDER-SERVICE] [springCloudBus.anonymous.k7YPYHbOTJ2MiS6Bt0eXtg-405] o.s.a.r.l.SimpleMessageListenerContainer : Restarting Consumer@2e3c62e4: tags=[[]], channel=null, acknowledgeMode=AUTO local queue size=0
2025-12-17T00:43:50.204+05:30  INFO 4824 --- [ORDER-SERVICE] [springCloudBus.anonymous.k7YPYHbOTJ2MiS6Bt0eXtg-406] o.s.a.r.c.CachingConnectionFactory       : Attempting to connect to: [localhost:5672]
2025-12-17T00:43:55.387+05:30  WARN 4824 --- [ORDER-SERVICE] [springCloudBus.anonymous.k7YPYHbOTJ2MiS6Bt0eXtg-406] o.s.a.r.l.SimpleMessageListenerContainer : Consumer raised exception, processing can restart if the connection factory supports it. Exception summary: org.springframework.amqp.AmqpConnectException: java.net.ConnectException: Connection refused: getsockopt
2025-12-17T00:43:55.387+05:30  INFO 4824 --- [ORDER-SERVICE] [springCloudBus.anonymous.k7YPYHbOTJ2MiS6Bt0eXtg-406] o.s.a.r.l.SimpleMessageListenerContainer : Restarting Consumer@2e12da66: tags=[[]], channel=null, acknowledgeMode=AUTO local queue size=0
2025-12-17T00:43:55.390+05:30  INFO 4824 --- [ORDER-SERVICE] [springCloudBus.anonymous.k7YPYHbOTJ2MiS6Bt0eXtg-407] o.s.a.r.c.CachingConnectionFactory       : Attempting to connect to: [localhost:5672]
2025-12-17T00:44:00.527+05:30  WARN 4824 --- [ORDER-SERVICE] [springCloudBus.anonymous.k7YPYHbOTJ2MiS6Bt0eXtg-407] o.s.a.r.l.SimpleMessageListenerContainer : Consumer raised exception, processing can restart if the connection factory supports it. Exception summary: org.springframework.amqp.AmqpConnectException: java.net.ConnectException: Connection refused: getsockopt
2025-12-17T00:44:00.527+05:30  INFO 4824 --- [ORDER-SERVICE] [springCloudBus.anonymous.k7YPYHbOTJ2MiS6Bt0eXtg-407] o.s.a.r.l.SimpleMessageListenerContainer : Restarting Consumer@74da95eb: tags=[[]], channel=null, acknowledgeMode=AUTO local queue size=0
2025-12-17T00:44:00.529+05:30  INFO 4824 --- [ORDER-SERVICE] [springCloudBus.anonymous.k7YPYHbOTJ2MiS6Bt0eXtg-408] o.s.a.r.c.CachingConnectionFactory       : Attempting to connect to: [localhost:5672]
2025-12-17T00:44:05.646+05:30  WARN 4824 --- [ORDER-SERVICE] [springCloudBus.anonymous.k7YPYHbOTJ2MiS6Bt0eXtg-408] o.s.a.r.l.SimpleMessageListenerContainer : Consumer raised exception, processing can restart if the connection factory supports it. Exception summary: org.springframework.amqp.AmqpConnectException: java.net.ConnectException: Connection refused: getsockopt
2025-12-17T00:44:05.646+05:30  INFO 4824 --- [ORDER-SERVICE] [springCloudBus.anonymous.k7YPYHbOTJ2MiS6Bt0eXtg-408] o.s.a.r.l.SimpleMessageListenerContainer : Restarting Consumer@1ce9f80: tags=[[]], channel=null, acknowledgeMode=AUTO local queue size=0
2025-12-17T00:44:05.649+05:30  INFO 4824 --- [ORDER-SERVICE] [springCloudBus.anonymous.k7YPYHbOTJ2MiS6Bt0eXtg-409] o.s.a.r.c.CachingConnectionFactory       : Attempting to connect to: [localhost:5672]
2025-12-17T00:44:10.809+05:30  WARN 4824 --- [ORDER-SERVICE] [springCloudBus.anonymous.k7YPYHbOTJ2MiS6Bt0eXtg-409] o.s.a.r.l.SimpleMessageListenerContainer : Consumer raised exception, processing can restart if the connection factory supports it. Exception summary: org.springframework.amqp.AmqpConnectException: java.net.ConnectException: Connection refused: getsockopt
2025-12-17T00:44:10.809+05:30  INFO 4824 --- [ORDER-SERVICE] [springCloudBus.anonymous.k7YPYHbOTJ2MiS6Bt0eXtg-409] o.s.a.r.l.SimpleMessageListenerContainer : Restarting Consumer@62fc1cff: tags=[[]], channel=null, acknowledgeMode=AUTO local queue size=0
2025-12-17T00:44:10.811+05:30  INFO 4824 --- [ORDER-SERVICE] [springCloudBus.anonymous.k7YPYHbOTJ2MiS6Bt0eXtg-410] o.s.a.r.c.CachingConnectionFactory       : Attempting to connect to: [localhost:5672]
2025-12-17T00:44:14.568+05:30  INFO 4824 --- [ORDER-SERVICE] [AsyncResolver-bootstrap-executor-%d] c.n.d.s.r.aws.ConfigClusterResolver      : Resolving eureka endpoints via configuration
2025-12-17T00:44:15.909+05:30  WARN 4824 --- [ORDER-SERVICE] [springCloudBus.anonymous.k7YPYHbOTJ2MiS6Bt0eXtg-410] o.s.a.r.l.SimpleMessageListenerContainer : Consumer raised exception, processing can restart if the connection factory supports it. Exception summary: org.springframework.amqp.AmqpConnectException: java.net.ConnectException: Connection refused: getsockopt
2025-12-17T00:44:15.909+05:30  INFO 4824 --- [ORDER-SERVICE] [springCloudBus.anonymous.k7YPYHbOTJ2MiS6Bt0eXtg-410] o.s.a.r.l.SimpleMessageListenerContainer : Restarting Consumer@6fc4f678: tags=[[]], channel=null, acknowledgeMode=AUTO local queue size=0
2025-12-17T00:44:15.912+05:30  INFO 4824 --- [ORDER-SERVICE] [springCloudBus.anonymous.k7YPYHbOTJ2MiS6Bt0eXtg-411] o.s.a.r.c.CachingConnectionFactory       : Attempting to connect to: [localhost:5672]
2025-12-17T00:44:21.004+05:30  WARN 4824 --- [ORDER-SERVICE] [springCloudBus.anonymous.k7YPYHbOTJ2MiS6Bt0eXtg-411] o.s.a.r.l.SimpleMessageListenerContainer : Consumer raised exception, processing can restart if the connection factory supports it. Exception summary: org.springframework.amqp.AmqpConnectException: java.net.ConnectException: Connection refused: getsockopt
2025-12-17T00:44:21.004+05:30  INFO 4824 --- [ORDER-SERVICE] [springCloudBus.anonymous.k7YPYHbOTJ2MiS6Bt0eXtg-411] o.s.a.r.l.SimpleMessageListenerContainer : Restarting Consumer@279983cd: tags=[[]], channel=null, acknowledgeMode=AUTO local queue size=0
2025-12-17T00:44:21.006+05:30  INFO 4824 --- [ORDER-SERVICE] [springCloudBus.anonymous.k7YPYHbOTJ2MiS6Bt0eXtg-412] o.s.a.r.c.CachingConnectionFactory       : Attempting to connect to: [localhost:5672]
2025-12-17T00:44:26.132+05:30  WARN 4824 --- [ORDER-SERVICE] [springCloudBus.anonymous.k7YPYHbOTJ2MiS6Bt0eXtg-412] o.s.a.r.l.SimpleMessageListenerContainer : Consumer raised exception, processing can restart if the connection factory supports it. Exception summary: org.springframework.amqp.AmqpConnectException: java.net.ConnectException: Connection refused: getsockopt
2025-12-17T00:44:26.132+05:30  INFO 4824 --- [ORDER-SERVICE] [springCloudBus.anonymous.k7YPYHbOTJ2MiS6Bt0eXtg-412] o.s.a.r.l.SimpleMessageListenerContainer : Restarting Consumer@7a31f53e: tags=[[]], channel=null, acknowledgeMode=AUTO local queue size=0
2025-12-17T00:44:26.135+05:30  INFO 4824 --- [ORDER-SERVICE] [springCloudBus.anonymous.k7YPYHbOTJ2MiS6Bt0eXtg-413] o.s.a.r.c.CachingConnectionFactory       : Attempting to connect to: [localhost:5672]
2025-12-17T00:44:31.222+05:30  WARN 4824 --- [ORDER-SERVICE] [springCloudBus.anonymous.k7YPYHbOTJ2MiS6Bt0eXtg-413] o.s.a.r.l.SimpleMessageListenerContainer : Consumer raised exception, processing can restart if the connection factory supports it. Exception summary: org.springframework.amqp.AmqpConnectException: java.net.ConnectException: Connection refused: getsockopt
2025-12-17T00:44:31.222+05:30  INFO 4824 --- [ORDER-SERVICE] [springCloudBus.anonymous.k7YPYHbOTJ2MiS6Bt0eXtg-413] o.s.a.r.l.SimpleMessageListenerContainer : Restarting Consumer@22eb52f6: tags=[[]], channel=null, acknowledgeMode=AUTO local queue size=0
2025-12-17T00:44:31.225+05:30  INFO 4824 --- [ORDER-SERVICE] [springCloudBus.anonymous.k7YPYHbOTJ2MiS6Bt0eXtg-414] o.s.a.r.c.CachingConnectionFactory       : Attempting to connect to: [localhost:5672]
2025-12-17T00:44:36.341+05:30  WARN 4824 --- [ORDER-SERVICE] [springCloudBus.anonymous.k7YPYHbOTJ2MiS6Bt0eXtg-414] o.s.a.r.l.SimpleMessageListenerContainer : Consumer raised exception, processing can restart if the connection factory supports it. Exception summary: org.springframework.amqp.AmqpConnectException: java.net.ConnectException: Connection refused: getsockopt
2025-12-17T00:44:36.341+05:30  INFO 4824 --- [ORDER-SERVICE] [springCloudBus.anonymous.k7YPYHbOTJ2MiS6Bt0eXtg-414] o.s.a.r.l.SimpleMessageListenerContainer : Restarting Consumer@5d4c5091: tags=[[]], channel=null, acknowledgeMode=AUTO local queue size=0
2025-12-17T00:44:36.344+05:30  INFO 4824 --- [ORDER-SERVICE] [springCloudBus.anonymous.k7YPYHbOTJ2MiS6Bt0eXtg-415] o.s.a.r.c.CachingConnectionFactory       : Attempting to connect to: [localhost:5672]
2025-12-17T00:44:41.491+05:30  WARN 4824 --- [ORDER-SERVICE] [springCloudBus.anonymous.k7YPYHbOTJ2MiS6Bt0eXtg-415] o.s.a.r.l.SimpleMessageListenerContainer : Consumer raised exception, processing can restart if the connection factory supports it. Exception summary: org.springframework.amqp.AmqpConnectException: java.net.ConnectException: Connection refused: getsockopt
2025-12-17T00:44:41.491+05:30  INFO 4824 --- [ORDER-SERVICE] [springCloudBus.anonymous.k7YPYHbOTJ2MiS6Bt0eXtg-415] o.s.a.r.l.SimpleMessageListenerContainer : Restarting Consumer@276538a9: tags=[[]], channel=null, acknowledgeMode=AUTO local queue size=0
2025-12-17T00:44:41.493+05:30  INFO 4824 --- [ORDER-SERVICE] [springCloudBus.anonymous.k7YPYHbOTJ2MiS6Bt0eXtg-416] o.s.a.r.c.CachingConnectionFactory       : Attempting to connect to: [localhost:5672]
2025-12-17T00:44:46.565+05:30  WARN 4824 --- [ORDER-SERVICE] [springCloudBus.anonymous.k7YPYHbOTJ2MiS6Bt0eXtg-416] o.s.a.r.l.SimpleMessageListenerContainer : Consumer raised exception, processing can restart if the connection factory supports it. Exception summary: org.springframework.amqp.AmqpConnectException: java.net.ConnectException: Connection refused: getsockopt
2025-12-17T00:44:46.565+05:30  INFO 4824 --- [ORDER-SERVICE] [springCloudBus.anonymous.k7YPYHbOTJ2MiS6Bt0eXtg-416] o.s.a.r.l.SimpleMessageListenerContainer : Restarting Consumer@179cd29f: tags=[[]], channel=null, acknowledgeMode=AUTO local queue size=0
2025-12-17T00:44:46.567+05:30  INFO 4824 --- [ORDER-SERVICE] [springCloudBus.anonymous.k7YPYHbOTJ2MiS6Bt0eXtg-417] o.s.a.r.c.CachingConnectionFactory       : Attempting to connect to: [localhost:5672]
2025-12-17T00:44:51.689+05:30  WARN 4824 --- [ORDER-SERVICE] [springCloudBus.anonymous.k7YPYHbOTJ2MiS6Bt0eXtg-417] o.s.a.r.l.SimpleMessageListenerContainer : Consumer raised exception, processing can restart if the connection factory supports it. Exception summary: org.springframework.amqp.AmqpConnectException: java.net.ConnectException: Connection refused: getsockopt
2025-12-17T00:44:51.689+05:30  INFO 4824 --- [ORDER-SERVICE] [springCloudBus.anonymous.k7YPYHbOTJ2MiS6Bt0eXtg-417] o.s.a.r.l.SimpleMessageListenerContainer : Restarting Consumer@a2ff50f: tags=[[]], channel=null, acknowledgeMode=AUTO local queue size=0
2025-12-17T00:44:51.692+05:30  INFO 4824 --- [ORDER-SERVICE] [springCloudBus.anonymous.k7YPYHbOTJ2MiS6Bt0eXtg-418] o.s.a.r.c.CachingConnectionFactory       : Attempting to connect to: [localhost:5672]
2025-12-17T00:44:56.845+05:30  WARN 4824 --- [ORDER-SERVICE] [springCloudBus.anonymous.k7YPYHbOTJ2MiS6Bt0eXtg-418] o.s.a.r.l.SimpleMessageListenerContainer : Consumer raised exception, processing can restart if the connection factory supports it. Exception summary: org.springframework.amqp.AmqpConnectException: java.net.ConnectException: Connection refused: getsockopt
2025-12-17T00:44:56.846+05:30  INFO 4824 --- [ORDER-SERVICE] [springCloudBus.anonymous.k7YPYHbOTJ2MiS6Bt0eXtg-418] o.s.a.r.l.SimpleMessageListenerContainer : Restarting Consumer@318bddd1: tags=[[]], channel=null, acknowledgeMode=AUTO local queue size=0
2025-12-17T00:44:56.849+05:30  INFO 4824 --- [ORDER-SERVICE] [springCloudBus.anonymous.k7YPYHbOTJ2MiS6Bt0eXtg-419] o.s.a.r.c.CachingConnectionFactory       : Attempting to connect to: [localhost:5672]
2025-12-17T00:45:01.924+05:30  WARN 4824 --- [ORDER-SERVICE] [springCloudBus.anonymous.k7YPYHbOTJ2MiS6Bt0eXtg-419] o.s.a.r.l.SimpleMessageListenerContainer : Consumer raised exception, processing can restart if the connection factory supports it. Exception summary: org.springframework.amqp.AmqpConnectException: java.net.ConnectException: Connection refused: getsockopt
2025-12-17T00:45:01.925+05:30  INFO 4824 --- [ORDER-SERVICE] [springCloudBus.anonymous.k7YPYHbOTJ2MiS6Bt0eXtg-419] o.s.a.r.l.SimpleMessageListenerContainer : Restarting Consumer@694eb777: tags=[[]], channel=null, acknowledgeMode=AUTO local queue size=0
2025-12-17T00:45:01.927+05:30  INFO 4824 --- [ORDER-SERVICE] [springCloudBus.anonymous.k7YPYHbOTJ2MiS6Bt0eXtg-420] o.s.a.r.c.CachingConnectionFactory       : Attempting to connect to: [localhost:5672]
2025-12-17T00:45:07.062+05:30  WARN 4824 --- [ORDER-SERVICE] [springCloudBus.anonymous.k7YPYHbOTJ2MiS6Bt0eXtg-420] o.s.a.r.l.SimpleMessageListenerContainer : Consumer raised exception, processing can restart if the connection factory supports it. Exception summary: org.springframework.amqp.AmqpConnectException: java.net.ConnectException: Connection refused: getsockopt
2025-12-17T00:45:07.064+05:30  INFO 4824 --- [ORDER-SERVICE] [springCloudBus.anonymous.k7YPYHbOTJ2MiS6Bt0eXtg-420] o.s.a.r.l.SimpleMessageListenerContainer : Restarting Consumer@15b67e13: tags=[[]], channel=null, acknowledgeMode=AUTO local queue size=0
2025-12-17T00:45:07.075+05:30  INFO 4824 --- [ORDER-SERVICE] [springCloudBus.anonymous.k7YPYHbOTJ2MiS6Bt0eXtg-421] o.s.a.r.c.CachingConnectionFactory       : Attempting to connect to: [localhost:5672]
2025-12-17T00:45:12.232+05:30  WARN 4824 --- [ORDER-SERVICE] [springCloudBus.anonymous.k7YPYHbOTJ2MiS6Bt0eXtg-421] o.s.a.r.l.SimpleMessageListenerContainer : Consumer raised exception, processing can restart if the connection factory supports it. Exception summary: org.springframework.amqp.AmqpConnectException: java.net.ConnectException: Connection refused: getsockopt
2025-12-17T00:45:12.232+05:30  INFO 4824 --- [ORDER-SERVICE] [springCloudBus.anonymous.k7YPYHbOTJ2MiS6Bt0eXtg-421] o.s.a.r.l.SimpleMessageListenerContainer : Restarting Consumer@49f19b50: tags=[[]], channel=null, acknowledgeMode=AUTO local queue size=0
2025-12-17T00:45:12.234+05:30  INFO 4824 --- [ORDER-SERVICE] [springCloudBus.anonymous.k7YPYHbOTJ2MiS6Bt0eXtg-422] o.s.a.r.c.CachingConnectionFactory       : Attempting to connect to: [localhost:5672]
2025-12-17T00:45:17.420+05:30  WARN 4824 --- [ORDER-SERVICE] [springCloudBus.anonymous.k7YPYHbOTJ2MiS6Bt0eXtg-422] o.s.a.r.l.SimpleMessageListenerContainer : Consumer raised exception, processing can restart if the connection factory supports it. Exception summary: org.springframework.amqp.AmqpConnectException: java.net.ConnectException: Connection refused: getsockopt
2025-12-17T00:45:17.424+05:30  INFO 4824 --- [ORDER-SERVICE] [springCloudBus.anonymous.k7YPYHbOTJ2MiS6Bt0eXtg-422] o.s.a.r.l.SimpleMessageListenerContainer : Restarting Consumer@4cf32891: tags=[[]], channel=null, acknowledgeMode=AUTO local queue size=0
2025-12-17T00:45:17.428+05:30  INFO 4824 --- [ORDER-SERVICE] [springCloudBus.anonymous.k7YPYHbOTJ2MiS6Bt0eXtg-423] o.s.a.r.c.CachingConnectionFactory       : Attempting to connect to: [localhost:5672]
2025-12-17T00:45:22.570+05:30  WARN 4824 --- [ORDER-SERVICE] [springCloudBus.anonymous.k7YPYHbOTJ2MiS6Bt0eXtg-423] o.s.a.r.l.SimpleMessageListenerContainer : Consumer raised exception, processing can restart if the connection factory supports it. Exception summary: org.springframework.amqp.AmqpConnectException: java.net.ConnectException: Connection refused: getsockopt
2025-12-17T00:45:22.571+05:30  INFO 4824 --- [ORDER-SERVICE] [springCloudBus.anonymous.k7YPYHbOTJ2MiS6Bt0eXtg-423] o.s.a.r.l.SimpleMessageListenerContainer : Restarting Consumer@16fbfa07: tags=[[]], channel=null, acknowledgeMode=AUTO local queue size=0
2025-12-17T00:45:22.577+05:30  INFO 4824 --- [ORDER-SERVICE] [springCloudBus.anonymous.k7YPYHbOTJ2MiS6Bt0eXtg-424] o.s.a.r.c.CachingConnectionFactory       : Attempting to connect to: [localhost:5672]
2025-12-17T00:45:27.750+05:30  WARN 4824 --- [ORDER-SERVICE] [springCloudBus.anonymous.k7YPYHbOTJ2MiS6Bt0eXtg-424] o.s.a.r.l.SimpleMessageListenerContainer : Consumer raised exception, processing can restart if the connection factory supports it. Exception summary: org.springframework.amqp.AmqpConnectException: java.net.ConnectException: Connection refused: getsockopt
2025-12-17T00:45:27.751+05:30  INFO 4824 --- [ORDER-SERVICE] [springCloudBus.anonymous.k7YPYHbOTJ2MiS6Bt0eXtg-424] o.s.a.r.l.SimpleMessageListenerContainer : Restarting Consumer@150300c1: tags=[[]], channel=null, acknowledgeMode=AUTO local queue size=0
2025-12-17T00:45:27.753+05:30  INFO 4824 --- [ORDER-SERVICE] [springCloudBus.anonymous.k7YPYHbOTJ2MiS6Bt0eXtg-425] o.s.a.r.c.CachingConnectionFactory       : Attempting to connect to: [localhost:5672]
2025-12-17T00:45:32.848+05:30  WARN 4824 --- [ORDER-SERVICE] [springCloudBus.anonymous.k7YPYHbOTJ2MiS6Bt0eXtg-425] o.s.a.r.l.SimpleMessageListenerContainer : Consumer raised exception, processing can restart if the connection factory supports it. Exception summary: org.springframework.amqp.AmqpConnectException: java.net.ConnectException: Connection refused: getsockopt
2025-12-17T00:45:32.849+05:30  INFO 4824 --- [ORDER-SERVICE] [springCloudBus.anonymous.k7YPYHbOTJ2MiS6Bt0eXtg-425] o.s.a.r.l.SimpleMessageListenerContainer : Restarting Consumer@476b51b7: tags=[[]], channel=null, acknowledgeMode=AUTO local queue size=0
2025-12-17T00:45:32.854+05:30  INFO 4824 --- [ORDER-SERVICE] [springCloudBus.anonymous.k7YPYHbOTJ2MiS6Bt0eXtg-426] o.s.a.r.c.CachingConnectionFactory       : Attempting to connect to: [localhost:5672]
2025-12-17T00:45:37.969+05:30  WARN 4824 --- [ORDER-SERVICE] [springCloudBus.anonymous.k7YPYHbOTJ2MiS6Bt0eXtg-426] o.s.a.r.l.SimpleMessageListenerContainer : Consumer raised exception, processing can restart if the connection factory supports it. Exception summary: org.springframework.amqp.AmqpConnectException: java.net.ConnectException: Connection refused: getsockopt
2025-12-17T00:45:37.970+05:30  INFO 4824 --- [ORDER-SERVICE] [springCloudBus.anonymous.k7YPYHbOTJ2MiS6Bt0eXtg-426] o.s.a.r.l.SimpleMessageListenerContainer : Restarting Consumer@67c9ebc8: tags=[[]], channel=null, acknowledgeMode=AUTO local queue size=0
2025-12-17T00:45:37.975+05:30  INFO 4824 --- [ORDER-SERVICE] [springCloudBus.anonymous.k7YPYHbOTJ2MiS6Bt0eXtg-427] o.s.a.r.c.CachingConnectionFactory       : Attempting to connect to: [localhost:5672]
2025-12-17T00:45:43.112+05:30  WARN 4824 --- [ORDER-SERVICE] [springCloudBus.anonymous.k7YPYHbOTJ2MiS6Bt0eXtg-427] o.s.a.r.l.SimpleMessageListenerContainer : Consumer raised exception, processing can restart if the connection factory supports it. Exception summary: org.springframework.amqp.AmqpConnectException: java.net.ConnectException: Connection refused: getsockopt
2025-12-17T00:45:43.112+05:30  INFO 4824 --- [ORDER-SERVICE] [springCloudBus.anonymous.k7YPYHbOTJ2MiS6Bt0eXtg-427] o.s.a.r.l.SimpleMessageListenerContainer : Restarting Consumer@c212601: tags=[[]], channel=null, acknowledgeMode=AUTO local queue size=0
2025-12-17T00:45:43.116+05:30  INFO 4824 --- [ORDER-SERVICE] [springCloudBus.anonymous.k7YPYHbOTJ2MiS6Bt0eXtg-428] o.s.a.r.c.CachingConnectionFactory       : Attempting to connect to: [localhost:5672]
2025-12-17T00:45:48.237+05:30  WARN 4824 --- [ORDER-SERVICE] [springCloudBus.anonymous.k7YPYHbOTJ2MiS6Bt0eXtg-428] o.s.a.r.l.SimpleMessageListenerContainer : Consumer raised exception, processing can restart if the connection factory supports it. Exception summary: org.springframework.amqp.AmqpConnectException: java.net.ConnectException: Connection refused: getsockopt
2025-12-17T00:45:48.237+05:30  INFO 4824 --- [ORDER-SERVICE] [springCloudBus.anonymous.k7YPYHbOTJ2MiS6Bt0eXtg-428] o.s.a.r.l.SimpleMessageListenerContainer : Restarting Consumer@47229da3: tags=[[]], channel=null, acknowledgeMode=AUTO local queue size=0
2025-12-17T00:45:48.241+05:30  INFO 4824 --- [ORDER-SERVICE] [springCloudBus.anonymous.k7YPYHbOTJ2MiS6Bt0eXtg-429] o.s.a.r.c.CachingConnectionFactory       : Attempting to connect to: [localhost:5672]
2025-12-17T00:45:53.372+05:30  WARN 4824 --- [ORDER-SERVICE] [springCloudBus.anonymous.k7YPYHbOTJ2MiS6Bt0eXtg-429] o.s.a.r.l.SimpleMessageListenerContainer : Consumer raised exception, processing can restart if the connection factory supports it. Exception summary: org.springframework.amqp.AmqpConnectException: java.net.ConnectException: Connection refused: getsockopt
2025-12-17T00:45:53.373+05:30  INFO 4824 --- [ORDER-SERVICE] [springCloudBus.anonymous.k7YPYHbOTJ2MiS6Bt0eXtg-429] o.s.a.r.l.SimpleMessageListenerContainer : Restarting Consumer@480a89ef: tags=[[]], channel=null, acknowledgeMode=AUTO local queue size=0
2025-12-17T00:45:53.379+05:30  INFO 4824 --- [ORDER-SERVICE] [springCloudBus.anonymous.k7YPYHbOTJ2MiS6Bt0eXtg-430] o.s.a.r.c.CachingConnectionFactory       : Attempting to connect to: [localhost:5672]
2025-12-17T00:45:58.520+05:30  WARN 4824 --- [ORDER-SERVICE] [springCloudBus.anonymous.k7YPYHbOTJ2MiS6Bt0eXtg-430] o.s.a.r.l.SimpleMessageListenerContainer : Consumer raised exception, processing can restart if the connection factory supports it. Exception summary: org.springframework.amqp.AmqpConnectException: java.net.ConnectException: Connection refused: getsockopt
2025-12-17T00:45:58.520+05:30  INFO 4824 --- [ORDER-SERVICE] [springCloudBus.anonymous.k7YPYHbOTJ2MiS6Bt0eXtg-430] o.s.a.r.l.SimpleMessageListenerContainer : Restarting Consumer@39c5541b: tags=[[]], channel=null, acknowledgeMode=AUTO local queue size=0
2025-12-17T00:45:58.523+05:30  INFO 4824 --- [ORDER-SERVICE] [springCloudBus.anonymous.k7YPYHbOTJ2MiS6Bt0eXtg-431] o.s.a.r.c.CachingConnectionFactory       : Attempting to connect to: [localhost:5672]
2025-12-17T00:46:03.701+05:30  WARN 4824 --- [ORDER-SERVICE] [springCloudBus.anonymous.k7YPYHbOTJ2MiS6Bt0eXtg-431] o.s.a.r.l.SimpleMessageListenerContainer : Consumer raised exception, processing can restart if the connection factory supports it. Exception summary: org.springframework.amqp.AmqpConnectException: java.net.ConnectException: Connection refused: getsockopt
2025-12-17T00:46:03.701+05:30  INFO 4824 --- [ORDER-SERVICE] [springCloudBus.anonymous.k7YPYHbOTJ2MiS6Bt0eXtg-431] o.s.a.r.l.SimpleMessageListenerContainer : Restarting Consumer@795f3618: tags=[[]], channel=null, acknowledgeMode=AUTO local queue size=0
2025-12-17T00:46:03.704+05:30  INFO 4824 --- [ORDER-SERVICE] [springCloudBus.anonymous.k7YPYHbOTJ2MiS6Bt0eXtg-432] o.s.a.r.c.CachingConnectionFactory       : Attempting to connect to: [localhost:5672]
2025-12-17T00:46:08.810+05:30  WARN 4824 --- [ORDER-SERVICE] [springCloudBus.anonymous.k7YPYHbOTJ2MiS6Bt0eXtg-432] o.s.a.r.l.SimpleMessageListenerContainer : Consumer raised exception, processing can restart if the connection factory supports it. Exception summary: org.springframework.amqp.AmqpConnectException: java.net.ConnectException: Connection refused: getsockopt
2025-12-17T00:46:08.811+05:30  INFO 4824 --- [ORDER-SERVICE] [springCloudBus.anonymous.k7YPYHbOTJ2MiS6Bt0eXtg-432] o.s.a.r.l.SimpleMessageListenerContainer : Restarting Consumer@14192467: tags=[[]], channel=null, acknowledgeMode=AUTO local queue size=0
2025-12-17T00:46:08.814+05:30  INFO 4824 --- [ORDER-SERVICE] [springCloudBus.anonymous.k7YPYHbOTJ2MiS6Bt0eXtg-433] o.s.a.r.c.CachingConnectionFactory       : Attempting to connect to: [localhost:5672]
2025-12-17T00:46:13.908+05:30  WARN 4824 --- [ORDER-SERVICE] [springCloudBus.anonymous.k7YPYHbOTJ2MiS6Bt0eXtg-433] o.s.a.r.l.SimpleMessageListenerContainer : Consumer raised exception, processing can restart if the connection factory supports it. Exception summary: org.springframework.amqp.AmqpConnectException: java.net.ConnectException: Connection refused: getsockopt
2025-12-17T00:46:13.909+05:30  INFO 4824 --- [ORDER-SERVICE] [springCloudBus.anonymous.k7YPYHbOTJ2MiS6Bt0eXtg-433] o.s.a.r.l.SimpleMessageListenerContainer : Restarting Consumer@652e3a2a: tags=[[]], channel=null, acknowledgeMode=AUTO local queue size=0
2025-12-17T00:46:13.920+05:30  INFO 4824 --- [ORDER-SERVICE] [springCloudBus.anonymous.k7YPYHbOTJ2MiS6Bt0eXtg-434] o.s.a.r.c.CachingConnectionFactory       : Attempting to connect to: [localhost:5672]
2025-12-17T00:46:19.039+05:30  WARN 4824 --- [ORDER-SERVICE] [springCloudBus.anonymous.k7YPYHbOTJ2MiS6Bt0eXtg-434] o.s.a.r.l.SimpleMessageListenerContainer : Consumer raised exception, processing can restart if the connection factory supports it. Exception summary: org.springframework.amqp.AmqpConnectException: java.net.ConnectException: Connection refused: getsockopt
2025-12-17T00:46:19.039+05:30  INFO 4824 --- [ORDER-SERVICE] [springCloudBus.anonymous.k7YPYHbOTJ2MiS6Bt0eXtg-434] o.s.a.r.l.SimpleMessageListenerContainer : Restarting Consumer@5ed0cb5d: tags=[[]], channel=null, acknowledgeMode=AUTO local queue size=0
2025-12-17T00:46:19.043+05:30  INFO 4824 --- [ORDER-SERVICE] [springCloudBus.anonymous.k7YPYHbOTJ2MiS6Bt0eXtg-435] o.s.a.r.c.CachingConnectionFactory       : Attempting to connect to: [localhost:5672]
2025-12-17T00:46:24.167+05:30  WARN 4824 --- [ORDER-SERVICE] [springCloudBus.anonymous.k7YPYHbOTJ2MiS6Bt0eXtg-435] o.s.a.r.l.SimpleMessageListenerContainer : Consumer raised exception, processing can restart if the connection factory supports it. Exception summary: org.springframework.amqp.AmqpConnectException: java.net.ConnectException: Connection refused: getsockopt
2025-12-17T00:46:24.167+05:30  INFO 4824 --- [ORDER-SERVICE] [springCloudBus.anonymous.k7YPYHbOTJ2MiS6Bt0eXtg-435] o.s.a.r.l.SimpleMessageListenerContainer : Restarting Consumer@4902e87e: tags=[[]], channel=null, acknowledgeMode=AUTO local queue size=0
2025-12-17T00:46:24.170+05:30  INFO 4824 --- [ORDER-SERVICE] [springCloudBus.anonymous.k7YPYHbOTJ2MiS6Bt0eXtg-436] o.s.a.r.c.CachingConnectionFactory       : Attempting to connect to: [localhost:5672]
2025-12-17T00:46:29.297+05:30  WARN 4824 --- [ORDER-SERVICE] [springCloudBus.anonymous.k7YPYHbOTJ2MiS6Bt0eXtg-436] o.s.a.r.l.SimpleMessageListenerContainer : Consumer raised exception, processing can restart if the connection factory supports it. Exception summary: org.springframework.amqp.AmqpConnectException: java.net.ConnectException: Connection refused: getsockopt
2025-12-17T00:46:29.297+05:30  INFO 4824 --- [ORDER-SERVICE] [springCloudBus.anonymous.k7YPYHbOTJ2MiS6Bt0eXtg-436] o.s.a.r.l.SimpleMessageListenerContainer : Restarting Consumer@7732f089: tags=[[]], channel=null, acknowledgeMode=AUTO local queue size=0
2025-12-17T00:46:29.300+05:30  INFO 4824 --- [ORDER-SERVICE] [springCloudBus.anonymous.k7YPYHbOTJ2MiS6Bt0eXtg-437] o.s.a.r.c.CachingConnectionFactory       : Attempting to connect to: [localhost:5672]
2025-12-17T00:46:34.418+05:30  WARN 4824 --- [ORDER-SERVICE] [springCloudBus.anonymous.k7YPYHbOTJ2MiS6Bt0eXtg-437] o.s.a.r.l.SimpleMessageListenerContainer : Consumer raised exception, processing can restart if the connection factory supports it. Exception summary: org.springframework.amqp.AmqpConnectException: java.net.ConnectException: Connection refused: getsockopt
2025-12-17T00:46:34.418+05:30  INFO 4824 --- [ORDER-SERVICE] [springCloudBus.anonymous.k7YPYHbOTJ2MiS6Bt0eXtg-437] o.s.a.r.l.SimpleMessageListenerContainer : Restarting Consumer@54831f87: tags=[[]], channel=null, acknowledgeMode=AUTO local queue size=0
2025-12-17T00:46:34.420+05:30  INFO 4824 --- [ORDER-SERVICE] [springCloudBus.anonymous.k7YPYHbOTJ2MiS6Bt0eXtg-438] o.s.a.r.c.CachingConnectionFactory       : Attempting to connect to: [localhost:5672]
2025-12-17T00:46:39.539+05:30  WARN 4824 --- [ORDER-SERVICE] [springCloudBus.anonymous.k7YPYHbOTJ2MiS6Bt0eXtg-438] o.s.a.r.l.SimpleMessageListenerContainer : Consumer raised exception, processing can restart if the connection factory supports it. Exception summary: org.springframework.amqp.AmqpConnectException: java.net.ConnectException: Connection refused: getsockopt
2025-12-17T00:46:39.539+05:30  INFO 4824 --- [ORDER-SERVICE] [springCloudBus.anonymous.k7YPYHbOTJ2MiS6Bt0eXtg-438] o.s.a.r.l.SimpleMessageListenerContainer : Restarting Consumer@5a47564b: tags=[[]], channel=null, acknowledgeMode=AUTO local queue size=0
2025-12-17T00:46:39.541+05:30  INFO 4824 --- [ORDER-SERVICE] [springCloudBus.anonymous.k7YPYHbOTJ2MiS6Bt0eXtg-439] o.s.a.r.c.CachingConnectionFactory       : Attempting to connect to: [localhost:5672]
2025-12-17T00:46:44.744+05:30  WARN 4824 --- [ORDER-SERVICE] [springCloudBus.anonymous.k7YPYHbOTJ2MiS6Bt0eXtg-439] o.s.a.r.l.SimpleMessageListenerContainer : Consumer raised exception, processing can restart if the connection factory supports it. Exception summary: org.springframework.amqp.AmqpConnectException: java.net.ConnectException: Connection refused: getsockopt
2025-12-17T00:46:44.744+05:30  INFO 4824 --- [ORDER-SERVICE] [springCloudBus.anonymous.k7YPYHbOTJ2MiS6Bt0eXtg-439] o.s.a.r.l.SimpleMessageListenerContainer : Restarting Consumer@20f20d16: tags=[[]], channel=null, acknowledgeMode=AUTO local queue size=0
2025-12-17T00:46:44.748+05:30  INFO 4824 --- [ORDER-SERVICE] [springCloudBus.anonymous.k7YPYHbOTJ2MiS6Bt0eXtg-440] o.s.a.r.c.CachingConnectionFactory       : Attempting to connect to: [localhost:5672]
2025-12-17T00:46:49.856+05:30  WARN 4824 --- [ORDER-SERVICE] [springCloudBus.anonymous.k7YPYHbOTJ2MiS6Bt0eXtg-440] o.s.a.r.l.SimpleMessageListenerContainer : Consumer raised exception, processing can restart if the connection factory supports it. Exception summary: org.springframework.amqp.AmqpConnectException: java.net.ConnectException: Connection refused: getsockopt
2025-12-17T00:46:49.857+05:30  INFO 4824 --- [ORDER-SERVICE] [springCloudBus.anonymous.k7YPYHbOTJ2MiS6Bt0eXtg-440] o.s.a.r.l.SimpleMessageListenerContainer : Restarting Consumer@44ad04aa: tags=[[]], channel=null, acknowledgeMode=AUTO local queue size=0
2025-12-17T00:46:49.859+05:30  INFO 4824 --- [ORDER-SERVICE] [springCloudBus.anonymous.k7YPYHbOTJ2MiS6Bt0eXtg-441] o.s.a.r.c.CachingConnectionFactory       : Attempting to connect to: [localhost:5672]
2025-12-17T00:46:55.013+05:30  WARN 4824 --- [ORDER-SERVICE] [springCloudBus.anonymous.k7YPYHbOTJ2MiS6Bt0eXtg-441] o.s.a.r.l.SimpleMessageListenerContainer : Consumer raised exception, processing can restart if the connection factory supports it. Exception summary: org.springframework.amqp.AmqpConnectException: java.net.ConnectException: Connection refused: getsockopt
2025-12-17T00:46:55.013+05:30  INFO 4824 --- [ORDER-SERVICE] [springCloudBus.anonymous.k7YPYHbOTJ2MiS6Bt0eXtg-441] o.s.a.r.l.SimpleMessageListenerContainer : Restarting Consumer@61b5d733: tags=[[]], channel=null, acknowledgeMode=AUTO local queue size=0
2025-12-17T00:46:55.016+05:30  INFO 4824 --- [ORDER-SERVICE] [springCloudBus.anonymous.k7YPYHbOTJ2MiS6Bt0eXtg-442] o.s.a.r.c.CachingConnectionFactory       : Attempting to connect to: [localhost:5672]
2025-12-17T00:47:00.135+05:30  WARN 4824 --- [ORDER-SERVICE] [springCloudBus.anonymous.k7YPYHbOTJ2MiS6Bt0eXtg-442] o.s.a.r.l.SimpleMessageListenerContainer : Consumer raised exception, processing can restart if the connection factory supports it. Exception summary: org.springframework.amqp.AmqpConnectException: java.net.ConnectException: Connection refused: getsockopt
2025-12-17T00:47:00.135+05:30  INFO 4824 --- [ORDER-SERVICE] [springCloudBus.anonymous.k7YPYHbOTJ2MiS6Bt0eXtg-442] o.s.a.r.l.SimpleMessageListenerContainer : Restarting Consumer@2dc7980a: tags=[[]], channel=null, acknowledgeMode=AUTO local queue size=0
2025-12-17T00:47:00.139+05:30  INFO 4824 --- [ORDER-SERVICE] [springCloudBus.anonymous.k7YPYHbOTJ2MiS6Bt0eXtg-443] o.s.a.r.c.CachingConnectionFactory       : Attempting to connect to: [localhost:5672]
2025-12-17T00:47:05.265+05:30  WARN 4824 --- [ORDER-SERVICE] [springCloudBus.anonymous.k7YPYHbOTJ2MiS6Bt0eXtg-443] o.s.a.r.l.SimpleMessageListenerContainer : Consumer raised exception, processing can restart if the connection factory supports it. Exception summary: org.springframework.amqp.AmqpConnectException: java.net.ConnectException: Connection refused: getsockopt
2025-12-17T00:47:05.266+05:30  INFO 4824 --- [ORDER-SERVICE] [springCloudBus.anonymous.k7YPYHbOTJ2MiS6Bt0eXtg-443] o.s.a.r.l.SimpleMessageListenerContainer : Restarting Consumer@31a28123: tags=[[]], channel=null, acknowledgeMode=AUTO local queue size=0
2025-12-17T00:47:05.269+05:30  INFO 4824 --- [ORDER-SERVICE] [springCloudBus.anonymous.k7YPYHbOTJ2MiS6Bt0eXtg-444] o.s.a.r.c.CachingConnectionFactory       : Attempting to connect to: [localhost:5672]
2025-12-17T00:47:10.480+05:30  WARN 4824 --- [ORDER-SERVICE] [springCloudBus.anonymous.k7YPYHbOTJ2MiS6Bt0eXtg-444] o.s.a.r.l.SimpleMessageListenerContainer : Consumer raised exception, processing can restart if the connection factory supports it. Exception summary: org.springframework.amqp.AmqpConnectException: java.net.ConnectException: Connection refused: getsockopt
2025-12-17T00:47:10.481+05:30  INFO 4824 --- [ORDER-SERVICE] [springCloudBus.anonymous.k7YPYHbOTJ2MiS6Bt0eXtg-444] o.s.a.r.l.SimpleMessageListenerContainer : Restarting Consumer@6b841510: tags=[[]], channel=null, acknowledgeMode=AUTO local queue size=0
2025-12-17T00:47:10.483+05:30  INFO 4824 --- [ORDER-SERVICE] [springCloudBus.anonymous.k7YPYHbOTJ2MiS6Bt0eXtg-445] o.s.a.r.c.CachingConnectionFactory       : Attempting to connect to: [localhost:5672]
2025-12-17T00:47:15.668+05:30  WARN 4824 --- [ORDER-SERVICE] [springCloudBus.anonymous.k7YPYHbOTJ2MiS6Bt0eXtg-445] o.s.a.r.l.SimpleMessageListenerContainer : Consumer raised exception, processing can restart if the connection factory supports it. Exception summary: org.springframework.amqp.AmqpConnectException: java.net.ConnectException: Connection refused: getsockopt
2025-12-17T00:47:15.669+05:30  INFO 4824 --- [ORDER-SERVICE] [springCloudBus.anonymous.k7YPYHbOTJ2MiS6Bt0eXtg-445] o.s.a.r.l.SimpleMessageListenerContainer : Restarting Consumer@3d4017d4: tags=[[]], channel=null, acknowledgeMode=AUTO local queue size=0
2025-12-17T00:47:15.672+05:30  INFO 4824 --- [ORDER-SERVICE] [springCloudBus.anonymous.k7YPYHbOTJ2MiS6Bt0eXtg-446] o.s.a.r.c.CachingConnectionFactory       : Attempting to connect to: [localhost:5672]
2025-12-17T00:47:20.744+05:30  WARN 4824 --- [ORDER-SERVICE] [springCloudBus.anonymous.k7YPYHbOTJ2MiS6Bt0eXtg-446] o.s.a.r.l.SimpleMessageListenerContainer : Consumer raised exception, processing can restart if the connection factory supports it. Exception summary: org.springframework.amqp.AmqpConnectException: java.net.ConnectException: Connection refused: getsockopt
2025-12-17T00:47:20.745+05:30  INFO 4824 --- [ORDER-SERVICE] [springCloudBus.anonymous.k7YPYHbOTJ2MiS6Bt0eXtg-446] o.s.a.r.l.SimpleMessageListenerContainer : Restarting Consumer@2a486f3b: tags=[[]], channel=null, acknowledgeMode=AUTO local queue size=0
2025-12-17T00:47:20.749+05:30  INFO 4824 --- [ORDER-SERVICE] [springCloudBus.anonymous.k7YPYHbOTJ2MiS6Bt0eXtg-447] o.s.a.r.c.CachingConnectionFactory       : Attempting to connect to: [localhost:5672]
2025-12-17T00:47:25.892+05:30  WARN 4824 --- [ORDER-SERVICE] [springCloudBus.anonymous.k7YPYHbOTJ2MiS6Bt0eXtg-447] o.s.a.r.l.SimpleMessageListenerContainer : Consumer raised exception, processing can restart if the connection factory supports it. Exception summary: org.springframework.amqp.AmqpConnectException: java.net.ConnectException: Connection refused: getsockopt
2025-12-17T00:47:25.892+05:30  INFO 4824 --- [ORDER-SERVICE] [springCloudBus.anonymous.k7YPYHbOTJ2MiS6Bt0eXtg-447] o.s.a.r.l.SimpleMessageListenerContainer : Restarting Consumer@10ec7e43: tags=[[]], channel=null, acknowledgeMode=AUTO local queue size=0
2025-12-17T00:47:25.895+05:30  INFO 4824 --- [ORDER-SERVICE] [springCloudBus.anonymous.k7YPYHbOTJ2MiS6Bt0eXtg-448] o.s.a.r.c.CachingConnectionFactory       : Attempting to connect to: [localhost:5672]
2025-12-17T00:47:30.982+05:30  WARN 4824 --- [ORDER-SERVICE] [springCloudBus.anonymous.k7YPYHbOTJ2MiS6Bt0eXtg-448] o.s.a.r.l.SimpleMessageListenerContainer : Consumer raised exception, processing can restart if the connection factory supports it. Exception summary: org.springframework.amqp.AmqpConnectException: java.net.ConnectException: Connection refused: getsockopt
2025-12-17T00:47:30.982+05:30  INFO 4824 --- [ORDER-SERVICE] [springCloudBus.anonymous.k7YPYHbOTJ2MiS6Bt0eXtg-448] o.s.a.r.l.SimpleMessageListenerContainer : Restarting Consumer@1acfe959: tags=[[]], channel=null, acknowledgeMode=AUTO local queue size=0
2025-12-17T00:47:30.985+05:30  INFO 4824 --- [ORDER-SERVICE] [springCloudBus.anonymous.k7YPYHbOTJ2MiS6Bt0eXtg-449] o.s.a.r.c.CachingConnectionFactory       : Attempting to connect to: [localhost:5672]
2025-12-17T00:47:36.083+05:30  WARN 4824 --- [ORDER-SERVICE] [springCloudBus.anonymous.k7YPYHbOTJ2MiS6Bt0eXtg-449] o.s.a.r.l.SimpleMessageListenerContainer : Consumer raised exception, processing can restart if the connection factory supports it. Exception summary: org.springframework.amqp.AmqpConnectException: java.net.ConnectException: Connection refused: getsockopt
2025-12-17T00:47:36.083+05:30  INFO 4824 --- [ORDER-SERVICE] [springCloudBus.anonymous.k7YPYHbOTJ2MiS6Bt0eXtg-449] o.s.a.r.l.SimpleMessageListenerContainer : Restarting Consumer@7c6ab265: tags=[[]], channel=null, acknowledgeMode=AUTO local queue size=0
2025-12-17T00:47:36.085+05:30  INFO 4824 --- [ORDER-SERVICE] [springCloudBus.anonymous.k7YPYHbOTJ2MiS6Bt0eXtg-450] o.s.a.r.c.CachingConnectionFactory       : Attempting to connect to: [localhost:5672]
2025-12-17T00:47:41.209+05:30  WARN 4824 --- [ORDER-SERVICE] [springCloudBus.anonymous.k7YPYHbOTJ2MiS6Bt0eXtg-450] o.s.a.r.l.SimpleMessageListenerContainer : Consumer raised exception, processing can restart if the connection factory supports it. Exception summary: org.springframework.amqp.AmqpConnectException: java.net.ConnectException: Connection refused: getsockopt
2025-12-17T00:47:41.209+05:30  INFO 4824 --- [ORDER-SERVICE] [springCloudBus.anonymous.k7YPYHbOTJ2MiS6Bt0eXtg-450] o.s.a.r.l.SimpleMessageListenerContainer : Restarting Consumer@2c61be5f: tags=[[]], channel=null, acknowledgeMode=AUTO local queue size=0
2025-12-17T00:47:41.213+05:30  INFO 4824 --- [ORDER-SERVICE] [springCloudBus.anonymous.k7YPYHbOTJ2MiS6Bt0eXtg-451] o.s.a.r.c.CachingConnectionFactory       : Attempting to connect to: [localhost:5672]
2025-12-17T00:47:46.335+05:30  WARN 4824 --- [ORDER-SERVICE] [springCloudBus.anonymous.k7YPYHbOTJ2MiS6Bt0eXtg-451] o.s.a.r.l.SimpleMessageListenerContainer : Consumer raised exception, processing can restart if the connection factory supports it. Exception summary: org.springframework.amqp.AmqpConnectException: java.net.ConnectException: Connection refused: getsockopt
2025-12-17T00:47:46.336+05:30  INFO 4824 --- [ORDER-SERVICE] [springCloudBus.anonymous.k7YPYHbOTJ2MiS6Bt0eXtg-451] o.s.a.r.l.SimpleMessageListenerContainer : Restarting Consumer@1c95c86c: tags=[[]], channel=null, acknowledgeMode=AUTO local queue size=0
2025-12-17T00:47:46.340+05:30  INFO 4824 --- [ORDER-SERVICE] [springCloudBus.anonymous.k7YPYHbOTJ2MiS6Bt0eXtg-452] o.s.a.r.c.CachingConnectionFactory       : Attempting to connect to: [localhost:5672]
2025-12-17T00:47:51.468+05:30  WARN 4824 --- [ORDER-SERVICE] [springCloudBus.anonymous.k7YPYHbOTJ2MiS6Bt0eXtg-452] o.s.a.r.l.SimpleMessageListenerContainer : Consumer raised exception, processing can restart if the connection factory supports it. Exception summary: org.springframework.amqp.AmqpConnectException: java.net.ConnectException: Connection refused: getsockopt
2025-12-17T00:47:51.468+05:30  INFO 4824 --- [ORDER-SERVICE] [springCloudBus.anonymous.k7YPYHbOTJ2MiS6Bt0eXtg-452] o.s.a.r.l.SimpleMessageListenerContainer : Restarting Consumer@3f53a4f6: tags=[[]], channel=null, acknowledgeMode=AUTO local queue size=0
2025-12-17T00:47:51.473+05:30  INFO 4824 --- [ORDER-SERVICE] [springCloudBus.anonymous.k7YPYHbOTJ2MiS6Bt0eXtg-453] o.s.a.r.c.CachingConnectionFactory       : Attempting to connect to: [localhost:5672]
2025-12-17T00:47:56.620+05:30  WARN 4824 --- [ORDER-SERVICE] [springCloudBus.anonymous.k7YPYHbOTJ2MiS6Bt0eXtg-453] o.s.a.r.l.SimpleMessageListenerContainer : Consumer raised exception, processing can restart if the connection factory supports it. Exception summary: org.springframework.amqp.AmqpConnectException: java.net.ConnectException: Connection refused: getsockopt
2025-12-17T00:47:56.620+05:30  INFO 4824 --- [ORDER-SERVICE] [springCloudBus.anonymous.k7YPYHbOTJ2MiS6Bt0eXtg-453] o.s.a.r.l.SimpleMessageListenerContainer : Restarting Consumer@607c8d14: tags=[[]], channel=null, acknowledgeMode=AUTO local queue size=0
2025-12-17T00:47:56.627+05:30  INFO 4824 --- [ORDER-SERVICE] [springCloudBus.anonymous.k7YPYHbOTJ2MiS6Bt0eXtg-454] o.s.a.r.c.CachingConnectionFactory       : Attempting to connect to: [localhost:5672]
2025-12-17T00:48:01.739+05:30  WARN 4824 --- [ORDER-SERVICE] [springCloudBus.anonymous.k7YPYHbOTJ2MiS6Bt0eXtg-454] o.s.a.r.l.SimpleMessageListenerContainer : Consumer raised exception, processing can restart if the connection factory supports it. Exception summary: org.springframework.amqp.AmqpConnectException: java.net.ConnectException: Connection refused: getsockopt
2025-12-17T00:48:01.739+05:30  INFO 4824 --- [ORDER-SERVICE] [springCloudBus.anonymous.k7YPYHbOTJ2MiS6Bt0eXtg-454] o.s.a.r.l.SimpleMessageListenerContainer : Restarting Consumer@7d74126: tags=[[]], channel=null, acknowledgeMode=AUTO local queue size=0
2025-12-17T00:48:01.743+05:30  INFO 4824 --- [ORDER-SERVICE] [springCloudBus.anonymous.k7YPYHbOTJ2MiS6Bt0eXtg-455] o.s.a.r.c.CachingConnectionFactory       : Attempting to connect to: [localhost:5672]
2025-12-17T00:48:06.856+05:30  WARN 4824 --- [ORDER-SERVICE] [springCloudBus.anonymous.k7YPYHbOTJ2MiS6Bt0eXtg-455] o.s.a.r.l.SimpleMessageListenerContainer : Consumer raised exception, processing can restart if the connection factory supports it. Exception summary: org.springframework.amqp.AmqpConnectException: java.net.ConnectException: Connection refused: getsockopt
2025-12-17T00:48:06.856+05:30  INFO 4824 --- [ORDER-SERVICE] [springCloudBus.anonymous.k7YPYHbOTJ2MiS6Bt0eXtg-455] o.s.a.r.l.SimpleMessageListenerContainer : Restarting Consumer@7123886a: tags=[[]], channel=null, acknowledgeMode=AUTO local queue size=0
2025-12-17T00:48:06.859+05:30  INFO 4824 --- [ORDER-SERVICE] [springCloudBus.anonymous.k7YPYHbOTJ2MiS6Bt0eXtg-456] o.s.a.r.c.CachingConnectionFactory       : Attempting to connect to: [localhost:5672]
2025-12-17T00:48:12.094+05:30  WARN 4824 --- [ORDER-SERVICE] [springCloudBus.anonymous.k7YPYHbOTJ2MiS6Bt0eXtg-456] o.s.a.r.l.SimpleMessageListenerContainer : Consumer raised exception, processing can restart if the connection factory supports it. Exception summary: org.springframework.amqp.AmqpConnectException: java.net.ConnectException: Connection refused: getsockopt
2025-12-17T00:48:12.095+05:30  INFO 4824 --- [ORDER-SERVICE] [springCloudBus.anonymous.k7YPYHbOTJ2MiS6Bt0eXtg-456] o.s.a.r.l.SimpleMessageListenerContainer : Restarting Consumer@3c239cf5: tags=[[]], channel=null, acknowledgeMode=AUTO local queue size=0
2025-12-17T00:48:12.097+05:30  INFO 4824 --- [ORDER-SERVICE] [springCloudBus.anonymous.k7YPYHbOTJ2MiS6Bt0eXtg-457] o.s.a.r.c.CachingConnectionFactory       : Attempting to connect to: [localhost:5672]
2025-12-17T00:48:17.210+05:30  WARN 4824 --- [ORDER-SERVICE] [springCloudBus.anonymous.k7YPYHbOTJ2MiS6Bt0eXtg-457] o.s.a.r.l.SimpleMessageListenerContainer : Consumer raised exception, processing can restart if the connection factory supports it. Exception summary: org.springframework.amqp.AmqpConnectException: java.net.ConnectException: Connection refused: getsockopt
2025-12-17T00:48:17.210+05:30  INFO 4824 --- [ORDER-SERVICE] [springCloudBus.anonymous.k7YPYHbOTJ2MiS6Bt0eXtg-457] o.s.a.r.l.SimpleMessageListenerContainer : Restarting Consumer@6cbe4e3e: tags=[[]], channel=null, acknowledgeMode=AUTO local queue size=0
2025-12-17T00:48:17.212+05:30  INFO 4824 --- [ORDER-SERVICE] [springCloudBus.anonymous.k7YPYHbOTJ2MiS6Bt0eXtg-458] o.s.a.r.c.CachingConnectionFactory       : Attempting to connect to: [localhost:5672]
2025-12-17T00:48:22.343+05:30  WARN 4824 --- [ORDER-SERVICE] [springCloudBus.anonymous.k7YPYHbOTJ2MiS6Bt0eXtg-458] o.s.a.r.l.SimpleMessageListenerContainer : Consumer raised exception, processing can restart if the connection factory supports it. Exception summary: org.springframework.amqp.AmqpConnectException: java.net.ConnectException: Connection refused: getsockopt
2025-12-17T00:48:22.343+05:30  INFO 4824 --- [ORDER-SERVICE] [springCloudBus.anonymous.k7YPYHbOTJ2MiS6Bt0eXtg-458] o.s.a.r.l.SimpleMessageListenerContainer : Restarting Consumer@64498dce: tags=[[]], channel=null, acknowledgeMode=AUTO local queue size=0
2025-12-17T00:48:22.348+05:30  INFO 4824 --- [ORDER-SERVICE] [springCloudBus.anonymous.k7YPYHbOTJ2MiS6Bt0eXtg-459] o.s.a.r.c.CachingConnectionFactory       : Attempting to connect to: [localhost:5672]
2025-12-17T00:48:27.549+05:30  WARN 4824 --- [ORDER-SERVICE] [springCloudBus.anonymous.k7YPYHbOTJ2MiS6Bt0eXtg-459] o.s.a.r.l.SimpleMessageListenerContainer : Consumer raised exception, processing can restart if the connection factory supports it. Exception summary: org.springframework.amqp.AmqpConnectException: java.net.ConnectException: Connection refused: getsockopt
2025-12-17T00:48:27.550+05:30  INFO 4824 --- [ORDER-SERVICE] [springCloudBus.anonymous.k7YPYHbOTJ2MiS6Bt0eXtg-459] o.s.a.r.l.SimpleMessageListenerContainer : Restarting Consumer@1cbf2814: tags=[[]], channel=null, acknowledgeMode=AUTO local queue size=0
2025-12-17T00:48:27.553+05:30  INFO 4824 --- [ORDER-SERVICE] [springCloudBus.anonymous.k7YPYHbOTJ2MiS6Bt0eXtg-460] o.s.a.r.c.CachingConnectionFactory       : Attempting to connect to: [localhost:5672]
2025-12-17T00:48:32.685+05:30  WARN 4824 --- [ORDER-SERVICE] [springCloudBus.anonymous.k7YPYHbOTJ2MiS6Bt0eXtg-460] o.s.a.r.l.SimpleMessageListenerContainer : Consumer raised exception, processing can restart if the connection factory supports it. Exception summary: org.springframework.amqp.AmqpConnectException: java.net.ConnectException: Connection refused: getsockopt
2025-12-17T00:48:32.685+05:30  INFO 4824 --- [ORDER-SERVICE] [springCloudBus.anonymous.k7YPYHbOTJ2MiS6Bt0eXtg-460] o.s.a.r.l.SimpleMessageListenerContainer : Restarting Consumer@72f483ca: tags=[[]], channel=null, acknowledgeMode=AUTO local queue size=0
2025-12-17T00:48:32.687+05:30  INFO 4824 --- [ORDER-SERVICE] [springCloudBus.anonymous.k7YPYHbOTJ2MiS6Bt0eXtg-461] o.s.a.r.c.CachingConnectionFactory       : Attempting to connect to: [localhost:5672]
2025-12-17T00:48:37.859+05:30  WARN 4824 --- [ORDER-SERVICE] [springCloudBus.anonymous.k7YPYHbOTJ2MiS6Bt0eXtg-461] o.s.a.r.l.SimpleMessageListenerContainer : Consumer raised exception, processing can restart if the connection factory supports it. Exception summary: org.springframework.amqp.AmqpConnectException: java.net.ConnectException: Connection refused: getsockopt
2025-12-17T00:48:37.859+05:30  INFO 4824 --- [ORDER-SERVICE] [springCloudBus.anonymous.k7YPYHbOTJ2MiS6Bt0eXtg-461] o.s.a.r.l.SimpleMessageListenerContainer : Restarting Consumer@6515235: tags=[[]], channel=null, acknowledgeMode=AUTO local queue size=0
2025-12-17T00:48:37.863+05:30  INFO 4824 --- [ORDER-SERVICE] [springCloudBus.anonymous.k7YPYHbOTJ2MiS6Bt0eXtg-462] o.s.a.r.c.CachingConnectionFactory       : Attempting to connect to: [localhost:5672]
2025-12-17T00:48:42.966+05:30  WARN 4824 --- [ORDER-SERVICE] [springCloudBus.anonymous.k7YPYHbOTJ2MiS6Bt0eXtg-462] o.s.a.r.l.SimpleMessageListenerContainer : Consumer raised exception, processing can restart if the connection factory supports it. Exception summary: org.springframework.amqp.AmqpConnectException: java.net.ConnectException: Connection refused: getsockopt
2025-12-17T00:48:42.968+05:30  INFO 4824 --- [ORDER-SERVICE] [springCloudBus.anonymous.k7YPYHbOTJ2MiS6Bt0eXtg-462] o.s.a.r.l.SimpleMessageListenerContainer : Restarting Consumer@36ebd66e: tags=[[]], channel=null, acknowledgeMode=AUTO local queue size=0
2025-12-17T00:48:42.972+05:30  INFO 4824 --- [ORDER-SERVICE] [springCloudBus.anonymous.k7YPYHbOTJ2MiS6Bt0eXtg-463] o.s.a.r.c.CachingConnectionFactory       : Attempting to connect to: [localhost:5672]
2025-12-17T00:48:48.064+05:30  WARN 4824 --- [ORDER-SERVICE] [springCloudBus.anonymous.k7YPYHbOTJ2MiS6Bt0eXtg-463] o.s.a.r.l.SimpleMessageListenerContainer : Consumer raised exception, processing can restart if the connection factory supports it. Exception summary: org.springframework.amqp.AmqpConnectException: java.net.ConnectException: Connection refused: getsockopt
2025-12-17T00:48:48.065+05:30  INFO 4824 --- [ORDER-SERVICE] [springCloudBus.anonymous.k7YPYHbOTJ2MiS6Bt0eXtg-463] o.s.a.r.l.SimpleMessageListenerContainer : Restarting Consumer@6fe5436f: tags=[[]], channel=null, acknowledgeMode=AUTO local queue size=0
2025-12-17T00:48:48.067+05:30  INFO 4824 --- [ORDER-SERVICE] [springCloudBus.anonymous.k7YPYHbOTJ2MiS6Bt0eXtg-464] o.s.a.r.c.CachingConnectionFactory       : Attempting to connect to: [localhost:5672]
2025-12-17T00:48:53.247+05:30  WARN 4824 --- [ORDER-SERVICE] [springCloudBus.anonymous.k7YPYHbOTJ2MiS6Bt0eXtg-464] o.s.a.r.l.SimpleMessageListenerContainer : Consumer raised exception, processing can restart if the connection factory supports it. Exception summary: org.springframework.amqp.AmqpConnectException: java.net.ConnectException: Connection refused: getsockopt
2025-12-17T00:48:53.248+05:30  INFO 4824 --- [ORDER-SERVICE] [springCloudBus.anonymous.k7YPYHbOTJ2MiS6Bt0eXtg-464] o.s.a.r.l.SimpleMessageListenerContainer : Restarting Consumer@227c392b: tags=[[]], channel=null, acknowledgeMode=AUTO local queue size=0
2025-12-17T00:48:53.250+05:30  INFO 4824 --- [ORDER-SERVICE] [springCloudBus.anonymous.k7YPYHbOTJ2MiS6Bt0eXtg-465] o.s.a.r.c.CachingConnectionFactory       : Attempting to connect to: [localhost:5672]
2025-12-17T00:48:58.366+05:30  WARN 4824 --- [ORDER-SERVICE] [springCloudBus.anonymous.k7YPYHbOTJ2MiS6Bt0eXtg-465] o.s.a.r.l.SimpleMessageListenerContainer : Consumer raised exception, processing can restart if the connection factory supports it. Exception summary: org.springframework.amqp.AmqpConnectException: java.net.ConnectException: Connection refused: getsockopt
2025-12-17T00:48:58.366+05:30  INFO 4824 --- [ORDER-SERVICE] [springCloudBus.anonymous.k7YPYHbOTJ2MiS6Bt0eXtg-465] o.s.a.r.l.SimpleMessageListenerContainer : Restarting Consumer@56ca50f3: tags=[[]], channel=null, acknowledgeMode=AUTO local queue size=0
2025-12-17T00:48:58.368+05:30  INFO 4824 --- [ORDER-SERVICE] [springCloudBus.anonymous.k7YPYHbOTJ2MiS6Bt0eXtg-466] o.s.a.r.c.CachingConnectionFactory       : Attempting to connect to: [localhost:5672]
2025-12-17T00:49:03.538+05:30  WARN 4824 --- [ORDER-SERVICE] [springCloudBus.anonymous.k7YPYHbOTJ2MiS6Bt0eXtg-466] o.s.a.r.l.SimpleMessageListenerContainer : Consumer raised exception, processing can restart if the connection factory supports it. Exception summary: org.springframework.amqp.AmqpConnectException: java.net.ConnectException: Connection refused: getsockopt
2025-12-17T00:49:03.539+05:30  INFO 4824 --- [ORDER-SERVICE] [springCloudBus.anonymous.k7YPYHbOTJ2MiS6Bt0eXtg-466] o.s.a.r.l.SimpleMessageListenerContainer : Restarting Consumer@6067336b: tags=[[]], channel=null, acknowledgeMode=AUTO local queue size=0
2025-12-17T00:49:03.541+05:30  INFO 4824 --- [ORDER-SERVICE] [springCloudBus.anonymous.k7YPYHbOTJ2MiS6Bt0eXtg-467] o.s.a.r.c.CachingConnectionFactory       : Attempting to connect to: [localhost:5672]
2025-12-17T00:49:08.705+05:30  WARN 4824 --- [ORDER-SERVICE] [springCloudBus.anonymous.k7YPYHbOTJ2MiS6Bt0eXtg-467] o.s.a.r.l.SimpleMessageListenerContainer : Consumer raised exception, processing can restart if the connection factory supports it. Exception summary: org.springframework.amqp.AmqpConnectException: java.net.ConnectException: Connection refused: getsockopt
2025-12-17T00:49:08.705+05:30  INFO 4824 --- [ORDER-SERVICE] [springCloudBus.anonymous.k7YPYHbOTJ2MiS6Bt0eXtg-467] o.s.a.r.l.SimpleMessageListenerContainer : Restarting Consumer@3c17c24e: tags=[[]], channel=null, acknowledgeMode=AUTO local queue size=0
2025-12-17T00:49:08.708+05:30  INFO 4824 --- [ORDER-SERVICE] [springCloudBus.anonymous.k7YPYHbOTJ2MiS6Bt0eXtg-468] o.s.a.r.c.CachingConnectionFactory       : Attempting to connect to: [localhost:5672]
2025-12-17T00:49:13.877+05:30  WARN 4824 --- [ORDER-SERVICE] [springCloudBus.anonymous.k7YPYHbOTJ2MiS6Bt0eXtg-468] o.s.a.r.l.SimpleMessageListenerContainer : Consumer raised exception, processing can restart if the connection factory supports it. Exception summary: org.springframework.amqp.AmqpConnectException: java.net.ConnectException: Connection refused: getsockopt
2025-12-17T00:49:13.877+05:30  INFO 4824 --- [ORDER-SERVICE] [springCloudBus.anonymous.k7YPYHbOTJ2MiS6Bt0eXtg-468] o.s.a.r.l.SimpleMessageListenerContainer : Restarting Consumer@3b485baa: tags=[[]], channel=null, acknowledgeMode=AUTO local queue size=0
2025-12-17T00:49:13.880+05:30  INFO 4824 --- [ORDER-SERVICE] [springCloudBus.anonymous.k7YPYHbOTJ2MiS6Bt0eXtg-469] o.s.a.r.c.CachingConnectionFactory       : Attempting to connect to: [localhost:5672]
2025-12-17T00:49:14.573+05:30  INFO 4824 --- [ORDER-SERVICE] [AsyncResolver-bootstrap-executor-%d] c.n.d.s.r.aws.ConfigClusterResolver      : Resolving eureka endpoints via configuration
2025-12-17T00:49:19.060+05:30  WARN 4824 --- [ORDER-SERVICE] [springCloudBus.anonymous.k7YPYHbOTJ2MiS6Bt0eXtg-469] o.s.a.r.l.SimpleMessageListenerContainer : Consumer raised exception, processing can restart if the connection factory supports it. Exception summary: org.springframework.amqp.AmqpConnectException: java.net.ConnectException: Connection refused: getsockopt
2025-12-17T00:49:19.060+05:30  INFO 4824 --- [ORDER-SERVICE] [springCloudBus.anonymous.k7YPYHbOTJ2MiS6Bt0eXtg-469] o.s.a.r.l.SimpleMessageListenerContainer : Restarting Consumer@4d3d39fd: tags=[[]], channel=null, acknowledgeMode=AUTO local queue size=0
2025-12-17T00:49:19.062+05:30  INFO 4824 --- [ORDER-SERVICE] [springCloudBus.anonymous.k7YPYHbOTJ2MiS6Bt0eXtg-470] o.s.a.r.c.CachingConnectionFactory       : Attempting to connect to: [localhost:5672]
2025-12-17T00:49:24.222+05:30  WARN 4824 --- [ORDER-SERVICE] [springCloudBus.anonymous.k7YPYHbOTJ2MiS6Bt0eXtg-470] o.s.a.r.l.SimpleMessageListenerContainer : Consumer raised exception, processing can restart if the connection factory supports it. Exception summary: org.springframework.amqp.AmqpConnectException: java.net.ConnectException: Connection refused: getsockopt
2025-12-17T00:49:24.222+05:30  INFO 4824 --- [ORDER-SERVICE] [springCloudBus.anonymous.k7YPYHbOTJ2MiS6Bt0eXtg-470] o.s.a.r.l.SimpleMessageListenerContainer : Restarting Consumer@3d4ca14b: tags=[[]], channel=null, acknowledgeMode=AUTO local queue size=0
2025-12-17T00:49:24.225+05:30  INFO 4824 --- [ORDER-SERVICE] [springCloudBus.anonymous.k7YPYHbOTJ2MiS6Bt0eXtg-471] o.s.a.r.c.CachingConnectionFactory       : Attempting to connect to: [localhost:5672]
2025-12-17T00:49:29.304+05:30  WARN 4824 --- [ORDER-SERVICE] [springCloudBus.anonymous.k7YPYHbOTJ2MiS6Bt0eXtg-471] o.s.a.r.l.SimpleMessageListenerContainer : Consumer raised exception, processing can restart if the connection factory supports it. Exception summary: org.springframework.amqp.AmqpConnectException: java.net.ConnectException: Connection refused: getsockopt
2025-12-17T00:49:29.304+05:30  INFO 4824 --- [ORDER-SERVICE] [springCloudBus.anonymous.k7YPYHbOTJ2MiS6Bt0eXtg-471] o.s.a.r.l.SimpleMessageListenerContainer : Restarting Consumer@6b870c0d: tags=[[]], channel=null, acknowledgeMode=AUTO local queue size=0
2025-12-17T00:49:29.306+05:30  INFO 4824 --- [ORDER-SERVICE] [springCloudBus.anonymous.k7YPYHbOTJ2MiS6Bt0eXtg-472] o.s.a.r.c.CachingConnectionFactory       : Attempting to connect to: [localhost:5672]
2025-12-17T00:49:34.428+05:30  WARN 4824 --- [ORDER-SERVICE] [springCloudBus.anonymous.k7YPYHbOTJ2MiS6Bt0eXtg-472] o.s.a.r.l.SimpleMessageListenerContainer : Consumer raised exception, processing can restart if the connection factory supports it. Exception summary: org.springframework.amqp.AmqpConnectException: java.net.ConnectException: Connection refused: getsockopt
2025-12-17T00:49:34.429+05:30  INFO 4824 --- [ORDER-SERVICE] [springCloudBus.anonymous.k7YPYHbOTJ2MiS6Bt0eXtg-472] o.s.a.r.l.SimpleMessageListenerContainer : Restarting Consumer@5932fb8: tags=[[]], channel=null, acknowledgeMode=AUTO local queue size=0
2025-12-17T00:49:34.433+05:30  INFO 4824 --- [ORDER-SERVICE] [springCloudBus.anonymous.k7YPYHbOTJ2MiS6Bt0eXtg-473] o.s.a.r.c.CachingConnectionFactory       : Attempting to connect to: [localhost:5672]
2025-12-17T00:49:39.628+05:30  WARN 4824 --- [ORDER-SERVICE] [springCloudBus.anonymous.k7YPYHbOTJ2MiS6Bt0eXtg-473] o.s.a.r.l.SimpleMessageListenerContainer : Consumer raised exception, processing can restart if the connection factory supports it. Exception summary: org.springframework.amqp.AmqpConnectException: java.net.ConnectException: Connection refused: getsockopt
2025-12-17T00:49:39.628+05:30  INFO 4824 --- [ORDER-SERVICE] [springCloudBus.anonymous.k7YPYHbOTJ2MiS6Bt0eXtg-473] o.s.a.r.l.SimpleMessageListenerContainer : Restarting Consumer@1c891d7e: tags=[[]], channel=null, acknowledgeMode=AUTO local queue size=0
2025-12-17T00:49:39.632+05:30  INFO 4824 --- [ORDER-SERVICE] [springCloudBus.anonymous.k7YPYHbOTJ2MiS6Bt0eXtg-474] o.s.a.r.c.CachingConnectionFactory       : Attempting to connect to: [localhost:5672]
2025-12-17T00:49:44.755+05:30  WARN 4824 --- [ORDER-SERVICE] [springCloudBus.anonymous.k7YPYHbOTJ2MiS6Bt0eXtg-474] o.s.a.r.l.SimpleMessageListenerContainer : Consumer raised exception, processing can restart if the connection factory supports it. Exception summary: org.springframework.amqp.AmqpConnectException: java.net.ConnectException: Connection refused: getsockopt
2025-12-17T00:49:44.756+05:30  INFO 4824 --- [ORDER-SERVICE] [springCloudBus.anonymous.k7YPYHbOTJ2MiS6Bt0eXtg-474] o.s.a.r.l.SimpleMessageListenerContainer : Restarting Consumer@31d34bdb: tags=[[]], channel=null, acknowledgeMode=AUTO local queue size=0
2025-12-17T00:49:44.763+05:30  INFO 4824 --- [ORDER-SERVICE] [springCloudBus.anonymous.k7YPYHbOTJ2MiS6Bt0eXtg-475] o.s.a.r.c.CachingConnectionFactory       : Attempting to connect to: [localhost:5672]
2025-12-17T00:49:49.908+05:30  WARN 4824 --- [ORDER-SERVICE] [springCloudBus.anonymous.k7YPYHbOTJ2MiS6Bt0eXtg-475] o.s.a.r.l.SimpleMessageListenerContainer : Consumer raised exception, processing can restart if the connection factory supports it. Exception summary: org.springframework.amqp.AmqpConnectException: java.net.ConnectException: Connection refused: getsockopt
2025-12-17T00:49:49.908+05:30  INFO 4824 --- [ORDER-SERVICE] [springCloudBus.anonymous.k7YPYHbOTJ2MiS6Bt0eXtg-475] o.s.a.r.l.SimpleMessageListenerContainer : Restarting Consumer@30a4ed40: tags=[[]], channel=null, acknowledgeMode=AUTO local queue size=0
2025-12-17T00:49:49.913+05:30  INFO 4824 --- [ORDER-SERVICE] [springCloudBus.anonymous.k7YPYHbOTJ2MiS6Bt0eXtg-476] o.s.a.r.c.CachingConnectionFactory       : Attempting to connect to: [localhost:5672]
2025-12-17T00:49:55.031+05:30  WARN 4824 --- [ORDER-SERVICE] [springCloudBus.anonymous.k7YPYHbOTJ2MiS6Bt0eXtg-476] o.s.a.r.l.SimpleMessageListenerContainer : Consumer raised exception, processing can restart if the connection factory supports it. Exception summary: org.springframework.amqp.AmqpConnectException: java.net.ConnectException: Connection refused: getsockopt
2025-12-17T00:49:55.032+05:30  INFO 4824 --- [ORDER-SERVICE] [springCloudBus.anonymous.k7YPYHbOTJ2MiS6Bt0eXtg-476] o.s.a.r.l.SimpleMessageListenerContainer : Restarting Consumer@f6122b2: tags=[[]], channel=null, acknowledgeMode=AUTO local queue size=0
2025-12-17T00:49:55.034+05:30  INFO 4824 --- [ORDER-SERVICE] [springCloudBus.anonymous.k7YPYHbOTJ2MiS6Bt0eXtg-477] o.s.a.r.c.CachingConnectionFactory       : Attempting to connect to: [localhost:5672]
2025-12-17T00:50:00.136+05:30  WARN 4824 --- [ORDER-SERVICE] [springCloudBus.anonymous.k7YPYHbOTJ2MiS6Bt0eXtg-477] o.s.a.r.l.SimpleMessageListenerContainer : Consumer raised exception, processing can restart if the connection factory supports it. Exception summary: org.springframework.amqp.AmqpConnectException: java.net.ConnectException: Connection refused: getsockopt
2025-12-17T00:50:00.136+05:30  INFO 4824 --- [ORDER-SERVICE] [springCloudBus.anonymous.k7YPYHbOTJ2MiS6Bt0eXtg-477] o.s.a.r.l.SimpleMessageListenerContainer : Restarting Consumer@56bc6299: tags=[[]], channel=null, acknowledgeMode=AUTO local queue size=0
2025-12-17T00:50:00.139+05:30  INFO 4824 --- [ORDER-SERVICE] [springCloudBus.anonymous.k7YPYHbOTJ2MiS6Bt0eXtg-478] o.s.a.r.c.CachingConnectionFactory       : Attempting to connect to: [localhost:5672]
2025-12-17T00:50:05.290+05:30  WARN 4824 --- [ORDER-SERVICE] [springCloudBus.anonymous.k7YPYHbOTJ2MiS6Bt0eXtg-478] o.s.a.r.l.SimpleMessageListenerContainer : Consumer raised exception, processing can restart if the connection factory supports it. Exception summary: org.springframework.amqp.AmqpConnectException: java.net.ConnectException: Connection refused: getsockopt
2025-12-17T00:50:05.290+05:30  INFO 4824 --- [ORDER-SERVICE] [springCloudBus.anonymous.k7YPYHbOTJ2MiS6Bt0eXtg-478] o.s.a.r.l.SimpleMessageListenerContainer : Restarting Consumer@5dc1376c: tags=[[]], channel=null, acknowledgeMode=AUTO local queue size=0
2025-12-17T00:50:05.294+05:30  INFO 4824 --- [ORDER-SERVICE] [springCloudBus.anonymous.k7YPYHbOTJ2MiS6Bt0eXtg-479] o.s.a.r.c.CachingConnectionFactory       : Attempting to connect to: [localhost:5672]
2025-12-17T00:50:10.397+05:30  WARN 4824 --- [ORDER-SERVICE] [springCloudBus.anonymous.k7YPYHbOTJ2MiS6Bt0eXtg-479] o.s.a.r.l.SimpleMessageListenerContainer : Consumer raised exception, processing can restart if the connection factory supports it. Exception summary: org.springframework.amqp.AmqpConnectException: java.net.ConnectException: Connection refused: getsockopt
2025-12-17T00:50:10.397+05:30  INFO 4824 --- [ORDER-SERVICE] [springCloudBus.anonymous.k7YPYHbOTJ2MiS6Bt0eXtg-479] o.s.a.r.l.SimpleMessageListenerContainer : Restarting Consumer@281f0f5a: tags=[[]], channel=null, acknowledgeMode=AUTO local queue size=0
2025-12-17T00:50:10.400+05:30  INFO 4824 --- [ORDER-SERVICE] [springCloudBus.anonymous.k7YPYHbOTJ2MiS6Bt0eXtg-480] o.s.a.r.c.CachingConnectionFactory       : Attempting to connect to: [localhost:5672]
2025-12-17T00:50:15.579+05:30  WARN 4824 --- [ORDER-SERVICE] [springCloudBus.anonymous.k7YPYHbOTJ2MiS6Bt0eXtg-480] o.s.a.r.l.SimpleMessageListenerContainer : Consumer raised exception, processing can restart if the connection factory supports it. Exception summary: org.springframework.amqp.AmqpConnectException: java.net.ConnectException: Connection refused: getsockopt
2025-12-17T00:50:15.579+05:30  INFO 4824 --- [ORDER-SERVICE] [springCloudBus.anonymous.k7YPYHbOTJ2MiS6Bt0eXtg-480] o.s.a.r.l.SimpleMessageListenerContainer : Restarting Consumer@2ffeb407: tags=[[]], channel=null, acknowledgeMode=AUTO local queue size=0
2025-12-17T00:50:15.585+05:30  INFO 4824 --- [ORDER-SERVICE] [springCloudBus.anonymous.k7YPYHbOTJ2MiS6Bt0eXtg-481] o.s.a.r.c.CachingConnectionFactory       : Attempting to connect to: [localhost:5672]
2025-12-17T00:50:20.619+05:30  WARN 4824 --- [ORDER-SERVICE] [springCloudBus.anonymous.k7YPYHbOTJ2MiS6Bt0eXtg-481] o.s.a.r.l.SimpleMessageListenerContainer : Consumer raised exception, processing can restart if the connection factory supports it. Exception summary: org.springframework.amqp.AmqpConnectException: java.net.ConnectException: Connection refused: getsockopt
2025-12-17T00:50:20.619+05:30  INFO 4824 --- [ORDER-SERVICE] [springCloudBus.anonymous.k7YPYHbOTJ2MiS6Bt0eXtg-481] o.s.a.r.l.SimpleMessageListenerContainer : Restarting Consumer@3c73e6b4: tags=[[]], channel=null, acknowledgeMode=AUTO local queue size=0
2025-12-17T00:50:20.717+05:30  INFO 4824 --- [ORDER-SERVICE] [springCloudBus.anonymous.k7YPYHbOTJ2MiS6Bt0eXtg-482] o.s.a.r.c.CachingConnectionFactory       : Attempting to connect to: [localhost:5672]
2025-12-17T00:50:26.014+05:30  WARN 4824 --- [ORDER-SERVICE] [springCloudBus.anonymous.k7YPYHbOTJ2MiS6Bt0eXtg-482] o.s.a.r.l.SimpleMessageListenerContainer : Consumer raised exception, processing can restart if the connection factory supports it. Exception summary: org.springframework.amqp.AmqpConnectException: java.net.ConnectException: Connection refused: getsockopt
2025-12-17T00:50:26.015+05:30  INFO 4824 --- [ORDER-SERVICE] [springCloudBus.anonymous.k7YPYHbOTJ2MiS6Bt0eXtg-482] o.s.a.r.l.SimpleMessageListenerContainer : Restarting Consumer@52d10435: tags=[[]], channel=null, acknowledgeMode=AUTO local queue size=0
2025-12-17T00:50:26.018+05:30  INFO 4824 --- [ORDER-SERVICE] [springCloudBus.anonymous.k7YPYHbOTJ2MiS6Bt0eXtg-483] o.s.a.r.c.CachingConnectionFactory       : Attempting to connect to: [localhost:5672]
2025-12-17T00:50:31.120+05:30  WARN 4824 --- [ORDER-SERVICE] [springCloudBus.anonymous.k7YPYHbOTJ2MiS6Bt0eXtg-483] o.s.a.r.l.SimpleMessageListenerContainer : Consumer raised exception, processing can restart if the connection factory supports it. Exception summary: org.springframework.amqp.AmqpConnectException: java.net.ConnectException: Connection refused: getsockopt
2025-12-17T00:50:31.120+05:30  INFO 4824 --- [ORDER-SERVICE] [springCloudBus.anonymous.k7YPYHbOTJ2MiS6Bt0eXtg-483] o.s.a.r.l.SimpleMessageListenerContainer : Restarting Consumer@7358dda3: tags=[[]], channel=null, acknowledgeMode=AUTO local queue size=0
2025-12-17T00:50:31.126+05:30  INFO 4824 --- [ORDER-SERVICE] [springCloudBus.anonymous.k7YPYHbOTJ2MiS6Bt0eXtg-484] o.s.a.r.c.CachingConnectionFactory       : Attempting to connect to: [localhost:5672]
2025-12-17T00:50:36.218+05:30  WARN 4824 --- [ORDER-SERVICE] [springCloudBus.anonymous.k7YPYHbOTJ2MiS6Bt0eXtg-484] o.s.a.r.l.SimpleMessageListenerContainer : Consumer raised exception, processing can restart if the connection factory supports it. Exception summary: org.springframework.amqp.AmqpConnectException: java.net.ConnectException: Connection refused: getsockopt
2025-12-17T00:50:36.219+05:30  INFO 4824 --- [ORDER-SERVICE] [springCloudBus.anonymous.k7YPYHbOTJ2MiS6Bt0eXtg-484] o.s.a.r.l.SimpleMessageListenerContainer : Restarting Consumer@2f0c516b: tags=[[]], channel=null, acknowledgeMode=AUTO local queue size=0
2025-12-17T00:50:36.223+05:30  INFO 4824 --- [ORDER-SERVICE] [springCloudBus.anonymous.k7YPYHbOTJ2MiS6Bt0eXtg-485] o.s.a.r.c.CachingConnectionFactory       : Attempting to connect to: [localhost:5672]
2025-12-17T00:50:41.370+05:30  WARN 4824 --- [ORDER-SERVICE] [springCloudBus.anonymous.k7YPYHbOTJ2MiS6Bt0eXtg-485] o.s.a.r.l.SimpleMessageListenerContainer : Consumer raised exception, processing can restart if the connection factory supports it. Exception summary: org.springframework.amqp.AmqpConnectException: java.net.ConnectException: Connection refused: getsockopt
2025-12-17T00:50:41.371+05:30  INFO 4824 --- [ORDER-SERVICE] [springCloudBus.anonymous.k7YPYHbOTJ2MiS6Bt0eXtg-485] o.s.a.r.l.SimpleMessageListenerContainer : Restarting Consumer@4ba6ea84: tags=[[]], channel=null, acknowledgeMode=AUTO local queue size=0
2025-12-17T00:50:41.372+05:30  INFO 4824 --- [ORDER-SERVICE] [springCloudBus.anonymous.k7YPYHbOTJ2MiS6Bt0eXtg-486] o.s.a.r.c.CachingConnectionFactory       : Attempting to connect to: [localhost:5672]
2025-12-17T00:50:46.546+05:30  WARN 4824 --- [ORDER-SERVICE] [springCloudBus.anonymous.k7YPYHbOTJ2MiS6Bt0eXtg-486] o.s.a.r.l.SimpleMessageListenerContainer : Consumer raised exception, processing can restart if the connection factory supports it. Exception summary: org.springframework.amqp.AmqpConnectException: java.net.ConnectException: Connection refused: getsockopt
2025-12-17T00:50:46.548+05:30  INFO 4824 --- [ORDER-SERVICE] [springCloudBus.anonymous.k7YPYHbOTJ2MiS6Bt0eXtg-486] o.s.a.r.l.SimpleMessageListenerContainer : Restarting Consumer@ebdc960: tags=[[]], channel=null, acknowledgeMode=AUTO local queue size=0
2025-12-17T00:50:46.557+05:30  INFO 4824 --- [ORDER-SERVICE] [springCloudBus.anonymous.k7YPYHbOTJ2MiS6Bt0eXtg-487] o.s.a.r.c.CachingConnectionFactory       : Attempting to connect to: [localhost:5672]
2025-12-17T00:50:51.652+05:30  WARN 4824 --- [ORDER-SERVICE] [springCloudBus.anonymous.k7YPYHbOTJ2MiS6Bt0eXtg-487] o.s.a.r.l.SimpleMessageListenerContainer : Consumer raised exception, processing can restart if the connection factory supports it. Exception summary: org.springframework.amqp.AmqpConnectException: java.net.ConnectException: Connection refused: getsockopt
2025-12-17T00:50:51.652+05:30  INFO 4824 --- [ORDER-SERVICE] [springCloudBus.anonymous.k7YPYHbOTJ2MiS6Bt0eXtg-487] o.s.a.r.l.SimpleMessageListenerContainer : Restarting Consumer@52ec2569: tags=[[]], channel=null, acknowledgeMode=AUTO local queue size=0
2025-12-17T00:50:51.654+05:30  INFO 4824 --- [ORDER-SERVICE] [springCloudBus.anonymous.k7YPYHbOTJ2MiS6Bt0eXtg-488] o.s.a.r.c.CachingConnectionFactory       : Attempting to connect to: [localhost:5672]
2025-12-17T00:50:56.772+05:30  WARN 4824 --- [ORDER-SERVICE] [springCloudBus.anonymous.k7YPYHbOTJ2MiS6Bt0eXtg-488] o.s.a.r.l.SimpleMessageListenerContainer : Consumer raised exception, processing can restart if the connection factory supports it. Exception summary: org.springframework.amqp.AmqpConnectException: java.net.ConnectException: Connection refused: getsockopt
2025-12-17T00:50:56.772+05:30  INFO 4824 --- [ORDER-SERVICE] [springCloudBus.anonymous.k7YPYHbOTJ2MiS6Bt0eXtg-488] o.s.a.r.l.SimpleMessageListenerContainer : Restarting Consumer@298de9e1: tags=[[]], channel=null, acknowledgeMode=AUTO local queue size=0
2025-12-17T00:50:56.775+05:30  INFO 4824 --- [ORDER-SERVICE] [springCloudBus.anonymous.k7YPYHbOTJ2MiS6Bt0eXtg-489] o.s.a.r.c.CachingConnectionFactory       : Attempting to connect to: [localhost:5672]
2025-12-17T00:51:01.983+05:30  WARN 4824 --- [ORDER-SERVICE] [springCloudBus.anonymous.k7YPYHbOTJ2MiS6Bt0eXtg-489] o.s.a.r.l.SimpleMessageListenerContainer : Consumer raised exception, processing can restart if the connection factory supports it. Exception summary: org.springframework.amqp.AmqpConnectException: java.net.ConnectException: Connection refused: getsockopt
2025-12-17T00:51:01.984+05:30  INFO 4824 --- [ORDER-SERVICE] [springCloudBus.anonymous.k7YPYHbOTJ2MiS6Bt0eXtg-489] o.s.a.r.l.SimpleMessageListenerContainer : Restarting Consumer@596d6f9b: tags=[[]], channel=null, acknowledgeMode=AUTO local queue size=0
2025-12-17T00:51:01.987+05:30  INFO 4824 --- [ORDER-SERVICE] [springCloudBus.anonymous.k7YPYHbOTJ2MiS6Bt0eXtg-490] o.s.a.r.c.CachingConnectionFactory       : Attempting to connect to: [localhost:5672]
2025-12-17T00:51:07.079+05:30  WARN 4824 --- [ORDER-SERVICE] [springCloudBus.anonymous.k7YPYHbOTJ2MiS6Bt0eXtg-490] o.s.a.r.l.SimpleMessageListenerContainer : Consumer raised exception, processing can restart if the connection factory supports it. Exception summary: org.springframework.amqp.AmqpConnectException: java.net.ConnectException: Connection refused: getsockopt
2025-12-17T00:51:07.079+05:30  INFO 4824 --- [ORDER-SERVICE] [springCloudBus.anonymous.k7YPYHbOTJ2MiS6Bt0eXtg-490] o.s.a.r.l.SimpleMessageListenerContainer : Restarting Consumer@2c056e87: tags=[[]], channel=null, acknowledgeMode=AUTO local queue size=0
2025-12-17T00:51:07.081+05:30  INFO 4824 --- [ORDER-SERVICE] [springCloudBus.anonymous.k7YPYHbOTJ2MiS6Bt0eXtg-491] o.s.a.r.c.CachingConnectionFactory       : Attempting to connect to: [localhost:5672]
2025-12-17T00:51:12.191+05:30  WARN 4824 --- [ORDER-SERVICE] [springCloudBus.anonymous.k7YPYHbOTJ2MiS6Bt0eXtg-491] o.s.a.r.l.SimpleMessageListenerContainer : Consumer raised exception, processing can restart if the connection factory supports it. Exception summary: org.springframework.amqp.AmqpConnectException: java.net.ConnectException: Connection refused: getsockopt
2025-12-17T00:51:12.191+05:30  INFO 4824 --- [ORDER-SERVICE] [springCloudBus.anonymous.k7YPYHbOTJ2MiS6Bt0eXtg-491] o.s.a.r.l.SimpleMessageListenerContainer : Restarting Consumer@2278eb09: tags=[[]], channel=null, acknowledgeMode=AUTO local queue size=0
2025-12-17T00:51:12.195+05:30  INFO 4824 --- [ORDER-SERVICE] [springCloudBus.anonymous.k7YPYHbOTJ2MiS6Bt0eXtg-492] o.s.a.r.c.CachingConnectionFactory       : Attempting to connect to: [localhost:5672]
2025-12-17T00:51:17.287+05:30  WARN 4824 --- [ORDER-SERVICE] [springCloudBus.anonymous.k7YPYHbOTJ2MiS6Bt0eXtg-492] o.s.a.r.l.SimpleMessageListenerContainer : Consumer raised exception, processing can restart if the connection factory supports it. Exception summary: org.springframework.amqp.AmqpConnectException: java.net.ConnectException: Connection refused: getsockopt
2025-12-17T00:51:17.288+05:30  INFO 4824 --- [ORDER-SERVICE] [springCloudBus.anonymous.k7YPYHbOTJ2MiS6Bt0eXtg-492] o.s.a.r.l.SimpleMessageListenerContainer : Restarting Consumer@1c94edf: tags=[[]], channel=null, acknowledgeMode=AUTO local queue size=0
2025-12-17T00:51:17.293+05:30  INFO 4824 --- [ORDER-SERVICE] [springCloudBus.anonymous.k7YPYHbOTJ2MiS6Bt0eXtg-493] o.s.a.r.c.CachingConnectionFactory       : Attempting to connect to: [localhost:5672]
2025-12-17T00:51:22.446+05:30  WARN 4824 --- [ORDER-SERVICE] [springCloudBus.anonymous.k7YPYHbOTJ2MiS6Bt0eXtg-493] o.s.a.r.l.SimpleMessageListenerContainer : Consumer raised exception, processing can restart if the connection factory supports it. Exception summary: org.springframework.amqp.AmqpConnectException: java.net.ConnectException: Connection refused: getsockopt
2025-12-17T00:51:22.446+05:30  INFO 4824 --- [ORDER-SERVICE] [springCloudBus.anonymous.k7YPYHbOTJ2MiS6Bt0eXtg-493] o.s.a.r.l.SimpleMessageListenerContainer : Restarting Consumer@5533d469: tags=[[]], channel=null, acknowledgeMode=AUTO local queue size=0
2025-12-17T00:51:22.449+05:30  INFO 4824 --- [ORDER-SERVICE] [springCloudBus.anonymous.k7YPYHbOTJ2MiS6Bt0eXtg-494] o.s.a.r.c.CachingConnectionFactory       : Attempting to connect to: [localhost:5672]
2025-12-17T00:51:27.579+05:30  WARN 4824 --- [ORDER-SERVICE] [springCloudBus.anonymous.k7YPYHbOTJ2MiS6Bt0eXtg-494] o.s.a.r.l.SimpleMessageListenerContainer : Consumer raised exception, processing can restart if the connection factory supports it. Exception summary: org.springframework.amqp.AmqpConnectException: java.net.ConnectException: Connection refused: getsockopt
2025-12-17T00:51:27.579+05:30  INFO 4824 --- [ORDER-SERVICE] [springCloudBus.anonymous.k7YPYHbOTJ2MiS6Bt0eXtg-494] o.s.a.r.l.SimpleMessageListenerContainer : Restarting Consumer@462706fe: tags=[[]], channel=null, acknowledgeMode=AUTO local queue size=0
2025-12-17T00:51:27.582+05:30  INFO 4824 --- [ORDER-SERVICE] [springCloudBus.anonymous.k7YPYHbOTJ2MiS6Bt0eXtg-495] o.s.a.r.c.CachingConnectionFactory       : Attempting to connect to: [localhost:5672]
2025-12-17T00:51:32.740+05:30  WARN 4824 --- [ORDER-SERVICE] [springCloudBus.anonymous.k7YPYHbOTJ2MiS6Bt0eXtg-495] o.s.a.r.l.SimpleMessageListenerContainer : Consumer raised exception, processing can restart if the connection factory supports it. Exception summary: org.springframework.amqp.AmqpConnectException: java.net.ConnectException: Connection refused: getsockopt
2025-12-17T00:51:32.741+05:30  INFO 4824 --- [ORDER-SERVICE] [springCloudBus.anonymous.k7YPYHbOTJ2MiS6Bt0eXtg-495] o.s.a.r.l.SimpleMessageListenerContainer : Restarting Consumer@6a33b438: tags=[[]], channel=null, acknowledgeMode=AUTO local queue size=0
2025-12-17T00:51:32.745+05:30  INFO 4824 --- [ORDER-SERVICE] [springCloudBus.anonymous.k7YPYHbOTJ2MiS6Bt0eXtg-496] o.s.a.r.c.CachingConnectionFactory       : Attempting to connect to: [localhost:5672]
2025-12-17T00:51:37.830+05:30  WARN 4824 --- [ORDER-SERVICE] [springCloudBus.anonymous.k7YPYHbOTJ2MiS6Bt0eXtg-496] o.s.a.r.l.SimpleMessageListenerContainer : Consumer raised exception, processing can restart if the connection factory supports it. Exception summary: org.springframework.amqp.AmqpConnectException: java.net.ConnectException: Connection refused: getsockopt
2025-12-17T00:51:37.831+05:30  INFO 4824 --- [ORDER-SERVICE] [springCloudBus.anonymous.k7YPYHbOTJ2MiS6Bt0eXtg-496] o.s.a.r.l.SimpleMessageListenerContainer : Restarting Consumer@4f649780: tags=[[]], channel=null, acknowledgeMode=AUTO local queue size=0
2025-12-17T00:51:37.833+05:30  INFO 4824 --- [ORDER-SERVICE] [springCloudBus.anonymous.k7YPYHbOTJ2MiS6Bt0eXtg-497] o.s.a.r.c.CachingConnectionFactory       : Attempting to connect to: [localhost:5672]
2025-12-17T00:51:42.976+05:30  WARN 4824 --- [ORDER-SERVICE] [springCloudBus.anonymous.k7YPYHbOTJ2MiS6Bt0eXtg-497] o.s.a.r.l.SimpleMessageListenerContainer : Consumer raised exception, processing can restart if the connection factory supports it. Exception summary: org.springframework.amqp.AmqpConnectException: java.net.ConnectException: Connection refused: getsockopt
2025-12-17T00:51:42.976+05:30  INFO 4824 --- [ORDER-SERVICE] [springCloudBus.anonymous.k7YPYHbOTJ2MiS6Bt0eXtg-497] o.s.a.r.l.SimpleMessageListenerContainer : Restarting Consumer@1c3821c7: tags=[[]], channel=null, acknowledgeMode=AUTO local queue size=0
2025-12-17T00:51:42.980+05:30  INFO 4824 --- [ORDER-SERVICE] [springCloudBus.anonymous.k7YPYHbOTJ2MiS6Bt0eXtg-498] o.s.a.r.c.CachingConnectionFactory       : Attempting to connect to: [localhost:5672]
2025-12-17T00:51:48.142+05:30  WARN 4824 --- [ORDER-SERVICE] [springCloudBus.anonymous.k7YPYHbOTJ2MiS6Bt0eXtg-498] o.s.a.r.l.SimpleMessageListenerContainer : Consumer raised exception, processing can restart if the connection factory supports it. Exception summary: org.springframework.amqp.AmqpConnectException: java.net.ConnectException: Connection refused: getsockopt
2025-12-17T00:51:48.142+05:30  INFO 4824 --- [ORDER-SERVICE] [springCloudBus.anonymous.k7YPYHbOTJ2MiS6Bt0eXtg-498] o.s.a.r.l.SimpleMessageListenerContainer : Restarting Consumer@6a6d8b66: tags=[[]], channel=null, acknowledgeMode=AUTO local queue size=0
2025-12-17T00:51:48.146+05:30  INFO 4824 --- [ORDER-SERVICE] [springCloudBus.anonymous.k7YPYHbOTJ2MiS6Bt0eXtg-499] o.s.a.r.c.CachingConnectionFactory       : Attempting to connect to: [localhost:5672]
2025-12-17T00:51:53.270+05:30  WARN 4824 --- [ORDER-SERVICE] [springCloudBus.anonymous.k7YPYHbOTJ2MiS6Bt0eXtg-499] o.s.a.r.l.SimpleMessageListenerContainer : Consumer raised exception, processing can restart if the connection factory supports it. Exception summary: org.springframework.amqp.AmqpConnectException: java.net.ConnectException: Connection refused: getsockopt
2025-12-17T00:51:53.270+05:30  INFO 4824 --- [ORDER-SERVICE] [springCloudBus.anonymous.k7YPYHbOTJ2MiS6Bt0eXtg-499] o.s.a.r.l.SimpleMessageListenerContainer : Restarting Consumer@79810247: tags=[[]], channel=null, acknowledgeMode=AUTO local queue size=0
2025-12-17T00:51:53.273+05:30  INFO 4824 --- [ORDER-SERVICE] [springCloudBus.anonymous.k7YPYHbOTJ2MiS6Bt0eXtg-500] o.s.a.r.c.CachingConnectionFactory       : Attempting to connect to: [localhost:5672]
2025-12-17T00:51:58.391+05:30  WARN 4824 --- [ORDER-SERVICE] [springCloudBus.anonymous.k7YPYHbOTJ2MiS6Bt0eXtg-500] o.s.a.r.l.SimpleMessageListenerContainer : Consumer raised exception, processing can restart if the connection factory supports it. Exception summary: org.springframework.amqp.AmqpConnectException: java.net.ConnectException: Connection refused: getsockopt
2025-12-17T00:51:58.392+05:30  INFO 4824 --- [ORDER-SERVICE] [springCloudBus.anonymous.k7YPYHbOTJ2MiS6Bt0eXtg-500] o.s.a.r.l.SimpleMessageListenerContainer : Restarting Consumer@73fce88d: tags=[[]], channel=null, acknowledgeMode=AUTO local queue size=0
2025-12-17T00:51:58.395+05:30  INFO 4824 --- [ORDER-SERVICE] [springCloudBus.anonymous.k7YPYHbOTJ2MiS6Bt0eXtg-501] o.s.a.r.c.CachingConnectionFactory       : Attempting to connect to: [localhost:5672]
2025-12-17T00:52:03.593+05:30  WARN 4824 --- [ORDER-SERVICE] [springCloudBus.anonymous.k7YPYHbOTJ2MiS6Bt0eXtg-501] o.s.a.r.l.SimpleMessageListenerContainer : Consumer raised exception, processing can restart if the connection factory supports it. Exception summary: org.springframework.amqp.AmqpConnectException: java.net.ConnectException: Connection refused: getsockopt
2025-12-17T00:52:03.593+05:30  INFO 4824 --- [ORDER-SERVICE] [springCloudBus.anonymous.k7YPYHbOTJ2MiS6Bt0eXtg-501] o.s.a.r.l.SimpleMessageListenerContainer : Restarting Consumer@151aa5e0: tags=[[]], channel=null, acknowledgeMode=AUTO local queue size=0
2025-12-17T00:52:03.596+05:30  INFO 4824 --- [ORDER-SERVICE] [springCloudBus.anonymous.k7YPYHbOTJ2MiS6Bt0eXtg-502] o.s.a.r.c.CachingConnectionFactory       : Attempting to connect to: [localhost:5672]
2025-12-17T00:52:08.682+05:30  WARN 4824 --- [ORDER-SERVICE] [springCloudBus.anonymous.k7YPYHbOTJ2MiS6Bt0eXtg-502] o.s.a.r.l.SimpleMessageListenerContainer : Consumer raised exception, processing can restart if the connection factory supports it. Exception summary: org.springframework.amqp.AmqpConnectException: java.net.ConnectException: Connection refused: getsockopt
2025-12-17T00:52:08.683+05:30  INFO 4824 --- [ORDER-SERVICE] [springCloudBus.anonymous.k7YPYHbOTJ2MiS6Bt0eXtg-502] o.s.a.r.l.SimpleMessageListenerContainer : Restarting Consumer@cd8749b: tags=[[]], channel=null, acknowledgeMode=AUTO local queue size=0
2025-12-17T00:52:08.685+05:30  INFO 4824 --- [ORDER-SERVICE] [springCloudBus.anonymous.k7YPYHbOTJ2MiS6Bt0eXtg-503] o.s.a.r.c.CachingConnectionFactory       : Attempting to connect to: [localhost:5672]
2025-12-17T00:52:13.818+05:30  WARN 4824 --- [ORDER-SERVICE] [springCloudBus.anonymous.k7YPYHbOTJ2MiS6Bt0eXtg-503] o.s.a.r.l.SimpleMessageListenerContainer : Consumer raised exception, processing can restart if the connection factory supports it. Exception summary: org.springframework.amqp.AmqpConnectException: java.net.ConnectException: Connection refused: getsockopt
2025-12-17T00:52:13.818+05:30  INFO 4824 --- [ORDER-SERVICE] [springCloudBus.anonymous.k7YPYHbOTJ2MiS6Bt0eXtg-503] o.s.a.r.l.SimpleMessageListenerContainer : Restarting Consumer@47b6e46d: tags=[[]], channel=null, acknowledgeMode=AUTO local queue size=0
2025-12-17T00:52:13.821+05:30  INFO 4824 --- [ORDER-SERVICE] [springCloudBus.anonymous.k7YPYHbOTJ2MiS6Bt0eXtg-504] o.s.a.r.c.CachingConnectionFactory       : Attempting to connect to: [localhost:5672]
2025-12-17T00:52:18.967+05:30  WARN 4824 --- [ORDER-SERVICE] [springCloudBus.anonymous.k7YPYHbOTJ2MiS6Bt0eXtg-504] o.s.a.r.l.SimpleMessageListenerContainer : Consumer raised exception, processing can restart if the connection factory supports it. Exception summary: org.springframework.amqp.AmqpConnectException: java.net.ConnectException: Connection refused: getsockopt
2025-12-17T00:52:18.967+05:30  INFO 4824 --- [ORDER-SERVICE] [springCloudBus.anonymous.k7YPYHbOTJ2MiS6Bt0eXtg-504] o.s.a.r.l.SimpleMessageListenerContainer : Restarting Consumer@37710e78: tags=[[]], channel=null, acknowledgeMode=AUTO local queue size=0
2025-12-17T00:52:18.970+05:30  INFO 4824 --- [ORDER-SERVICE] [springCloudBus.anonymous.k7YPYHbOTJ2MiS6Bt0eXtg-505] o.s.a.r.c.CachingConnectionFactory       : Attempting to connect to: [localhost:5672]
2025-12-17T00:52:24.056+05:30  WARN 4824 --- [ORDER-SERVICE] [springCloudBus.anonymous.k7YPYHbOTJ2MiS6Bt0eXtg-505] o.s.a.r.l.SimpleMessageListenerContainer : Consumer raised exception, processing can restart if the connection factory supports it. Exception summary: org.springframework.amqp.AmqpConnectException: java.net.ConnectException: Connection refused: getsockopt
2025-12-17T00:52:24.057+05:30  INFO 4824 --- [ORDER-SERVICE] [springCloudBus.anonymous.k7YPYHbOTJ2MiS6Bt0eXtg-505] o.s.a.r.l.SimpleMessageListenerContainer : Restarting Consumer@11a1aae: tags=[[]], channel=null, acknowledgeMode=AUTO local queue size=0
2025-12-17T00:52:24.060+05:30  INFO 4824 --- [ORDER-SERVICE] [springCloudBus.anonymous.k7YPYHbOTJ2MiS6Bt0eXtg-506] o.s.a.r.c.CachingConnectionFactory       : Attempting to connect to: [localhost:5672]
2025-12-17T00:52:29.196+05:30  WARN 4824 --- [ORDER-SERVICE] [springCloudBus.anonymous.k7YPYHbOTJ2MiS6Bt0eXtg-506] o.s.a.r.l.SimpleMessageListenerContainer : Consumer raised exception, processing can restart if the connection factory supports it. Exception summary: org.springframework.amqp.AmqpConnectException: java.net.ConnectException: Connection refused: getsockopt
2025-12-17T00:52:29.197+05:30  INFO 4824 --- [ORDER-SERVICE] [springCloudBus.anonymous.k7YPYHbOTJ2MiS6Bt0eXtg-506] o.s.a.r.l.SimpleMessageListenerContainer : Restarting Consumer@5d9ecb84: tags=[[]], channel=null, acknowledgeMode=AUTO local queue size=0
2025-12-17T00:52:29.199+05:30  INFO 4824 --- [ORDER-SERVICE] [springCloudBus.anonymous.k7YPYHbOTJ2MiS6Bt0eXtg-507] o.s.a.r.c.CachingConnectionFactory       : Attempting to connect to: [localhost:5672]
2025-12-17T00:52:34.257+05:30  WARN 4824 --- [ORDER-SERVICE] [springCloudBus.anonymous.k7YPYHbOTJ2MiS6Bt0eXtg-507] o.s.a.r.l.SimpleMessageListenerContainer : Consumer raised exception, processing can restart if the connection factory supports it. Exception summary: org.springframework.amqp.AmqpConnectException: java.net.ConnectException: Connection refused: getsockopt
2025-12-17T00:52:34.257+05:30  INFO 4824 --- [ORDER-SERVICE] [springCloudBus.anonymous.k7YPYHbOTJ2MiS6Bt0eXtg-507] o.s.a.r.l.SimpleMessageListenerContainer : Restarting Consumer@60d50339: tags=[[]], channel=null, acknowledgeMode=AUTO local queue size=0
2025-12-17T00:52:34.260+05:30  INFO 4824 --- [ORDER-SERVICE] [springCloudBus.anonymous.k7YPYHbOTJ2MiS6Bt0eXtg-508] o.s.a.r.c.CachingConnectionFactory       : Attempting to connect to: [localhost:5672]
2025-12-17T00:52:39.363+05:30  WARN 4824 --- [ORDER-SERVICE] [springCloudBus.anonymous.k7YPYHbOTJ2MiS6Bt0eXtg-508] o.s.a.r.l.SimpleMessageListenerContainer : Consumer raised exception, processing can restart if the connection factory supports it. Exception summary: org.springframework.amqp.AmqpConnectException: java.net.ConnectException: Connection refused: getsockopt
2025-12-17T00:52:39.364+05:30  INFO 4824 --- [ORDER-SERVICE] [springCloudBus.anonymous.k7YPYHbOTJ2MiS6Bt0eXtg-508] o.s.a.r.l.SimpleMessageListenerContainer : Restarting Consumer@3db5ffde: tags=[[]], channel=null, acknowledgeMode=AUTO local queue size=0
2025-12-17T00:52:39.368+05:30  INFO 4824 --- [ORDER-SERVICE] [springCloudBus.anonymous.k7YPYHbOTJ2MiS6Bt0eXtg-509] o.s.a.r.c.CachingConnectionFactory       : Attempting to connect to: [localhost:5672]
2025-12-17T00:52:44.442+05:30  WARN 4824 --- [ORDER-SERVICE] [springCloudBus.anonymous.k7YPYHbOTJ2MiS6Bt0eXtg-509] o.s.a.r.l.SimpleMessageListenerContainer : Consumer raised exception, processing can restart if the connection factory supports it. Exception summary: org.springframework.amqp.AmqpConnectException: java.net.ConnectException: Connection refused: getsockopt
2025-12-17T00:52:44.442+05:30  INFO 4824 --- [ORDER-SERVICE] [springCloudBus.anonymous.k7YPYHbOTJ2MiS6Bt0eXtg-509] o.s.a.r.l.SimpleMessageListenerContainer : Restarting Consumer@44f4dd6: tags=[[]], channel=null, acknowledgeMode=AUTO local queue size=0
2025-12-17T00:52:44.445+05:30  INFO 4824 --- [ORDER-SERVICE] [springCloudBus.anonymous.k7YPYHbOTJ2MiS6Bt0eXtg-510] o.s.a.r.c.CachingConnectionFactory       : Attempting to connect to: [localhost:5672]
2025-12-17T00:52:49.542+05:30  WARN 4824 --- [ORDER-SERVICE] [springCloudBus.anonymous.k7YPYHbOTJ2MiS6Bt0eXtg-510] o.s.a.r.l.SimpleMessageListenerContainer : Consumer raised exception, processing can restart if the connection factory supports it. Exception summary: org.springframework.amqp.AmqpConnectException: java.net.ConnectException: Connection refused: getsockopt
2025-12-17T00:52:49.542+05:30  INFO 4824 --- [ORDER-SERVICE] [springCloudBus.anonymous.k7YPYHbOTJ2MiS6Bt0eXtg-510] o.s.a.r.l.SimpleMessageListenerContainer : Restarting Consumer@51818b38: tags=[[]], channel=null, acknowledgeMode=AUTO local queue size=0
2025-12-17T00:52:49.544+05:30  INFO 4824 --- [ORDER-SERVICE] [springCloudBus.anonymous.k7YPYHbOTJ2MiS6Bt0eXtg-511] o.s.a.r.c.CachingConnectionFactory       : Attempting to connect to: [localhost:5672]
2025-12-17T00:52:54.632+05:30  WARN 4824 --- [ORDER-SERVICE] [springCloudBus.anonymous.k7YPYHbOTJ2MiS6Bt0eXtg-511] o.s.a.r.l.SimpleMessageListenerContainer : Consumer raised exception, processing can restart if the connection factory supports it. Exception summary: org.springframework.amqp.AmqpConnectException: java.net.ConnectException: Connection refused: getsockopt
2025-12-17T00:52:54.633+05:30  INFO 4824 --- [ORDER-SERVICE] [springCloudBus.anonymous.k7YPYHbOTJ2MiS6Bt0eXtg-511] o.s.a.r.l.SimpleMessageListenerContainer : Restarting Consumer@2379db48: tags=[[]], channel=null, acknowledgeMode=AUTO local queue size=0
2025-12-17T00:52:54.635+05:30  INFO 4824 --- [ORDER-SERVICE] [springCloudBus.anonymous.k7YPYHbOTJ2MiS6Bt0eXtg-512] o.s.a.r.c.CachingConnectionFactory       : Attempting to connect to: [localhost:5672]
2025-12-17T00:52:59.704+05:30  WARN 4824 --- [ORDER-SERVICE] [springCloudBus.anonymous.k7YPYHbOTJ2MiS6Bt0eXtg-512] o.s.a.r.l.SimpleMessageListenerContainer : Consumer raised exception, processing can restart if the connection factory supports it. Exception summary: org.springframework.amqp.AmqpConnectException: java.net.ConnectException: Connection refused: getsockopt
2025-12-17T00:52:59.705+05:30  INFO 4824 --- [ORDER-SERVICE] [springCloudBus.anonymous.k7YPYHbOTJ2MiS6Bt0eXtg-512] o.s.a.r.l.SimpleMessageListenerContainer : Restarting Consumer@908af45: tags=[[]], channel=null, acknowledgeMode=AUTO local queue size=0
2025-12-17T00:52:59.712+05:30  INFO 4824 --- [ORDER-SERVICE] [springCloudBus.anonymous.k7YPYHbOTJ2MiS6Bt0eXtg-513] o.s.a.r.c.CachingConnectionFactory       : Attempting to connect to: [localhost:5672]
2025-12-17T00:53:04.803+05:30  WARN 4824 --- [ORDER-SERVICE] [springCloudBus.anonymous.k7YPYHbOTJ2MiS6Bt0eXtg-513] o.s.a.r.l.SimpleMessageListenerContainer : Consumer raised exception, processing can restart if the connection factory supports it. Exception summary: org.springframework.amqp.AmqpConnectException: java.net.ConnectException: Connection refused: getsockopt
2025-12-17T00:53:04.804+05:30  INFO 4824 --- [ORDER-SERVICE] [springCloudBus.anonymous.k7YPYHbOTJ2MiS6Bt0eXtg-513] o.s.a.r.l.SimpleMessageListenerContainer : Restarting Consumer@46c6bc67: tags=[[]], channel=null, acknowledgeMode=AUTO local queue size=0
2025-12-17T00:53:04.808+05:30  INFO 4824 --- [ORDER-SERVICE] [springCloudBus.anonymous.k7YPYHbOTJ2MiS6Bt0eXtg-514] o.s.a.r.c.CachingConnectionFactory       : Attempting to connect to: [localhost:5672]
2025-12-17T00:53:09.907+05:30  WARN 4824 --- [ORDER-SERVICE] [springCloudBus.anonymous.k7YPYHbOTJ2MiS6Bt0eXtg-514] o.s.a.r.l.SimpleMessageListenerContainer : Consumer raised exception, processing can restart if the connection factory supports it. Exception summary: org.springframework.amqp.AmqpConnectException: java.net.ConnectException: Connection refused: getsockopt
2025-12-17T00:53:09.909+05:30  INFO 4824 --- [ORDER-SERVICE] [springCloudBus.anonymous.k7YPYHbOTJ2MiS6Bt0eXtg-514] o.s.a.r.l.SimpleMessageListenerContainer : Restarting Consumer@680a4f46: tags=[[]], channel=null, acknowledgeMode=AUTO local queue size=0
2025-12-17T00:53:09.912+05:30  INFO 4824 --- [ORDER-SERVICE] [springCloudBus.anonymous.k7YPYHbOTJ2MiS6Bt0eXtg-515] o.s.a.r.c.CachingConnectionFactory       : Attempting to connect to: [localhost:5672]
2025-12-17T00:53:15.000+05:30  WARN 4824 --- [ORDER-SERVICE] [springCloudBus.anonymous.k7YPYHbOTJ2MiS6Bt0eXtg-515] o.s.a.r.l.SimpleMessageListenerContainer : Consumer raised exception, processing can restart if the connection factory supports it. Exception summary: org.springframework.amqp.AmqpConnectException: java.net.ConnectException: Connection refused: getsockopt
2025-12-17T00:53:15.001+05:30  INFO 4824 --- [ORDER-SERVICE] [springCloudBus.anonymous.k7YPYHbOTJ2MiS6Bt0eXtg-515] o.s.a.r.l.SimpleMessageListenerContainer : Restarting Consumer@7c12d3b6: tags=[[]], channel=null, acknowledgeMode=AUTO local queue size=0
2025-12-17T00:53:15.003+05:30  INFO 4824 --- [ORDER-SERVICE] [springCloudBus.anonymous.k7YPYHbOTJ2MiS6Bt0eXtg-516] o.s.a.r.c.CachingConnectionFactory       : Attempting to connect to: [localhost:5672]
2025-12-17T00:53:20.138+05:30  WARN 4824 --- [ORDER-SERVICE] [springCloudBus.anonymous.k7YPYHbOTJ2MiS6Bt0eXtg-516] o.s.a.r.l.SimpleMessageListenerContainer : Consumer raised exception, processing can restart if the connection factory supports it. Exception summary: org.springframework.amqp.AmqpConnectException: java.net.ConnectException: Connection refused: getsockopt
2025-12-17T00:53:20.138+05:30  INFO 4824 --- [ORDER-SERVICE] [springCloudBus.anonymous.k7YPYHbOTJ2MiS6Bt0eXtg-516] o.s.a.r.l.SimpleMessageListenerContainer : Restarting Consumer@223a9795: tags=[[]], channel=null, acknowledgeMode=AUTO local queue size=0
2025-12-17T00:53:20.141+05:30  INFO 4824 --- [ORDER-SERVICE] [springCloudBus.anonymous.k7YPYHbOTJ2MiS6Bt0eXtg-517] o.s.a.r.c.CachingConnectionFactory       : Attempting to connect to: [localhost:5672]
2025-12-17T00:53:25.240+05:30  WARN 4824 --- [ORDER-SERVICE] [springCloudBus.anonymous.k7YPYHbOTJ2MiS6Bt0eXtg-517] o.s.a.r.l.SimpleMessageListenerContainer : Consumer raised exception, processing can restart if the connection factory supports it. Exception summary: org.springframework.amqp.AmqpConnectException: java.net.ConnectException: Connection refused: getsockopt
2025-12-17T00:53:25.241+05:30  INFO 4824 --- [ORDER-SERVICE] [springCloudBus.anonymous.k7YPYHbOTJ2MiS6Bt0eXtg-517] o.s.a.r.l.SimpleMessageListenerContainer : Restarting Consumer@4a3b99b7: tags=[[]], channel=null, acknowledgeMode=AUTO local queue size=0
2025-12-17T00:53:25.251+05:30  INFO 4824 --- [ORDER-SERVICE] [springCloudBus.anonymous.k7YPYHbOTJ2MiS6Bt0eXtg-518] o.s.a.r.c.CachingConnectionFactory       : Attempting to connect to: [localhost:5672]
2025-12-17T00:53:25.281+05:30  INFO 4824 --- [ORDER-SERVICE] [SpringApplicationShutdownHook] o.s.c.n.e.s.EurekaServiceRegistry        : Unregistering application ORDER-SERVICE with eureka with status DOWN
2025-12-17T00:53:25.281+05:30  INFO 4824 --- [ORDER-SERVICE] [SpringApplicationShutdownHook] com.netflix.discovery.DiscoveryClient    : Saw local status change event StatusChangeEvent [timestamp=1765913005281, current=DOWN, previous=UP]
2025-12-17T00:53:25.281+05:30  INFO 4824 --- [ORDER-SERVICE] [DiscoveryClient-InstanceInfoReplicator-%d] com.netflix.discovery.DiscoveryClient    : DiscoveryClient_ORDER-SERVICE/FON-LAP-52.mshome.net:ORDER-SERVICE:8083: registering service...
2025-12-17T00:53:25.301+05:30  INFO 4824 --- [ORDER-SERVICE] [SpringApplicationShutdownHook] o.s.b.w.e.tomcat.GracefulShutdown        : Commencing graceful shutdown. Waiting for active requests to complete
2025-12-17T00:53:25.304+05:30  INFO 4824 --- [ORDER-SERVICE] [DiscoveryClient-InstanceInfoReplicator-%d] com.netflix.discovery.DiscoveryClient    : DiscoveryClient_ORDER-SERVICE/FON-LAP-52.mshome.net:ORDER-SERVICE:8083 - registration status: 204
2025-12-17T00:53:25.327+05:30  INFO 4824 --- [ORDER-SERVICE] [tomcat-shutdown] o.s.b.w.e.tomcat.GracefulShutdown        : Graceful shutdown complete
2025-12-17T00:53:25.336+05:30  INFO 4824 --- [ORDER-SERVICE] [SpringApplicationShutdownHook] o.s.a.r.l.SimpleMessageListenerContainer : Waiting for workers to finish.
2025-12-17T00:53:25.336+05:30  INFO 4824 --- [ORDER-SERVICE] [SpringApplicationShutdownHook] o.s.a.r.l.SimpleMessageListenerContainer : Successfully waited for workers to finish.
2025-12-17T00:53:25.336+05:30  INFO 4824 --- [ORDER-SERVICE] [SpringApplicationShutdownHook] o.s.i.a.i.AmqpInboundChannelAdapter      : stopped bean 'inbound.springCloudBus.anonymous.k7YPYHbOTJ2MiS6Bt0eXtg'
2025-12-17T00:53:25.341+05:30  INFO 4824 --- [ORDER-SERVICE] [SpringApplicationShutdownHook] o.s.c.stream.binder.BinderErrorChannel   : Channel 'ORDER-SERVICE.rabbit-104113058.springCloudBusInput.errors' has 1 subscriber(s).
2025-12-17T00:53:25.344+05:30  INFO 4824 --- [ORDER-SERVICE] [SpringApplicationShutdownHook] o.s.c.stream.binder.BinderErrorChannel   : Channel 'ORDER-SERVICE.rabbit-104113058.springCloudBusInput.errors' has 0 subscriber(s).
2025-12-17T00:53:25.442+05:30  INFO 4824 --- [ORDER-SERVICE] [SpringApplicationShutdownHook] o.s.i.endpoint.EventDrivenConsumer       : Removing {logging-channel-adapter:_org.springframework.integration.errorLogger} as a subscriber to the 'errorChannel' channel
2025-12-17T00:53:25.442+05:30  INFO 4824 --- [ORDER-SERVICE] [SpringApplicationShutdownHook] o.s.i.channel.PublishSubscribeChannel    : Channel 'ORDER-SERVICE.errorChannel' has 0 subscriber(s).
2025-12-17T00:53:25.443+05:30  INFO 4824 --- [ORDER-SERVICE] [SpringApplicationShutdownHook] o.s.i.endpoint.EventDrivenConsumer       : stopped bean '_org.springframework.integration.errorLogger'
2025-12-17T00:53:25.466+05:30  INFO 4824 --- [ORDER-SERVICE] [SpringApplicationShutdownHook] j.LocalContainerEntityManagerFactoryBean : Closing JPA EntityManagerFactory for persistence unit 'default'
2025-12-17T00:53:25.478+05:30  INFO 4824 --- [ORDER-SERVICE] [SpringApplicationShutdownHook] com.zaxxer.hikari.HikariDataSource       : HikariPool-1 - Shutdown initiated...
2025-12-17T00:53:25.485+05:30  INFO 4824 --- [ORDER-SERVICE] [SpringApplicationShutdownHook] com.zaxxer.hikari.HikariDataSource       : HikariPool-1 - Shutdown completed.
2025-12-17T00:53:25.487+05:30  INFO 4824 --- [ORDER-SERVICE] [SpringApplicationShutdownHook] com.netflix.discovery.DiscoveryClient    : Shutting down DiscoveryClient ...
2025-12-17T00:53:28.492+05:30  INFO 4824 --- [ORDER-SERVICE] [SpringApplicationShutdownHook] com.netflix.discovery.DiscoveryClient    : Unregistering ...
2025-12-17T00:53:28.519+05:30  INFO 4824 --- [ORDER-SERVICE] [SpringApplicationShutdownHook] c.n.d.s.t.d.RedirectingEurekaHttpClient  : Request execution error. endpoint=DefaultEndpoint{ serviceUrl='http://localhost:8761/eureka/} exception=I/O error on DELETE request for "http://localhost:8761/eureka/apps/ORDER-SERVICE/FON-LAP-52.mshome.net:ORDER-SERVICE:8083": Connect to http://localhost:8761 failed: Connection refused: getsockopt stacktrace=org.springframework.web.client.ResourceAccessException: I/O error on DELETE request for "http://localhost:8761/eureka/apps/ORDER-SERVICE/FON-LAP-52.mshome.net:ORDER-SERVICE:8083": Connect to http://localhost:8761 failed: Connection refused: getsockopt
	at org.springframework.web.client.RestTemplate.createResourceAccessException(RestTemplate.java:926)
	at org.springframework.web.client.RestTemplate.doExecute(RestTemplate.java:906)
	at org.springframework.web.client.RestTemplate.execute(RestTemplate.java:841)
	at org.springframework.web.client.RestTemplate.exchange(RestTemplate.java:702)
	at org.springframework.cloud.netflix.eureka.http.RestTemplateEurekaHttpClient.cancel(RestTemplateEurekaHttpClient.java:100)
	at com.netflix.discovery.shared.transport.decorator.EurekaHttpClientDecorator$2.execute(EurekaHttpClientDecorator.java:74)
	at com.netflix.discovery.shared.transport.decorator.RedirectingEurekaHttpClient.execute(RedirectingEurekaHttpClient.java:91)
	at com.netflix.discovery.shared.transport.decorator.EurekaHttpClientDecorator.cancel(EurekaHttpClientDecorator.java:71)
	at com.netflix.discovery.shared.transport.decorator.EurekaHttpClientDecorator$2.execute(EurekaHttpClientDecorator.java:74)
	at com.netflix.discovery.shared.transport.decorator.RetryableEurekaHttpClient.execute(RetryableEurekaHttpClient.java:120)
	at com.netflix.discovery.shared.transport.decorator.EurekaHttpClientDecorator.cancel(EurekaHttpClientDecorator.java:71)
	at com.netflix.discovery.shared.transport.decorator.EurekaHttpClientDecorator$2.execute(EurekaHttpClientDecorator.java:74)
	at com.netflix.discovery.shared.transport.decorator.SessionedEurekaHttpClient.execute(SessionedEurekaHttpClient.java:76)
	at com.netflix.discovery.shared.transport.decorator.EurekaHttpClientDecorator.cancel(EurekaHttpClientDecorator.java:71)
	at com.netflix.discovery.DiscoveryClient.unregister(DiscoveryClient.java:919)
	at com.netflix.discovery.DiscoveryClient.shutdown(DiscoveryClient.java:900)
	at java.base/jdk.internal.reflect.DirectMethodHandleAccessor.invoke(DirectMethodHandleAccessor.java:103)
	at java.base/java.lang.reflect.Method.invoke(Method.java:580)
	at org.springframework.beans.factory.annotation.InitDestroyAnnotationBeanPostProcessor$LifecycleMethod.invoke(InitDestroyAnnotationBeanPostProcessor.java:457)
	at org.springframework.beans.factory.annotation.InitDestroyAnnotationBeanPostProcessor$LifecycleMetadata.invokeDestroyMethods(InitDestroyAnnotationBeanPostProcessor.java:415)
	at org.springframework.beans.factory.annotation.InitDestroyAnnotationBeanPostProcessor.postProcessBeforeDestruction(InitDestroyAnnotationBeanPostProcessor.java:239)
	at org.springframework.beans.factory.support.DisposableBeanAdapter.destroy(DisposableBeanAdapter.java:203)
	at org.springframework.beans.factory.support.DisposableBeanAdapter.run(DisposableBeanAdapter.java:196)
	at org.springframework.cloud.context.scope.GenericScope$BeanLifecycleWrapper.destroy(GenericScope.java:387)
	at org.springframework.cloud.context.scope.GenericScope.destroy(GenericScope.java:134)
	at org.springframework.beans.factory.support.DisposableBeanAdapter.destroy(DisposableBeanAdapter.java:212)
	at org.springframework.beans.factory.support.DefaultSingletonBeanRegistry.destroyBean(DefaultSingletonBeanRegistry.java:798)
	at org.springframework.beans.factory.support.DefaultSingletonBeanRegistry.destroySingleton(DefaultSingletonBeanRegistry.java:748)
	at org.springframework.beans.factory.support.DefaultListableBeanFactory.destroySingleton(DefaultListableBeanFactory.java:1489)
	at org.springframework.beans.factory.support.DefaultSingletonBeanRegistry.destroySingletons(DefaultSingletonBeanRegistry.java:707)
	at org.springframework.beans.factory.support.DefaultListableBeanFactory.destroySingletons(DefaultListableBeanFactory.java:1482)
	at org.springframework.context.support.AbstractApplicationContext.destroyBeans(AbstractApplicationContext.java:1219)
	at org.springframework.context.support.AbstractApplicationContext.doClose(AbstractApplicationContext.java:1180)
	at org.springframework.boot.web.servlet.context.ServletWebServerApplicationContext.doClose(ServletWebServerApplicationContext.java:179)
	at org.springframework.context.support.AbstractApplicationContext.close(AbstractApplicationContext.java:1126)
	at org.springframework.boot.SpringApplicationShutdownHook.closeAndWait(SpringApplicationShutdownHook.java:147)
	at java.base/java.lang.Iterable.forEach(Iterable.java:75)
	at org.springframework.boot.SpringApplicationShutdownHook.run(SpringApplicationShutdownHook.java:116)
	at java.base/java.lang.Thread.run(Thread.java:1583)
Caused by: org.apache.hc.client5.http.HttpHostConnectException: Connect to http://localhost:8761 failed: Connection refused: getsockopt
	at java.base/sun.nio.ch.Net.pollConnect(Native Method)
	at java.base/sun.nio.ch.Net.pollConnectNow(Net.java:682)
	at java.base/sun.nio.ch.NioSocketImpl.timedFinishConnect(NioSocketImpl.java:542)
	at java.base/sun.nio.ch.NioSocketImpl.connect(NioSocketImpl.java:592)
	at java.base/java.net.SocksSocketImpl.connect(SocksSocketImpl.java:327)
	at java.base/java.net.Socket.connect(Socket.java:751)
	at org.apache.hc.client5.http.impl.io.DefaultHttpClientConnectionOperator.connect(DefaultHttpClientConnectionOperator.java:205)
	at org.apache.hc.client5.http.impl.io.PoolingHttpClientConnectionManager.connect(PoolingHttpClientConnectionManager.java:490)
	at org.apache.hc.client5.http.impl.classic.InternalExecRuntime.connectEndpoint(InternalExecRuntime.java:164)
	at org.apache.hc.client5.http.impl.classic.InternalExecRuntime.connectEndpoint(InternalExecRuntime.java:174)
	at org.apache.hc.client5.http.impl.classic.ConnectExec.execute(ConnectExec.java:144)
	at org.apache.hc.client5.http.impl.classic.ExecChainElement.execute(ExecChainElement.java:51)
	at org.apache.hc.client5.http.impl.classic.ProtocolExec.execute(ProtocolExec.java:195)
	at org.apache.hc.client5.http.impl.classic.ExecChainElement.execute(ExecChainElement.java:51)
	at org.apache.hc.client5.http.impl.classic.ContentCompressionExec.execute(ContentCompressionExec.java:150)
	at org.apache.hc.client5.http.impl.classic.ExecChainElement.execute(ExecChainElement.java:51)
	at org.apache.hc.client5.http.impl.classic.HttpRequestRetryExec.execute(HttpRequestRetryExec.java:113)
	at org.apache.hc.client5.http.impl.classic.ExecChainElement.execute(ExecChainElement.java:51)
	at org.apache.hc.client5.http.impl.classic.RedirectExec.execute(RedirectExec.java:110)
	at org.apache.hc.client5.http.impl.classic.ExecChainElement.execute(ExecChainElement.java:51)
	at org.apache.hc.client5.http.impl.classic.InternalHttpClient.doExecute(InternalHttpClient.java:185)
	at org.apache.hc.client5.http.impl.classic.CloseableHttpClient.execute(CloseableHttpClient.java:87)
	at org.apache.hc.client5.http.impl.classic.CloseableHttpClient.execute(CloseableHttpClient.java:55)
	at org.apache.hc.client5.http.classic.HttpClient.executeOpen(HttpClient.java:183)
	at org.springframework.http.client.HttpComponentsClientHttpRequest.executeInternal(HttpComponentsClientHttpRequest.java:99)
	at org.springframework.http.client.AbstractStreamingClientHttpRequest.executeInternal(AbstractStreamingClientHttpRequest.java:71)
	at org.springframework.http.client.AbstractClientHttpRequest.execute(AbstractClientHttpRequest.java:81)
	at org.springframework.http.client.InterceptingClientHttpRequest$InterceptingRequestExecution.execute(InterceptingClientHttpRequest.java:117)
	at org.springframework.cloud.netflix.eureka.http.RestTemplateTransportClientFactory.lambda$restTemplate$2(RestTemplateTransportClientFactory.java:145)
	at org.springframework.http.client.InterceptingClientHttpRequest$InterceptingRequestExecution.execute(InterceptingClientHttpRequest.java:88)
	at org.springframework.http.client.InterceptingClientHttpRequest.executeInternal(InterceptingClientHttpRequest.java:72)
	at org.springframework.http.client.AbstractBufferingClientHttpRequest.executeInternal(AbstractBufferingClientHttpRequest.java:48)
	at org.springframework.http.client.AbstractClientHttpRequest.execute(AbstractClientHttpRequest.java:81)
	at org.springframework.web.client.RestTemplate.doExecute(RestTemplate.java:900)
	... 37 more

2025-12-17T00:53:28.519+05:30  WARN 4824 --- [ORDER-SERVICE] [SpringApplicationShutdownHook] c.n.d.s.t.d.RetryableEurekaHttpClient    : Request execution failed with message: I/O error on DELETE request for "http://localhost:8761/eureka/apps/ORDER-SERVICE/FON-LAP-52.mshome.net:ORDER-SERVICE:8083": Connect to http://localhost:8761 failed: Connection refused: getsockopt
2025-12-17T00:53:28.529+05:30  INFO 4824 --- [ORDER-SERVICE] [SpringApplicationShutdownHook] c.n.d.s.t.d.RedirectingEurekaHttpClient  : Request execution error. endpoint=DefaultEndpoint{ serviceUrl='http://localhost:8761/eureka/}, exception=I/O error on DELETE request for "http://localhost:8761/eureka/apps/ORDER-SERVICE/FON-LAP-52.mshome.net:ORDER-SERVICE:8083": Connect to http://localhost:8761 failed: Connection refused: getsockopt stacktrace=org.springframework.web.client.ResourceAccessException: I/O error on DELETE request for "http://localhost:8761/eureka/apps/ORDER-SERVICE/FON-LAP-52.mshome.net:ORDER-SERVICE:8083": Connect to http://localhost:8761 failed: Connection refused: getsockopt
	at org.springframework.web.client.RestTemplate.createResourceAccessException(RestTemplate.java:926)
	at org.springframework.web.client.RestTemplate.doExecute(RestTemplate.java:906)
	at org.springframework.web.client.RestTemplate.execute(RestTemplate.java:841)
	at org.springframework.web.client.RestTemplate.exchange(RestTemplate.java:702)
	at org.springframework.cloud.netflix.eureka.http.RestTemplateEurekaHttpClient.cancel(RestTemplateEurekaHttpClient.java:100)
	at com.netflix.discovery.shared.transport.decorator.EurekaHttpClientDecorator$2.execute(EurekaHttpClientDecorator.java:74)
	at com.netflix.discovery.shared.transport.decorator.RedirectingEurekaHttpClient.executeOnNewServer(RedirectingEurekaHttpClient.java:121)
	at com.netflix.discovery.shared.transport.decorator.RedirectingEurekaHttpClient.execute(RedirectingEurekaHttpClient.java:80)
	at com.netflix.discovery.shared.transport.decorator.EurekaHttpClientDecorator.cancel(EurekaHttpClientDecorator.java:71)
	at com.netflix.discovery.shared.transport.decorator.EurekaHttpClientDecorator$2.execute(EurekaHttpClientDecorator.java:74)
	at com.netflix.discovery.shared.transport.decorator.RetryableEurekaHttpClient.execute(RetryableEurekaHttpClient.java:120)
	at com.netflix.discovery.shared.transport.decorator.EurekaHttpClientDecorator.cancel(EurekaHttpClientDecorator.java:71)
	at com.netflix.discovery.shared.transport.decorator.EurekaHttpClientDecorator$2.execute(EurekaHttpClientDecorator.java:74)
	at com.netflix.discovery.shared.transport.decorator.SessionedEurekaHttpClient.execute(SessionedEurekaHttpClient.java:76)
	at com.netflix.discovery.shared.transport.decorator.EurekaHttpClientDecorator.cancel(EurekaHttpClientDecorator.java:71)
	at com.netflix.discovery.DiscoveryClient.unregister(DiscoveryClient.java:919)
	at com.netflix.discovery.DiscoveryClient.shutdown(DiscoveryClient.java:900)
	at java.base/jdk.internal.reflect.DirectMethodHandleAccessor.invoke(DirectMethodHandleAccessor.java:103)
	at java.base/java.lang.reflect.Method.invoke(Method.java:580)
	at org.springframework.beans.factory.annotation.InitDestroyAnnotationBeanPostProcessor$LifecycleMethod.invoke(InitDestroyAnnotationBeanPostProcessor.java:457)
	at org.springframework.beans.factory.annotation.InitDestroyAnnotationBeanPostProcessor$LifecycleMetadata.invokeDestroyMethods(InitDestroyAnnotationBeanPostProcessor.java:415)
	at org.springframework.beans.factory.annotation.InitDestroyAnnotationBeanPostProcessor.postProcessBeforeDestruction(InitDestroyAnnotationBeanPostProcessor.java:239)
	at org.springframework.beans.factory.support.DisposableBeanAdapter.destroy(DisposableBeanAdapter.java:203)
	at org.springframework.beans.factory.support.DisposableBeanAdapter.run(DisposableBeanAdapter.java:196)
	at org.springframework.cloud.context.scope.GenericScope$BeanLifecycleWrapper.destroy(GenericScope.java:387)
	at org.springframework.cloud.context.scope.GenericScope.destroy(GenericScope.java:134)
	at org.springframework.beans.factory.support.DisposableBeanAdapter.destroy(DisposableBeanAdapter.java:212)
	at org.springframework.beans.factory.support.DefaultSingletonBeanRegistry.destroyBean(DefaultSingletonBeanRegistry.java:798)
	at org.springframework.beans.factory.support.DefaultSingletonBeanRegistry.destroySingleton(DefaultSingletonBeanRegistry.java:748)
	at org.springframework.beans.factory.support.DefaultListableBeanFactory.destroySingleton(DefaultListableBeanFactory.java:1489)
	at org.springframework.beans.factory.support.DefaultSingletonBeanRegistry.destroySingletons(DefaultSingletonBeanRegistry.java:707)
	at org.springframework.beans.factory.support.DefaultListableBeanFactory.destroySingletons(DefaultListableBeanFactory.java:1482)
	at org.springframework.context.support.AbstractApplicationContext.destroyBeans(AbstractApplicationContext.java:1219)
	at org.springframework.context.support.AbstractApplicationContext.doClose(AbstractApplicationContext.java:1180)
	at org.springframework.boot.web.servlet.context.ServletWebServerApplicationContext.doClose(ServletWebServerApplicationContext.java:179)
	at org.springframework.context.support.AbstractApplicationContext.close(AbstractApplicationContext.java:1126)
	at org.springframework.boot.SpringApplicationShutdownHook.closeAndWait(SpringApplicationShutdownHook.java:147)
	at java.base/java.lang.Iterable.forEach(Iterable.java:75)
	at org.springframework.boot.SpringApplicationShutdownHook.run(SpringApplicationShutdownHook.java:116)
	at java.base/java.lang.Thread.run(Thread.java:1583)
Caused by: org.apache.hc.client5.http.HttpHostConnectException: Connect to http://localhost:8761 failed: Connection refused: getsockopt
	at java.base/sun.nio.ch.Net.pollConnect(Native Method)
	at java.base/sun.nio.ch.Net.pollConnectNow(Net.java:682)
	at java.base/sun.nio.ch.NioSocketImpl.timedFinishConnect(NioSocketImpl.java:542)
	at java.base/sun.nio.ch.NioSocketImpl.connect(NioSocketImpl.java:592)
	at java.base/java.net.SocksSocketImpl.connect(SocksSocketImpl.java:327)
	at java.base/java.net.Socket.connect(Socket.java:751)
	at org.apache.hc.client5.http.impl.io.DefaultHttpClientConnectionOperator.connect(DefaultHttpClientConnectionOperator.java:205)
	at org.apache.hc.client5.http.impl.io.PoolingHttpClientConnectionManager.connect(PoolingHttpClientConnectionManager.java:490)
	at org.apache.hc.client5.http.impl.classic.InternalExecRuntime.connectEndpoint(InternalExecRuntime.java:164)
	at org.apache.hc.client5.http.impl.classic.InternalExecRuntime.connectEndpoint(InternalExecRuntime.java:174)
	at org.apache.hc.client5.http.impl.classic.ConnectExec.execute(ConnectExec.java:144)
	at org.apache.hc.client5.http.impl.classic.ExecChainElement.execute(ExecChainElement.java:51)
	at org.apache.hc.client5.http.impl.classic.ProtocolExec.execute(ProtocolExec.java:195)
	at org.apache.hc.client5.http.impl.classic.ExecChainElement.execute(ExecChainElement.java:51)
	at org.apache.hc.client5.http.impl.classic.ContentCompressionExec.execute(ContentCompressionExec.java:150)
	at org.apache.hc.client5.http.impl.classic.ExecChainElement.execute(ExecChainElement.java:51)
	at org.apache.hc.client5.http.impl.classic.HttpRequestRetryExec.execute(HttpRequestRetryExec.java:113)
	at org.apache.hc.client5.http.impl.classic.ExecChainElement.execute(ExecChainElement.java:51)
	at org.apache.hc.client5.http.impl.classic.RedirectExec.execute(RedirectExec.java:110)
	at org.apache.hc.client5.http.impl.classic.ExecChainElement.execute(ExecChainElement.java:51)
	at org.apache.hc.client5.http.impl.classic.InternalHttpClient.doExecute(InternalHttpClient.java:185)
	at org.apache.hc.client5.http.impl.classic.CloseableHttpClient.execute(CloseableHttpClient.java:87)
	at org.apache.hc.client5.http.impl.classic.CloseableHttpClient.execute(CloseableHttpClient.java:55)
	at org.apache.hc.client5.http.classic.HttpClient.executeOpen(HttpClient.java:183)
	at org.springframework.http.client.HttpComponentsClientHttpRequest.executeInternal(HttpComponentsClientHttpRequest.java:99)
	at org.springframework.http.client.AbstractStreamingClientHttpRequest.executeInternal(AbstractStreamingClientHttpRequest.java:71)
	at org.springframework.http.client.AbstractClientHttpRequest.execute(AbstractClientHttpRequest.java:81)
	at org.springframework.http.client.InterceptingClientHttpRequest$InterceptingRequestExecution.execute(InterceptingClientHttpRequest.java:117)
	at org.springframework.cloud.netflix.eureka.http.RestTemplateTransportClientFactory.lambda$restTemplate$2(RestTemplateTransportClientFactory.java:145)
	at org.springframework.http.client.InterceptingClientHttpRequest$InterceptingRequestExecution.execute(InterceptingClientHttpRequest.java:88)
	at org.springframework.http.client.InterceptingClientHttpRequest.executeInternal(InterceptingClientHttpRequest.java:72)
	at org.springframework.http.client.AbstractBufferingClientHttpRequest.executeInternal(AbstractBufferingClientHttpRequest.java:48)
	at org.springframework.http.client.AbstractClientHttpRequest.execute(AbstractClientHttpRequest.java:81)
	at org.springframework.web.client.RestTemplate.doExecute(RestTemplate.java:900)
	... 38 more

2025-12-17T00:53:28.529+05:30  WARN 4824 --- [ORDER-SERVICE] [SpringApplicationShutdownHook] c.n.d.s.t.d.RetryableEurekaHttpClient    : Request execution failed with message: I/O error on DELETE request for "http://localhost:8761/eureka/apps/ORDER-SERVICE/FON-LAP-52.mshome.net:ORDER-SERVICE:8083": Connect to http://localhost:8761 failed: Connection refused: getsockopt
2025-12-17T00:53:28.529+05:30 ERROR 4824 --- [ORDER-SERVICE] [SpringApplicationShutdownHook] com.netflix.discovery.DiscoveryClient    : DiscoveryClient_ORDER-SERVICE/FON-LAP-52.mshome.net:ORDER-SERVICE:8083 - de-registration failedCannot execute request on any known server

com.netflix.discovery.shared.transport.TransportException: Cannot execute request on any known server
	at com.netflix.discovery.shared.transport.decorator.RetryableEurekaHttpClient.execute(RetryableEurekaHttpClient.java:112) ~[eureka-client-2.0.4.jar:2.0.4]
	at com.netflix.discovery.shared.transport.decorator.EurekaHttpClientDecorator.cancel(EurekaHttpClientDecorator.java:71) ~[eureka-client-2.0.4.jar:2.0.4]
	at com.netflix.discovery.shared.transport.decorator.EurekaHttpClientDecorator$2.execute(EurekaHttpClientDecorator.java:74) ~[eureka-client-2.0.4.jar:2.0.4]
	at com.netflix.discovery.shared.transport.decorator.SessionedEurekaHttpClient.execute(SessionedEurekaHttpClient.java:76) ~[eureka-client-2.0.4.jar:2.0.4]
	at com.netflix.discovery.shared.transport.decorator.EurekaHttpClientDecorator.cancel(EurekaHttpClientDecorator.java:71) ~[eureka-client-2.0.4.jar:2.0.4]
	at com.netflix.discovery.DiscoveryClient.unregister(DiscoveryClient.java:919) ~[eureka-client-2.0.4.jar:2.0.4]
	at com.netflix.discovery.DiscoveryClient.shutdown(DiscoveryClient.java:900) ~[eureka-client-2.0.4.jar:2.0.4]
	at java.base/jdk.internal.reflect.DirectMethodHandleAccessor.invoke(DirectMethodHandleAccessor.java:103) ~[na:na]
	at java.base/java.lang.reflect.Method.invoke(Method.java:580) ~[na:na]
	at org.springframework.beans.factory.annotation.InitDestroyAnnotationBeanPostProcessor$LifecycleMethod.invoke(InitDestroyAnnotationBeanPostProcessor.java:457) ~[spring-beans-6.2.11.jar:6.2.11]
	at org.springframework.beans.factory.annotation.InitDestroyAnnotationBeanPostProcessor$LifecycleMetadata.invokeDestroyMethods(InitDestroyAnnotationBeanPostProcessor.java:415) ~[spring-beans-6.2.11.jar:6.2.11]
	at org.springframework.beans.factory.annotation.InitDestroyAnnotationBeanPostProcessor.postProcessBeforeDestruction(InitDestroyAnnotationBeanPostProcessor.java:239) ~[spring-beans-6.2.11.jar:6.2.11]
	at org.springframework.beans.factory.support.DisposableBeanAdapter.destroy(DisposableBeanAdapter.java:203) ~[spring-beans-6.2.11.jar:6.2.11]
	at org.springframework.beans.factory.support.DisposableBeanAdapter.run(DisposableBeanAdapter.java:196) ~[spring-beans-6.2.11.jar:6.2.11]
	at org.springframework.cloud.context.scope.GenericScope$BeanLifecycleWrapper.destroy(GenericScope.java:387) ~[spring-cloud-context-4.3.0.jar:4.3.0]
	at org.springframework.cloud.context.scope.GenericScope.destroy(GenericScope.java:134) ~[spring-cloud-context-4.3.0.jar:4.3.0]
	at org.springframework.beans.factory.support.DisposableBeanAdapter.destroy(DisposableBeanAdapter.java:212) ~[spring-beans-6.2.11.jar:6.2.11]
	at org.springframework.beans.factory.support.DefaultSingletonBeanRegistry.destroyBean(DefaultSingletonBeanRegistry.java:798) ~[spring-beans-6.2.11.jar:6.2.11]
	at org.springframework.beans.factory.support.DefaultSingletonBeanRegistry.destroySingleton(DefaultSingletonBeanRegistry.java:748) ~[spring-beans-6.2.11.jar:6.2.11]
	at org.springframework.beans.factory.support.DefaultListableBeanFactory.destroySingleton(DefaultListableBeanFactory.java:1489) ~[spring-beans-6.2.11.jar:6.2.11]
	at org.springframework.beans.factory.support.DefaultSingletonBeanRegistry.destroySingletons(DefaultSingletonBeanRegistry.java:707) ~[spring-beans-6.2.11.jar:6.2.11]
	at org.springframework.beans.factory.support.DefaultListableBeanFactory.destroySingletons(DefaultListableBeanFactory.java:1482) ~[spring-beans-6.2.11.jar:6.2.11]
	at org.springframework.context.support.AbstractApplicationContext.destroyBeans(AbstractApplicationContext.java:1219) ~[spring-context-6.2.11.jar:6.2.11]
	at org.springframework.context.support.AbstractApplicationContext.doClose(AbstractApplicationContext.java:1180) ~[spring-context-6.2.11.jar:6.2.11]
	at org.springframework.boot.web.servlet.context.ServletWebServerApplicationContext.doClose(ServletWebServerApplicationContext.java:179) ~[spring-boot-3.5.6.jar:3.5.6]
	at org.springframework.context.support.AbstractApplicationContext.close(AbstractApplicationContext.java:1126) ~[spring-context-6.2.11.jar:6.2.11]
	at org.springframework.boot.SpringApplicationShutdownHook.closeAndWait(SpringApplicationShutdownHook.java:147) ~[spring-boot-3.5.6.jar:3.5.6]
	at java.base/java.lang.Iterable.forEach(Iterable.java:75) ~[na:na]
	at org.springframework.boot.SpringApplicationShutdownHook.run(SpringApplicationShutdownHook.java:116) ~[spring-boot-3.5.6.jar:3.5.6]
	at java.base/java.lang.Thread.run(Thread.java:1583) ~[na:na]

2025-12-17T00:53:28.536+05:30  INFO 4824 --- [ORDER-SERVICE] [SpringApplicationShutdownHook] com.netflix.discovery.DiscoveryClient    : Completed shut down of DiscoveryClient
